center_id,meal_id,total_obs,non_zero_obs,ADI,CV2,SBC
10,1062,145.0,145.0,1.0,0.07514502810739682,Smooth
10,1109,145.0,145.0,1.0,0.1717556536293768,Smooth
10,1198,145.0,145.0,1.0,0.1671053172957832,Smooth
10,1207,145.0,144.0,1.0069444444444444,0.6708629435496161,Erratic
10,1216,145.0,143.0,1.013986013986014,0.16199316623067625,Smooth
10,1230,145.0,145.0,1.0,1.0784645740614938,Erratic
10,1247,145.0,122.0,1.1885245901639345,0.3078718978835338,Smooth
10,1248,145.0,145.0,1.0,0.4226648935894697,Smooth
10,1311,145.0,145.0,1.0,0.1498177624558309,Smooth
10,1438,145.0,143.0,1.013986013986014,0.25048490451083605,Smooth
10,1445,145.0,145.0,1.0,1.2195455313743953,Erratic
10,1525,145.0,137.0,1.0583941605839415,0.10136321852467958,Smooth
10,1543,145.0,145.0,1.0,0.21661912255410723,Smooth
10,1558,145.0,144.0,1.0069444444444444,0.6096689221669137,Erratic
10,1571,145.0,82.0,1.7682926829268293,0.24240790451325742,Intermittent
10,1727,145.0,145.0,1.0,0.4579035009564755,Smooth
10,1754,145.0,145.0,1.0,0.5122706494298577,Erratic
10,1770,145.0,144.0,1.0069444444444444,0.421216385819384,Smooth
10,1778,145.0,145.0,1.0,0.12697407732391652,Smooth
10,1803,145.0,145.0,1.0,0.18326587912766337,Smooth
10,1847,145.0,122.0,1.1885245901639345,0.4230572993104886,Smooth
10,1878,145.0,145.0,1.0,0.39867641639398216,Smooth
10,1885,145.0,145.0,1.0,0.036674407664314984,Smooth
10,1902,145.0,143.0,1.013986013986014,0.24206602210200465,Smooth
10,1962,145.0,145.0,1.0,0.4460098483187755,Smooth
10,1971,145.0,145.0,1.0,1.227913437150737,Erratic
10,1993,145.0,145.0,1.0,0.1392525622819596,Smooth
10,2104,145.0,34.0,4.264705882352941,0.35838860495750324,Intermittent
10,2126,145.0,143.0,1.013986013986014,0.28566410485585275,Smooth
10,2139,145.0,145.0,1.0,0.2340458617221931,Smooth
10,2290,145.0,145.0,1.0,0.6286882291733429,Erratic
10,2304,145.0,142.0,1.0211267605633803,0.19078861808798345,Smooth
10,2306,145.0,145.0,1.0,0.7245072181172969,Erratic
10,2322,145.0,145.0,1.0,0.7575170800099442,Erratic
10,2444,145.0,145.0,1.0,1.1906234351644722,Erratic
10,2490,145.0,123.0,1.1788617886178863,0.7344346446163734,Erratic
10,2492,145.0,145.0,1.0,0.2571789059947329,Smooth
10,2494,145.0,142.0,1.0211267605633803,0.21122880348513856,Smooth
10,2539,145.0,145.0,1.0,0.11867730731152325,Smooth
10,2569,145.0,119.0,1.218487394957983,0.23409926992592126,Smooth
10,2577,145.0,145.0,1.0,0.10742219172482993,Smooth
10,2581,145.0,145.0,1.0,0.42050942933538127,Smooth
10,2631,145.0,145.0,1.0,0.26552465455376884,Smooth
10,2640,145.0,145.0,1.0,0.15242891867859762,Smooth
10,2664,145.0,128.0,1.1328125,0.13098162640893715,Smooth
10,2704,145.0,138.0,1.0507246376811594,0.15619240851370533,Smooth
10,2707,145.0,145.0,1.0,0.09168384397661823,Smooth
10,2760,145.0,145.0,1.0,0.26350246113884873,Smooth
10,2826,145.0,145.0,1.0,0.18971827925825974,Smooth
10,2867,145.0,145.0,1.0,0.9652654794173113,Erratic
10,2956,145.0,82.0,1.7682926829268293,0.2028367377082152,Intermittent
11,1062,145.0,145.0,1.0,0.06901607778769774,Smooth
11,1109,145.0,145.0,1.0,0.4657619351212573,Smooth
11,1198,145.0,144.0,1.0069444444444444,0.09126819343575895,Smooth
11,1207,145.0,142.0,1.0211267605633803,0.7096418933389788,Erratic
11,1216,145.0,138.0,1.0507246376811594,0.3287921488934838,Smooth
11,1230,145.0,144.0,1.0069444444444444,0.7480733914011768,Erratic
11,1247,145.0,101.0,1.4356435643564356,0.3724435476847148,Intermittent
11,1248,145.0,142.0,1.0211267605633803,0.6166759449475879,Erratic
11,1311,145.0,145.0,1.0,0.08154021222483117,Smooth
11,1438,145.0,141.0,1.0283687943262412,0.4305022596623979,Smooth
11,1445,145.0,140.0,1.0357142857142858,1.161166398801573,Erratic
11,1525,145.0,137.0,1.0583941605839415,0.2014679147390664,Smooth
11,1543,145.0,137.0,1.0583941605839415,0.4184897976558533,Smooth
11,1558,145.0,144.0,1.0069444444444444,1.0976707234730319,Erratic
11,1571,145.0,79.0,1.8354430379746836,0.3315342016263007,Intermittent
11,1727,145.0,145.0,1.0,1.007155066698113,Erratic
11,1754,145.0,145.0,1.0,1.0998419608828511,Erratic
11,1770,145.0,103.0,1.4077669902912622,0.3957382086130248,Intermittent
11,1778,145.0,145.0,1.0,0.07911673687149058,Smooth
11,1803,145.0,145.0,1.0,0.06832693839271178,Smooth
11,1847,145.0,134.0,1.0820895522388059,0.39900570648347466,Smooth
11,1878,145.0,145.0,1.0,0.6057637265199501,Erratic
11,1885,145.0,145.0,1.0,0.07904558677288935,Smooth
11,1902,145.0,108.0,1.3425925925925926,0.3315088107146816,Intermittent
11,1962,145.0,145.0,1.0,0.7269024137218524,Erratic
11,1971,145.0,145.0,1.0,1.7012254826751818,Erratic
11,1993,145.0,145.0,1.0,0.09841361536742861,Smooth
11,2126,145.0,141.0,1.0283687943262412,0.3580901917847987,Smooth
11,2139,145.0,138.0,1.0507246376811594,0.33754660614387993,Smooth
11,2290,145.0,145.0,1.0,1.1824500114993488,Erratic
11,2304,145.0,142.0,1.0211267605633803,0.3764842990014101,Smooth
11,2306,145.0,131.0,1.1068702290076335,0.7027194652775941,Erratic
11,2322,145.0,145.0,1.0,0.7666620613050734,Erratic
11,2444,145.0,139.0,1.0431654676258992,1.417965968956698,Erratic
11,2490,145.0,122.0,1.1885245901639345,1.060227145206568,Erratic
11,2492,145.0,133.0,1.0902255639097744,0.41920246887068613,Smooth
11,2494,145.0,141.0,1.0283687943262412,0.2667806648673579,Smooth
11,2539,145.0,145.0,1.0,0.2548106917075741,Smooth
11,2569,145.0,119.0,1.218487394957983,0.40948192031404823,Smooth
11,2577,145.0,140.0,1.0357142857142858,0.2863659023205089,Smooth
11,2581,145.0,145.0,1.0,0.8236140525347765,Erratic
11,2631,145.0,144.0,1.0069444444444444,0.6095418225214975,Erratic
11,2640,145.0,145.0,1.0,0.3956469500678844,Smooth
11,2664,145.0,118.0,1.228813559322034,0.15040634995137378,Smooth
11,2704,145.0,140.0,1.0357142857142858,0.3277846443570925,Smooth
11,2707,145.0,145.0,1.0,0.10360094559707764,Smooth
11,2760,145.0,145.0,1.0,0.44597699920358047,Smooth
11,2826,145.0,145.0,1.0,0.278048401917328,Smooth
11,2867,145.0,138.0,1.0507246376811594,1.1967778120071695,Erratic
11,2956,145.0,81.0,1.7901234567901234,0.3510833392781619,Intermittent
13,1062,145.0,145.0,1.0,0.0712694717995197,Smooth
13,1109,145.0,145.0,1.0,0.25152169243745476,Smooth
13,1198,145.0,145.0,1.0,0.09969484002815066,Smooth
13,1207,145.0,144.0,1.0069444444444444,0.43126138701402084,Smooth
13,1216,145.0,143.0,1.013986013986014,0.19145829452572816,Smooth
13,1230,145.0,141.0,1.0283687943262412,0.4378461382880174,Smooth
13,1247,145.0,142.0,1.0211267605633803,0.23843938705958062,Smooth
13,1248,145.0,144.0,1.0069444444444444,0.576872616113962,Erratic
13,1311,145.0,145.0,1.0,0.12003323691586858,Smooth
13,1438,145.0,144.0,1.0069444444444444,0.31993401288213025,Smooth
13,1445,145.0,145.0,1.0,1.0394196010003276,Erratic
13,1525,145.0,136.0,1.0661764705882353,0.16298624401728204,Smooth
13,1543,145.0,144.0,1.0069444444444444,0.24114834991056813,Smooth
13,1558,145.0,145.0,1.0,0.8811854700483999,Erratic
13,1571,145.0,83.0,1.7469879518072289,0.27603821281930147,Intermittent
13,1727,145.0,145.0,1.0,0.8481538241132554,Erratic
13,1754,145.0,145.0,1.0,0.604689469855871,Erratic
13,1770,145.0,144.0,1.0069444444444444,0.33195908365966464,Smooth
13,1778,145.0,145.0,1.0,0.0899327794697636,Smooth
13,1803,145.0,145.0,1.0,0.09407323203983811,Smooth
13,1847,145.0,143.0,1.013986013986014,0.3208354492198093,Smooth
13,1878,145.0,145.0,1.0,0.23892509805096093,Smooth
13,1885,145.0,145.0,1.0,0.059255462218129815,Smooth
13,1902,145.0,144.0,1.0069444444444444,0.20238128658965557,Smooth
13,1962,145.0,145.0,1.0,0.5045796814903738,Erratic
13,1971,145.0,145.0,1.0,1.70628826480241,Erratic
13,1993,145.0,145.0,1.0,0.056888863253099616,Smooth
13,2104,145.0,34.0,4.264705882352941,0.263284241166894,Intermittent
13,2126,145.0,137.0,1.0583941605839415,0.22346657521578736,Smooth
13,2139,145.0,143.0,1.013986013986014,0.21243102148056858,Smooth
13,2290,145.0,145.0,1.0,0.39586640676305895,Smooth
13,2304,145.0,145.0,1.0,0.22389156882162126,Smooth
13,2306,145.0,144.0,1.0069444444444444,0.6365312235921657,Erratic
13,2322,145.0,144.0,1.0069444444444444,0.3103068987092669,Smooth
13,2444,145.0,145.0,1.0,0.9190066770766753,Erratic
13,2490,145.0,122.0,1.1885245901639345,0.49896822994698586,Erratic
13,2492,145.0,144.0,1.0069444444444444,0.31664682954985035,Smooth
13,2494,145.0,144.0,1.0069444444444444,0.1970900361815948,Smooth
13,2539,145.0,145.0,1.0,0.08699965381599935,Smooth
13,2569,145.0,120.0,1.2083333333333333,0.36751992595087,Smooth
13,2577,145.0,145.0,1.0,0.13612699798482167,Smooth
13,2581,145.0,145.0,1.0,0.5781121919806257,Erratic
13,2631,145.0,145.0,1.0,0.40790418363218706,Smooth
13,2640,145.0,145.0,1.0,0.18246074024160996,Smooth
13,2664,145.0,128.0,1.1328125,0.20402002253340523,Smooth
13,2704,145.0,136.0,1.0661764705882353,0.20627838545724034,Smooth
13,2707,145.0,145.0,1.0,0.07343054791767863,Smooth
13,2760,145.0,145.0,1.0,0.48990890600975917,Smooth
13,2826,145.0,145.0,1.0,0.24338090300506177,Smooth
13,2867,145.0,145.0,1.0,0.8792098530822369,Erratic
13,2956,145.0,83.0,1.7469879518072289,0.19191182861361888,Intermittent
14,1062,145.0,145.0,1.0,0.14188315446204772,Smooth
14,1109,145.0,145.0,1.0,0.4272598917540619,Smooth
14,1198,145.0,64.0,2.265625,0.11059797084548105,Intermittent
14,1207,145.0,143.0,1.013986013986014,0.7242665394208527,Erratic
14,1216,145.0,131.0,1.1068702290076335,0.29804693972705176,Smooth
14,1230,145.0,142.0,1.0211267605633803,0.7037888828690141,Erratic
14,1247,145.0,91.0,1.5934065934065933,0.2549593891175574,Intermittent
14,1248,145.0,136.0,1.0661764705882353,0.5394544358532568,Erratic
14,1311,145.0,145.0,1.0,0.18178769458824995,Smooth
14,1438,145.0,105.0,1.380952380952381,0.46683185335397354,Intermittent
14,1445,145.0,130.0,1.1153846153846154,1.7026205153883869,Erratic
14,1525,145.0,137.0,1.0583941605839415,0.22678585956619823,Smooth
14,1543,145.0,135.0,1.0740740740740742,0.34133546696506195,Smooth
14,1558,145.0,139.0,1.0431654676258992,1.0793235049018108,Erratic
14,1571,145.0,50.0,2.9,0.7170415479469362,Lumpy
14,1727,145.0,145.0,1.0,0.8854263085921305,Erratic
14,1754,145.0,145.0,1.0,1.4474622945572073,Erratic
14,1770,145.0,58.0,2.5,0.16385354239927294,Intermittent
14,1778,145.0,145.0,1.0,0.16235070929016807,Smooth
14,1803,145.0,145.0,1.0,0.1279507241377417,Smooth
14,1847,145.0,98.0,1.4795918367346939,0.5031913867299629,Lumpy
14,1878,145.0,140.0,1.0357142857142858,0.4764962875080868,Smooth
14,1885,145.0,145.0,1.0,0.07651834950619504,Smooth
14,1902,145.0,71.0,2.0422535211267605,0.2584221619834711,Intermittent
14,1962,145.0,144.0,1.0069444444444444,0.9545330400772717,Erratic
14,1971,145.0,144.0,1.0069444444444444,3.0769900258971545,Erratic
14,1993,145.0,145.0,1.0,0.12271705995810647,Smooth
14,2126,145.0,110.0,1.3181818181818181,0.33521792600285344,Smooth
14,2139,145.0,89.0,1.6292134831460674,0.3224171141928109,Intermittent
14,2290,145.0,145.0,1.0,1.725012675923076,Erratic
14,2304,145.0,105.0,1.380952380952381,0.5681379629189408,Lumpy
14,2306,145.0,76.0,1.9078947368421053,0.5870709607584362,Lumpy
14,2322,145.0,145.0,1.0,0.8231494726683732,Erratic
14,2444,145.0,114.0,1.2719298245614035,1.9991147235329596,Erratic
14,2490,145.0,121.0,1.1983471074380165,1.231532202176514,Erratic
14,2492,145.0,117.0,1.2393162393162394,0.5144325102237213,Erratic
14,2494,145.0,59.0,2.457627118644068,0.35629343670481195,Intermittent
14,2539,145.0,145.0,1.0,0.10316060831794148,Smooth
14,2569,145.0,122.0,1.1885245901639345,0.46262055708437005,Smooth
14,2577,145.0,122.0,1.1885245901639345,0.44400856939164846,Smooth
14,2581,145.0,144.0,1.0069444444444444,0.8358064885518761,Erratic
14,2631,145.0,142.0,1.0211267605633803,0.5219908936125949,Erratic
14,2640,145.0,140.0,1.0357142857142858,0.8198397769749173,Erratic
14,2664,145.0,127.0,1.141732283464567,0.28685485547735934,Smooth
14,2704,145.0,135.0,1.0740740740740742,0.4733738591476069,Smooth
14,2707,145.0,145.0,1.0,0.11506741093954083,Smooth
14,2760,145.0,142.0,1.0211267605633803,1.4208755570056515,Erratic
14,2826,145.0,145.0,1.0,0.304744687928972,Smooth
14,2867,145.0,88.0,1.6477272727272727,1.6613426854402698,Lumpy
17,1062,145.0,145.0,1.0,0.08219296134525127,Smooth
17,1109,145.0,145.0,1.0,0.322676347812065,Smooth
17,1198,145.0,145.0,1.0,0.273421111045748,Smooth
17,1207,145.0,141.0,1.0283687943262412,0.7264766386418979,Erratic
17,1216,145.0,127.0,1.141732283464567,0.3555442794043405,Smooth
17,1230,145.0,138.0,1.0507246376811594,0.9664657263207137,Erratic
17,1247,145.0,111.0,1.3063063063063063,0.2453442654936634,Smooth
17,1248,145.0,137.0,1.0583941605839415,0.5320681153914133,Erratic
17,1311,145.0,145.0,1.0,0.1901552257494012,Smooth
17,1438,145.0,81.0,1.7901234567901234,0.5323505301487516,Lumpy
17,1445,145.0,141.0,1.0283687943262412,1.4119533243246307,Erratic
17,1525,145.0,137.0,1.0583941605839415,0.22288920106428506,Smooth
17,1543,145.0,135.0,1.0740740740740742,0.2913072593227966,Smooth
17,1558,145.0,139.0,1.0431654676258992,0.9527382003189855,Erratic
17,1571,145.0,81.0,1.7901234567901234,0.4474000809213744,Intermittent
17,1727,145.0,145.0,1.0,0.7786994047058955,Erratic
17,1754,145.0,145.0,1.0,1.2106818146255403,Erratic
17,1770,145.0,84.0,1.7261904761904763,0.24346977943726614,Intermittent
17,1778,145.0,145.0,1.0,0.1683677301043457,Smooth
17,1803,145.0,145.0,1.0,0.17451541061582845,Smooth
17,1847,145.0,76.0,1.9078947368421053,0.2807763471911297,Intermittent
17,1878,145.0,143.0,1.013986013986014,0.7035241380299201,Erratic
17,1885,145.0,145.0,1.0,0.06458266675823074,Smooth
17,1902,145.0,90.0,1.6111111111111112,0.24445226737632858,Intermittent
17,1962,145.0,144.0,1.0069444444444444,0.6418256672832766,Erratic
17,1971,145.0,144.0,1.0069444444444444,2.032114233320846,Erratic
17,1993,145.0,145.0,1.0,0.15081635587212314,Smooth
17,2126,145.0,125.0,1.16,0.3296819895914692,Smooth
17,2139,145.0,109.0,1.3302752293577982,0.4344054530921389,Intermittent
17,2290,145.0,145.0,1.0,1.0579099180095402,Erratic
17,2304,145.0,140.0,1.0357142857142858,0.38810249981778805,Smooth
17,2306,145.0,119.0,1.218487394957983,0.6706085840832268,Erratic
17,2322,145.0,140.0,1.0357142857142858,0.7057502439928528,Erratic
17,2444,145.0,133.0,1.0902255639097744,1.3363339363699318,Erratic
17,2490,145.0,123.0,1.1788617886178863,0.8275646609870125,Erratic
17,2492,145.0,108.0,1.3425925925925926,0.36292191565482024,Intermittent
17,2494,145.0,75.0,1.9333333333333333,0.29678886054378645,Intermittent
17,2539,145.0,138.0,1.0507246376811594,0.1335840675385734,Smooth
17,2569,145.0,116.0,1.25,0.42733137666001914,Smooth
17,2577,145.0,140.0,1.0357142857142858,0.47170998980338247,Smooth
17,2581,145.0,142.0,1.0211267605633803,0.7034811149922868,Erratic
17,2631,145.0,137.0,1.0583941605839415,0.5791721953077665,Erratic
17,2640,145.0,144.0,1.0069444444444444,0.5063079158035066,Erratic
17,2664,145.0,128.0,1.1328125,0.2589692159000669,Smooth
17,2704,145.0,138.0,1.0507246376811594,0.21522754903348215,Smooth
17,2707,145.0,145.0,1.0,0.09112468414311058,Smooth
17,2760,145.0,145.0,1.0,0.6243827040150307,Erratic
17,2826,145.0,145.0,1.0,0.3829605818996699,Smooth
17,2867,145.0,99.0,1.4646464646464648,1.1959201432991913,Lumpy
20,1062,145.0,145.0,1.0,0.12494646668616971,Smooth
20,1109,145.0,145.0,1.0,0.4007856078811974,Smooth
20,1198,145.0,144.0,1.0069444444444444,0.16507457132238126,Smooth
20,1207,145.0,132.0,1.0984848484848484,0.651434791982068,Erratic
20,1216,145.0,128.0,1.1328125,0.36514577410497834,Smooth
20,1230,145.0,131.0,1.1068702290076335,1.5846424227207367,Erratic
20,1247,145.0,97.0,1.4948453608247423,0.3426764443838545,Intermittent
20,1248,145.0,135.0,1.0740740740740742,0.5283953141896094,Erratic
20,1311,145.0,145.0,1.0,0.13101426545142156,Smooth
20,1438,145.0,135.0,1.0740740740740742,0.38639584257372067,Smooth
20,1445,145.0,144.0,1.0069444444444444,1.1211476822873734,Erratic
20,1525,145.0,136.0,1.0661764705882353,0.13117260145936316,Smooth
20,1543,145.0,131.0,1.1068702290076335,0.3231158202297355,Smooth
20,1558,145.0,142.0,1.0211267605633803,1.0598839908573,Erratic
20,1571,145.0,78.0,1.858974358974359,0.3378060263823583,Intermittent
20,1727,145.0,145.0,1.0,1.8715663435857735,Erratic
20,1754,145.0,145.0,1.0,1.0537531395632347,Erratic
20,1770,145.0,98.0,1.4795918367346939,0.33167002258532746,Intermittent
20,1778,145.0,145.0,1.0,0.22009704883015477,Smooth
20,1803,145.0,145.0,1.0,0.13029741093731745,Smooth
20,1847,145.0,116.0,1.25,0.7038974151379224,Erratic
20,1878,145.0,144.0,1.0069444444444444,0.48230807169676837,Smooth
20,1885,145.0,145.0,1.0,0.0784641027305588,Smooth
20,1902,145.0,100.0,1.45,0.35406540974558925,Intermittent
20,1962,145.0,145.0,1.0,0.693469292690375,Erratic
20,1971,145.0,145.0,1.0,1.9927041358023199,Erratic
20,1993,145.0,145.0,1.0,0.1038258245093847,Smooth
20,2104,145.0,25.0,5.8,0.3683136417343391,Intermittent
20,2126,145.0,129.0,1.124031007751938,0.3017948828088805,Smooth
20,2139,145.0,126.0,1.1507936507936507,0.2783263993786777,Smooth
20,2290,145.0,145.0,1.0,0.5273302235313382,Erratic
20,2304,145.0,135.0,1.0740740740740742,0.34562720777495687,Smooth
20,2306,145.0,114.0,1.2719298245614035,0.739493451914879,Erratic
20,2322,145.0,141.0,1.0283687943262412,0.9300743191431347,Erratic
20,2444,145.0,132.0,1.0984848484848484,1.4601179389998353,Erratic
20,2490,145.0,121.0,1.1983471074380165,0.9901289574335084,Erratic
20,2492,145.0,134.0,1.0820895522388059,0.3929218133863773,Smooth
20,2494,145.0,129.0,1.124031007751938,0.34277838228716584,Smooth
20,2539,145.0,145.0,1.0,0.2006121275075333,Smooth
20,2569,145.0,122.0,1.1885245901639345,0.4868323033057755,Smooth
20,2577,145.0,145.0,1.0,0.23990901997569963,Smooth
20,2581,145.0,143.0,1.013986013986014,0.6643530491914688,Erratic
20,2631,145.0,144.0,1.0069444444444444,0.3520958804690958,Smooth
20,2640,145.0,145.0,1.0,0.2548139514039371,Smooth
20,2664,145.0,128.0,1.1328125,0.3166659204254335,Smooth
20,2704,145.0,138.0,1.0507246376811594,0.17987126912713983,Smooth
20,2707,145.0,145.0,1.0,0.10674528646981672,Smooth
20,2760,145.0,145.0,1.0,0.7096405148303985,Erratic
20,2826,145.0,145.0,1.0,0.42949521304539134,Smooth
20,2867,145.0,130.0,1.1153846153846154,0.9600224349267269,Erratic
20,2956,145.0,79.0,1.8354430379746836,0.2683783106932467,Intermittent
23,1062,145.0,145.0,1.0,0.1539103596997401,Smooth
23,1109,145.0,145.0,1.0,0.35387089763085317,Smooth
23,1198,145.0,137.0,1.0583941605839415,0.31254907186110786,Smooth
23,1207,145.0,143.0,1.013986013986014,0.9425106195797489,Erratic
23,1216,145.0,131.0,1.1068702290076335,0.37731642627084905,Smooth
23,1230,145.0,143.0,1.013986013986014,0.9830256241135619,Erratic
23,1247,145.0,74.0,1.9594594594594594,0.2601387108470589,Intermittent
23,1248,145.0,136.0,1.0661764705882353,1.1786833594014576,Erratic
23,1311,145.0,142.0,1.0211267605633803,0.20720586621076653,Smooth
23,1438,145.0,145.0,1.0,0.8859829885029346,Erratic
23,1445,145.0,128.0,1.1328125,1.7245759748752492,Erratic
23,1525,145.0,135.0,1.0740740740740742,0.23016561557085177,Smooth
23,1543,145.0,139.0,1.0431654676258992,0.25171917359718365,Smooth
23,1558,145.0,137.0,1.0583941605839415,1.167290444800063,Erratic
23,1571,145.0,82.0,1.7682926829268293,0.259112850147793,Intermittent
23,1727,145.0,145.0,1.0,0.817934145192679,Erratic
23,1754,145.0,145.0,1.0,1.3117396138345165,Erratic
23,1770,145.0,65.0,2.230769230769231,0.1596431676942825,Intermittent
23,1778,145.0,145.0,1.0,0.13200206467919556,Smooth
23,1803,145.0,137.0,1.0583941605839415,0.2502071384711796,Smooth
23,1847,145.0,136.0,1.0661764705882353,0.8358449063489305,Erratic
23,1878,145.0,120.0,1.2083333333333333,1.133971390549868,Erratic
23,1885,145.0,145.0,1.0,0.14520230909500093,Smooth
23,1902,145.0,76.0,1.9078947368421053,0.2255892862868105,Intermittent
23,1962,145.0,145.0,1.0,0.8930248144552765,Erratic
23,1971,145.0,144.0,1.0069444444444444,1.9796471579393624,Erratic
23,1993,145.0,145.0,1.0,0.2652000837685963,Smooth
23,2126,145.0,117.0,1.2393162393162394,0.3301143205503378,Smooth
23,2139,145.0,108.0,1.3425925925925926,0.37451530212395534,Intermittent
23,2290,145.0,145.0,1.0,0.9749332903932993,Erratic
23,2304,145.0,132.0,1.0984848484848484,0.28795088206607444,Smooth
23,2306,145.0,103.0,1.4077669902912622,0.8238648939391259,Lumpy
23,2322,145.0,144.0,1.0069444444444444,0.9191148562918839,Erratic
23,2444,145.0,126.0,1.1507936507936507,2.0665124920156694,Erratic
23,2490,145.0,123.0,1.1788617886178863,1.1894193527767623,Erratic
23,2492,145.0,107.0,1.355140186915888,0.6086267324800428,Lumpy
23,2494,145.0,135.0,1.0740740740740742,0.9172279467851322,Erratic
23,2539,145.0,145.0,1.0,0.15531941707518854,Smooth
23,2569,145.0,119.0,1.218487394957983,0.47152085735016347,Smooth
23,2577,145.0,108.0,1.3425925925925926,1.1486366665964711,Lumpy
23,2581,145.0,144.0,1.0069444444444444,1.025734431978219,Erratic
23,2631,145.0,140.0,1.0357142857142858,3.550684126802708,Erratic
23,2640,145.0,140.0,1.0357142857142858,0.8153844686513835,Erratic
23,2664,145.0,128.0,1.1328125,0.28767666392874885,Smooth
23,2704,145.0,135.0,1.0740740740740742,0.4245274685487206,Smooth
23,2707,145.0,145.0,1.0,0.09269958244644265,Smooth
23,2760,145.0,145.0,1.0,4.602337221755771,Erratic
23,2826,145.0,145.0,1.0,0.3587495477064185,Smooth
23,2867,145.0,112.0,1.2946428571428572,1.9370460841804797,Erratic
23,2956,145.0,78.0,1.858974358974359,0.37195612490407864,Intermittent
24,1062,145.0,120.0,1.2083333333333333,0.08649781439757152,Smooth
24,1109,145.0,120.0,1.2083333333333333,0.2511432032632951,Smooth
24,1198,145.0,44.0,3.2954545454545454,0.27518114721575787,Intermittent
24,1207,145.0,118.0,1.228813559322034,0.656692939011216,Erratic
24,1216,145.0,58.0,2.5,0.37237745096775443,Intermittent
24,1230,145.0,115.0,1.2608695652173914,0.7799074309497815,Erratic
24,1247,145.0,54.0,2.685185185185185,0.2858315825627164,Intermittent
24,1248,145.0,3.0,48.333333333333336,0.3244758565271385,Intermittent
24,1311,145.0,108.0,1.3425925925925926,0.1731926597670842,Intermittent
24,1438,145.0,120.0,1.2083333333333333,0.11278925603818456,Smooth
24,1445,145.0,119.0,1.218487394957983,1.634427222648075,Erratic
24,1525,145.0,112.0,1.2946428571428572,0.16727755522108714,Smooth
24,1543,145.0,120.0,1.2083333333333333,0.14472568071501635,Smooth
24,1558,145.0,118.0,1.228813559322034,0.96279636430386,Erratic
24,1571,145.0,82.0,1.7682926829268293,0.3070574313866017,Intermittent
24,1727,145.0,120.0,1.2083333333333333,0.5971499675888575,Erratic
24,1754,145.0,119.0,1.218487394957983,0.5463092289133648,Erratic
24,1770,145.0,113.0,1.2831858407079646,0.2780879989042374,Smooth
24,1778,145.0,120.0,1.2083333333333333,0.10842657285206674,Smooth
24,1803,145.0,108.0,1.3425925925925926,0.16089924728930233,Intermittent
24,1847,145.0,120.0,1.2083333333333333,0.16647347719651906,Smooth
24,1878,145.0,120.0,1.2083333333333333,0.2022839996140633,Smooth
24,1885,145.0,120.0,1.2083333333333333,0.061898125583022545,Smooth
24,1902,145.0,116.0,1.25,0.2883963282543115,Smooth
24,1962,145.0,120.0,1.2083333333333333,0.6802556298127502,Erratic
24,1971,145.0,108.0,1.3425925925925926,0.9225858722225191,Lumpy
24,1993,145.0,120.0,1.2083333333333333,0.09414716025153586,Smooth
24,2126,145.0,110.0,1.3181818181818181,0.21604275840938936,Smooth
24,2139,145.0,120.0,1.2083333333333333,0.2077623406194407,Smooth
24,2290,145.0,120.0,1.2083333333333333,0.33408563558569054,Smooth
24,2304,145.0,119.0,1.218487394957983,0.1554082137500334,Smooth
24,2306,145.0,57.0,2.543859649122807,0.8886062036276474,Lumpy
24,2322,145.0,119.0,1.218487394957983,0.7512719707269591,Erratic
24,2444,145.0,107.0,1.355140186915888,1.9791521765452151,Lumpy
24,2490,145.0,116.0,1.25,0.5301748954084897,Erratic
24,2492,145.0,4.0,36.25,0.122915844956793,Intermittent
24,2494,145.0,120.0,1.2083333333333333,0.10656691047482578,Smooth
24,2539,145.0,120.0,1.2083333333333333,0.24121835102573455,Smooth
24,2569,145.0,116.0,1.25,0.18804583750545412,Smooth
24,2577,145.0,120.0,1.2083333333333333,0.18380280287371217,Smooth
24,2581,145.0,120.0,1.2083333333333333,0.7200244078373138,Erratic
24,2631,145.0,58.0,2.5,0.1431001659291497,Intermittent
24,2640,145.0,120.0,1.2083333333333333,0.19291446108585944,Smooth
24,2664,145.0,115.0,1.2608695652173914,0.19249121497586652,Smooth
24,2704,145.0,111.0,1.3063063063063063,0.16860547028126358,Smooth
24,2707,145.0,120.0,1.2083333333333333,0.08903199681326837,Smooth
24,2760,145.0,120.0,1.2083333333333333,0.2556937782388082,Smooth
24,2826,145.0,120.0,1.2083333333333333,0.20499247503640602,Smooth
24,2867,145.0,104.0,1.3942307692307692,1.1835089760986062,Lumpy
24,2956,145.0,82.0,1.7682926829268293,0.2756933526023958,Intermittent
26,1062,145.0,145.0,1.0,0.09301288832405633,Smooth
26,1109,145.0,145.0,1.0,0.730211163485333,Erratic
26,1207,145.0,145.0,1.0,0.2749325314775145,Smooth
26,1216,145.0,138.0,1.0507246376811594,0.42987027319664173,Smooth
26,1230,145.0,145.0,1.0,0.30879190172076065,Smooth
26,1247,145.0,61.0,2.377049180327869,0.23320206366218704,Intermittent
26,1248,145.0,135.0,1.0740740740740742,0.45592666221442224,Smooth
26,1445,145.0,106.0,1.3679245283018868,1.4202975340707877,Lumpy
26,1525,145.0,92.0,1.576086956521739,0.5812282457561905,Lumpy
26,1543,145.0,115.0,1.2608695652173914,0.7007112768151159,Erratic
26,1558,145.0,140.0,1.0357142857142858,0.809691421286062,Erratic
26,1727,145.0,145.0,1.0,0.8268444273918358,Erratic
26,1754,145.0,145.0,1.0,1.6498468677827718,Erratic
26,1770,145.0,54.0,2.685185185185185,0.1651608315838068,Intermittent
26,1778,145.0,144.0,1.0069444444444444,0.22172009132796003,Smooth
26,1878,145.0,138.0,1.0507246376811594,0.2991262845010108,Smooth
26,1885,145.0,145.0,1.0,0.3883474561028211,Smooth
26,1902,145.0,64.0,2.265625,0.12665097343699924,Intermittent
26,1962,145.0,144.0,1.0069444444444444,0.8820009509390127,Erratic
26,1971,145.0,143.0,1.013986013986014,1.975754277231567,Erratic
26,1993,145.0,144.0,1.0069444444444444,0.2429419717519769,Smooth
26,2126,145.0,112.0,1.2946428571428572,0.30145106557518997,Smooth
26,2139,145.0,102.0,1.4215686274509804,0.367662143992177,Intermittent
26,2290,145.0,145.0,1.0,0.9438395654095664,Erratic
26,2304,145.0,101.0,1.4356435643564356,0.9248755492601398,Lumpy
26,2306,145.0,84.0,1.7261904761904763,0.45702557671947225,Intermittent
26,2322,145.0,145.0,1.0,0.22001830951486168,Smooth
26,2444,145.0,64.0,2.265625,1.9034345907905872,Lumpy
26,2490,145.0,120.0,1.2083333333333333,0.7891384642415955,Erratic
26,2492,145.0,126.0,1.1507936507936507,1.3024033698946003,Erratic
26,2539,145.0,142.0,1.0211267605633803,0.7845162909495204,Erratic
26,2569,145.0,126.0,1.1507936507936507,0.23003494082840237,Smooth
26,2577,145.0,31.0,4.67741935483871,3.0257881218709466,Lumpy
26,2581,145.0,144.0,1.0069444444444444,0.8034532122369962,Erratic
26,2631,145.0,144.0,1.0069444444444444,0.379207581656938,Smooth
26,2640,145.0,135.0,1.0740740740740742,0.4102902502426572,Smooth
26,2664,145.0,128.0,1.1328125,0.32153095020345523,Smooth
26,2704,145.0,128.0,1.1328125,0.4483186453904338,Smooth
26,2707,145.0,145.0,1.0,0.14574807339449639,Smooth
26,2760,145.0,134.0,1.0820895522388059,0.36149211774691686,Smooth
26,2826,145.0,145.0,1.0,0.6424983057739405,Erratic
26,2867,145.0,51.0,2.843137254901961,1.320508374715933,Lumpy
27,1062,145.0,145.0,1.0,0.08748698487450526,Smooth
27,1109,145.0,145.0,1.0,0.2788464698829817,Smooth
27,1198,145.0,138.0,1.0507246376811594,0.5093042985352836,Erratic
27,1207,145.0,144.0,1.0069444444444444,0.7682178277507622,Erratic
27,1216,145.0,139.0,1.0431654676258992,0.25152349742298324,Smooth
27,1230,145.0,142.0,1.0211267605633803,0.8684225418361214,Erratic
27,1247,145.0,106.0,1.3679245283018868,0.2988126851824653,Intermittent
27,1248,145.0,143.0,1.013986013986014,0.8650723235298472,Erratic
27,1311,145.0,143.0,1.013986013986014,0.4605140043711,Smooth
27,1438,145.0,145.0,1.0,0.19128533437733253,Smooth
27,1445,145.0,142.0,1.0211267605633803,1.1482202473947296,Erratic
27,1525,145.0,137.0,1.0583941605839415,0.1401543834715444,Smooth
27,1543,145.0,140.0,1.0357142857142858,0.30629436625204465,Smooth
27,1558,145.0,144.0,1.0069444444444444,1.02036155976987,Erratic
27,1571,145.0,81.0,1.7901234567901234,0.3267491987054881,Intermittent
27,1727,145.0,145.0,1.0,1.1275309319110005,Erratic
27,1754,145.0,145.0,1.0,0.9668653818857205,Erratic
27,1770,145.0,111.0,1.3063063063063063,0.44288932603969694,Smooth
27,1778,145.0,145.0,1.0,0.13776398119843286,Smooth
27,1803,145.0,144.0,1.0069444444444444,0.26048095399066484,Smooth
27,1847,145.0,145.0,1.0,0.29184322447361677,Smooth
27,1878,145.0,145.0,1.0,1.0202948674988699,Erratic
27,1885,145.0,145.0,1.0,0.04879236853644164,Smooth
27,1902,145.0,120.0,1.2083333333333333,0.3342560882478724,Smooth
27,1962,145.0,145.0,1.0,0.7534451259735916,Erratic
27,1971,145.0,145.0,1.0,1.7739913822299558,Erratic
27,1993,145.0,145.0,1.0,0.09071341448418317,Smooth
27,2126,145.0,130.0,1.1153846153846154,0.3399170266789829,Smooth
27,2139,145.0,139.0,1.0431654676258992,0.3447690473768365,Smooth
27,2290,145.0,145.0,1.0,0.9579191963966269,Erratic
27,2304,145.0,142.0,1.0211267605633803,0.3053244060644107,Smooth
27,2306,145.0,134.0,1.0820895522388059,0.6566635468660733,Erratic
27,2322,145.0,145.0,1.0,0.7304569787248906,Erratic
27,2444,145.0,141.0,1.0283687943262412,1.7911098775546586,Erratic
27,2490,145.0,123.0,1.1788617886178863,1.0625537011183583,Erratic
27,2492,145.0,142.0,1.0211267605633803,0.4045238779748978,Smooth
27,2494,145.0,145.0,1.0,0.08885153367075273,Smooth
27,2539,145.0,145.0,1.0,0.11302427602363746,Smooth
27,2569,145.0,120.0,1.2083333333333333,0.49112514282732384,Erratic
27,2577,145.0,145.0,1.0,0.30664778628822836,Smooth
27,2581,145.0,145.0,1.0,0.8063374923171798,Erratic
27,2631,145.0,143.0,1.013986013986014,0.9601510834347639,Erratic
27,2640,145.0,145.0,1.0,0.6368127420900124,Erratic
27,2664,145.0,127.0,1.141732283464567,0.32607896779372775,Smooth
27,2704,145.0,134.0,1.0820895522388059,0.2427377346499423,Smooth
27,2707,145.0,145.0,1.0,0.08206359249688495,Smooth
27,2760,145.0,145.0,1.0,0.6273806988568221,Erratic
27,2826,145.0,145.0,1.0,0.29271256980132393,Smooth
27,2867,145.0,134.0,1.0820895522388059,1.2826872273429615,Erratic
27,2956,145.0,80.0,1.8125,0.4973891266193283,Lumpy
29,1062,145.0,145.0,1.0,0.2081231147293841,Smooth
29,1109,145.0,145.0,1.0,0.5078607183416254,Erratic
29,1207,145.0,143.0,1.013986013986014,0.35441554088612515,Smooth
29,1216,145.0,137.0,1.0583941605839415,0.7724338425829018,Erratic
29,1230,145.0,138.0,1.0507246376811594,0.38966367857606254,Smooth
29,1247,145.0,45.0,3.2222222222222223,0.22680475776222345,Intermittent
29,1248,145.0,139.0,1.0431654676258992,0.9792531418825775,Erratic
29,1445,145.0,108.0,1.3425925925925926,0.8118593204824107,Lumpy
29,1525,145.0,98.0,1.4795918367346939,0.4527271800983677,Intermittent
29,1543,145.0,141.0,1.0283687943262412,0.4431780128057724,Smooth
29,1558,145.0,144.0,1.0069444444444444,0.5635749478390342,Erratic
29,1571,145.0,60.0,2.4166666666666665,0.2853053547114888,Intermittent
29,1727,145.0,145.0,1.0,0.9833017749189722,Erratic
29,1754,145.0,144.0,1.0069444444444444,0.7186315967681897,Erratic
29,1770,145.0,65.0,2.230769230769231,0.24359752572551743,Intermittent
29,1778,145.0,145.0,1.0,0.21744501407326247,Smooth
29,1878,145.0,138.0,1.0507246376811594,0.42381833716831413,Smooth
29,1885,145.0,145.0,1.0,0.20865616658151923,Smooth
29,1902,145.0,64.0,2.265625,0.2619740375857645,Intermittent
29,1962,145.0,145.0,1.0,0.3281708245724848,Smooth
29,1971,145.0,145.0,1.0,1.2279948071910955,Erratic
29,1993,145.0,145.0,1.0,0.2039008773497248,Smooth
29,2104,145.0,58.0,2.5,0.4018406648845088,Intermittent
29,2126,145.0,136.0,1.0661764705882353,0.3991723293541475,Smooth
29,2139,145.0,123.0,1.1788617886178863,0.33955784746957013,Smooth
29,2290,145.0,145.0,1.0,0.7276534832788835,Erratic
29,2304,145.0,126.0,1.1507936507936507,0.852447216796875,Erratic
29,2306,145.0,88.0,1.6477272727272727,0.694901948085829,Lumpy
29,2322,145.0,142.0,1.0211267605633803,0.4120209496265609,Smooth
29,2444,145.0,96.0,1.5104166666666667,1.527121377316685,Lumpy
29,2490,145.0,118.0,1.228813559322034,1.5555626154263535,Erratic
29,2492,145.0,129.0,1.124031007751938,1.1421209880370544,Erratic
29,2539,145.0,145.0,1.0,0.6997822658936559,Erratic
29,2569,145.0,128.0,1.1328125,0.3948544762119556,Smooth
29,2577,145.0,77.0,1.8831168831168832,0.45326457412533105,Intermittent
29,2581,145.0,144.0,1.0069444444444444,0.5969183196005987,Erratic
29,2631,145.0,145.0,1.0,0.5332041851558696,Erratic
29,2640,145.0,145.0,1.0,0.42772218879983437,Smooth
29,2664,145.0,130.0,1.1153846153846154,0.274211716897655,Smooth
29,2704,145.0,134.0,1.0820895522388059,0.5433412877819432,Erratic
29,2707,145.0,145.0,1.0,0.0978483848390996,Smooth
29,2760,145.0,135.0,1.0740740740740742,0.48566859601662576,Smooth
29,2826,145.0,145.0,1.0,0.4693102574314424,Smooth
29,2867,145.0,57.0,2.543859649122807,0.9572618233112385,Lumpy
29,2956,145.0,23.0,6.304347826086956,0.39115381711267566,Intermittent
30,1062,145.0,145.0,1.0,0.10507927048428926,Smooth
30,1109,145.0,145.0,1.0,0.37893773452122703,Smooth
30,1198,145.0,140.0,1.0357142857142858,0.24182342681997812,Smooth
30,1207,145.0,143.0,1.013986013986014,0.693277362047964,Erratic
30,1216,145.0,139.0,1.0431654676258992,0.3068876876050715,Smooth
30,1230,145.0,144.0,1.0069444444444444,0.8403528289891924,Erratic
30,1247,145.0,115.0,1.2608695652173914,0.2812950522483258,Smooth
30,1248,145.0,139.0,1.0431654676258992,0.7536657636881892,Erratic
30,1311,145.0,141.0,1.0283687943262412,0.2055864626669338,Smooth
30,1438,145.0,140.0,1.0357142857142858,0.37644145042322485,Smooth
30,1445,145.0,139.0,1.0431654676258992,1.628550390477679,Erratic
30,1525,145.0,136.0,1.0661764705882353,0.5235914363425234,Erratic
30,1543,145.0,132.0,1.0984848484848484,0.3799170391526685,Smooth
30,1558,145.0,145.0,1.0,1.0720951948294681,Erratic
30,1571,145.0,77.0,1.8831168831168832,0.5324669177090244,Lumpy
30,1727,145.0,145.0,1.0,0.8458191773164672,Erratic
30,1754,145.0,145.0,1.0,1.0822404047805627,Erratic
30,1770,145.0,101.0,1.4356435643564356,0.3080147086237109,Intermittent
30,1778,145.0,145.0,1.0,0.1329188022998352,Smooth
30,1803,145.0,144.0,1.0069444444444444,0.21082550677974138,Smooth
30,1847,145.0,139.0,1.0431654676258992,0.31673688440503595,Smooth
30,1878,145.0,145.0,1.0,0.3916978404916523,Smooth
30,1885,145.0,145.0,1.0,0.08529453631371045,Smooth
30,1902,145.0,105.0,1.380952380952381,0.30758755057111437,Intermittent
30,1962,145.0,145.0,1.0,0.632074964243365,Erratic
30,1971,145.0,142.0,1.0211267605633803,1.635608896743207,Erratic
30,1993,145.0,145.0,1.0,0.1919126911247982,Smooth
30,2126,145.0,132.0,1.0984848484848484,0.5632287572438718,Erratic
30,2139,145.0,106.0,1.3679245283018868,0.3898392089896723,Intermittent
30,2290,145.0,145.0,1.0,1.3033138412393854,Erratic
30,2304,145.0,131.0,1.1068702290076335,0.4993681022113802,Erratic
30,2306,145.0,119.0,1.218487394957983,1.0561252566335626,Erratic
30,2322,145.0,144.0,1.0069444444444444,0.7431582684100849,Erratic
30,2444,145.0,135.0,1.0740740740740742,1.583035693579318,Erratic
30,2490,145.0,122.0,1.1885245901639345,1.363739780377755,Erratic
30,2492,145.0,113.0,1.2831858407079646,0.5485873296601367,Erratic
30,2494,145.0,106.0,1.3679245283018868,0.3063552655312038,Intermittent
30,2539,145.0,145.0,1.0,0.11939689919534954,Smooth
30,2569,145.0,120.0,1.2083333333333333,0.38377293901576537,Smooth
30,2577,145.0,140.0,1.0357142857142858,0.2309122877322921,Smooth
30,2581,145.0,145.0,1.0,0.8971105062016047,Erratic
30,2631,145.0,138.0,1.0507246376811594,0.39778215240902637,Smooth
30,2640,145.0,145.0,1.0,0.32509292986973304,Smooth
30,2664,145.0,128.0,1.1328125,0.28557322154662357,Smooth
30,2704,145.0,141.0,1.0283687943262412,0.48512396574321437,Smooth
30,2707,145.0,145.0,1.0,0.10491108788936024,Smooth
30,2760,145.0,144.0,1.0069444444444444,1.4164486837850592,Erratic
30,2826,145.0,145.0,1.0,0.4096349951808878,Smooth
30,2867,145.0,131.0,1.1068702290076335,1.2173294944822237,Erratic
30,2956,145.0,80.0,1.8125,0.3965005768993614,Intermittent
32,1062,145.0,145.0,1.0,0.08486267734001318,Smooth
32,1109,145.0,145.0,1.0,0.24775036214417137,Smooth
32,1207,145.0,145.0,1.0,0.21737632052084332,Smooth
32,1216,145.0,137.0,1.0583941605839415,0.4014414925749849,Smooth
32,1230,145.0,145.0,1.0,0.17420634625379394,Smooth
32,1247,145.0,120.0,1.2083333333333333,0.24704649157555603,Smooth
32,1248,145.0,140.0,1.0357142857142858,1.7804240534964026,Erratic
32,1445,145.0,140.0,1.0357142857142858,0.6888941642988339,Erratic
32,1525,145.0,145.0,1.0,0.39782014933403564,Smooth
32,1543,145.0,139.0,1.0431654676258992,0.4462231717153954,Smooth
32,1558,145.0,144.0,1.0069444444444444,0.24128397630065643,Smooth
32,1571,145.0,85.0,1.7058823529411764,0.3656636776692691,Intermittent
32,1727,145.0,145.0,1.0,0.5210487182221897,Erratic
32,1754,145.0,145.0,1.0,0.5904300368675307,Erratic
32,1770,145.0,88.0,1.6477272727272727,0.35906781436521107,Intermittent
32,1778,145.0,144.0,1.0069444444444444,0.15087195948818322,Smooth
32,1878,145.0,145.0,1.0,0.38696108546338387,Smooth
32,1885,145.0,145.0,1.0,0.13865542566505526,Smooth
32,1902,145.0,79.0,1.8354430379746836,0.2784000285361922,Intermittent
32,1962,145.0,145.0,1.0,0.270128252772723,Smooth
32,1971,145.0,145.0,1.0,0.7598201811800148,Erratic
32,1993,145.0,145.0,1.0,0.14822171232156453,Smooth
32,2104,145.0,81.0,1.7901234567901234,0.8268911711336824,Lumpy
32,2126,145.0,141.0,1.0283687943262412,0.27266644304845655,Smooth
32,2139,145.0,129.0,1.124031007751938,0.3187131914979187,Smooth
32,2290,145.0,145.0,1.0,0.44544518510716796,Smooth
32,2304,145.0,138.0,1.0507246376811594,0.5082934266213041,Erratic
32,2306,145.0,125.0,1.16,0.5517408662948383,Erratic
32,2322,145.0,144.0,1.0069444444444444,0.22317687223306382,Smooth
32,2444,145.0,132.0,1.0984848484848484,1.2647944199826568,Erratic
32,2490,145.0,117.0,1.2393162393162394,0.6394990015125032,Erratic
32,2492,145.0,133.0,1.0902255639097744,0.5077994333399739,Erratic
32,2539,145.0,102.0,1.4215686274509804,0.36397961955304176,Intermittent
32,2569,145.0,128.0,1.1328125,0.1641445462694875,Smooth
32,2577,145.0,141.0,1.0283687943262412,0.21987608726209834,Smooth
32,2581,145.0,145.0,1.0,0.3012866915240384,Smooth
32,2631,145.0,143.0,1.013986013986014,1.1262769246137228,Erratic
32,2640,145.0,145.0,1.0,0.30018128894611845,Smooth
32,2664,145.0,132.0,1.0984848484848484,0.1501948512681186,Smooth
32,2704,145.0,145.0,1.0,0.2561277303156213,Smooth
32,2707,145.0,145.0,1.0,0.09317168181887443,Smooth
32,2760,145.0,144.0,1.0069444444444444,0.3913400400365555,Smooth
32,2826,145.0,145.0,1.0,0.2543009635035605,Smooth
32,2867,145.0,132.0,1.0984848484848484,0.8821584127888452,Erratic
32,2956,145.0,81.0,1.7901234567901234,0.3370560682623737,Intermittent
34,1062,145.0,145.0,1.0,0.10811368955643422,Smooth
34,1109,145.0,145.0,1.0,0.20807260720689197,Smooth
34,1207,145.0,139.0,1.0431654676258992,0.4157464540560602,Smooth
34,1216,145.0,129.0,1.124031007751938,0.4569672748267155,Smooth
34,1230,145.0,138.0,1.0507246376811594,0.3732673455833772,Smooth
34,1247,145.0,118.0,1.228813559322034,0.3904113566954997,Smooth
34,1248,145.0,122.0,1.1885245901639345,0.7206267610136659,Erratic
34,1445,145.0,144.0,1.0069444444444444,1.0000427221724955,Erratic
34,1525,145.0,145.0,1.0,0.24909144875640737,Smooth
34,1543,145.0,134.0,1.0820895522388059,0.4447695671214163,Smooth
34,1558,145.0,145.0,1.0,0.36869223474405416,Smooth
34,1571,145.0,86.0,1.686046511627907,0.6965222111271749,Lumpy
34,1727,145.0,145.0,1.0,0.637509879002876,Erratic
34,1754,145.0,145.0,1.0,0.4281910430250806,Smooth
34,1770,145.0,98.0,1.4795918367346939,0.2742428607605158,Intermittent
34,1778,145.0,145.0,1.0,0.18586815539157206,Smooth
34,1878,145.0,145.0,1.0,0.1491591830956228,Smooth
34,1885,145.0,145.0,1.0,0.09012487515665848,Smooth
34,1902,145.0,85.0,1.7058823529411764,0.3002511391700581,Intermittent
34,1962,145.0,145.0,1.0,0.3022593833803758,Smooth
34,1971,145.0,145.0,1.0,0.4893784242606456,Smooth
34,1993,145.0,145.0,1.0,0.18319343844963357,Smooth
34,2104,145.0,82.0,1.7682926829268293,0.5517136209610654,Lumpy
34,2126,145.0,138.0,1.0507246376811594,0.3464794812521514,Smooth
34,2139,145.0,123.0,1.1788617886178863,0.3207785129737122,Smooth
34,2290,145.0,145.0,1.0,0.3353870512365922,Smooth
34,2304,145.0,124.0,1.1693548387096775,0.5839745593293948,Erratic
34,2306,145.0,131.0,1.1068702290076335,0.433354584961508,Smooth
34,2322,145.0,145.0,1.0,0.2931883261299626,Smooth
34,2444,145.0,138.0,1.0507246376811594,0.9140306804230337,Erratic
34,2490,145.0,118.0,1.228813559322034,0.3861904322319219,Smooth
34,2492,145.0,132.0,1.0984848484848484,0.3915606608350507,Smooth
34,2539,145.0,53.0,2.7358490566037736,0.2188882045511178,Intermittent
34,2569,145.0,128.0,1.1328125,0.24432582132390118,Smooth
34,2577,145.0,143.0,1.013986013986014,0.20305758244925165,Smooth
34,2581,145.0,145.0,1.0,0.32851275707516703,Smooth
34,2631,145.0,133.0,1.0902255639097744,0.7856435975575125,Erratic
34,2640,145.0,145.0,1.0,0.13173188732485727,Smooth
34,2664,145.0,130.0,1.1153846153846154,0.1831673634806972,Smooth
34,2704,145.0,145.0,1.0,0.16421629030362533,Smooth
34,2707,145.0,145.0,1.0,0.09623088969651516,Smooth
34,2760,145.0,144.0,1.0069444444444444,0.2986199800592514,Smooth
34,2826,145.0,145.0,1.0,0.21074120298607757,Smooth
34,2867,145.0,140.0,1.0357142857142858,0.7007605754634393,Erratic
34,2956,145.0,87.0,1.6666666666666667,0.5277630070822461,Lumpy
36,1062,145.0,145.0,1.0,0.1012481329594387,Smooth
36,1109,145.0,145.0,1.0,0.3308217531350711,Smooth
36,1198,145.0,145.0,1.0,0.17715281525537777,Smooth
36,1207,145.0,137.0,1.0583941605839415,0.8664202583224369,Erratic
36,1216,145.0,136.0,1.0661764705882353,0.2901631293779732,Smooth
36,1230,145.0,137.0,1.0583941605839415,0.9590553728383696,Erratic
36,1247,145.0,127.0,1.141732283464567,0.28147760939161764,Smooth
36,1248,145.0,139.0,1.0431654676258992,0.3294831426134391,Smooth
36,1311,145.0,145.0,1.0,0.09521244982438988,Smooth
36,1438,145.0,144.0,1.0069444444444444,0.39106476841310633,Smooth
36,1445,145.0,145.0,1.0,1.2043689803975295,Erratic
36,1525,145.0,138.0,1.0507246376811594,0.12121142774210983,Smooth
36,1543,145.0,135.0,1.0740740740740742,0.5860109083572729,Erratic
36,1558,145.0,142.0,1.0211267605633803,0.8120546410165482,Erratic
36,1571,145.0,83.0,1.7469879518072289,0.35417487195416086,Intermittent
36,1727,145.0,145.0,1.0,1.380889984959881,Erratic
36,1754,145.0,145.0,1.0,0.9060665900071395,Erratic
36,1770,145.0,101.0,1.4356435643564356,0.30043228449752557,Intermittent
36,1778,145.0,145.0,1.0,0.13436722826424527,Smooth
36,1803,145.0,145.0,1.0,0.10209509441036993,Smooth
36,1847,145.0,120.0,1.2083333333333333,0.5185707425753997,Erratic
36,1878,145.0,145.0,1.0,0.362275954755281,Smooth
36,1885,145.0,145.0,1.0,0.0788362938082099,Smooth
36,1902,145.0,116.0,1.25,0.3248379002636277,Smooth
36,1962,145.0,145.0,1.0,0.46902089914329304,Smooth
36,1971,145.0,145.0,1.0,2.2360231286290473,Erratic
36,1993,145.0,145.0,1.0,0.22312026003057758,Smooth
36,2126,145.0,140.0,1.0357142857142858,0.3302948721188706,Smooth
36,2139,145.0,122.0,1.1885245901639345,0.4234738184649917,Smooth
36,2290,145.0,145.0,1.0,0.9963437532437417,Erratic
36,2304,145.0,141.0,1.0283687943262412,0.4796583118668191,Smooth
36,2306,145.0,127.0,1.141732283464567,0.692991208777072,Erratic
36,2322,145.0,143.0,1.013986013986014,0.7422680226428511,Erratic
36,2444,145.0,130.0,1.1153846153846154,1.4507293859673693,Erratic
36,2490,145.0,123.0,1.1788617886178863,1.1264254212536058,Erratic
36,2492,145.0,127.0,1.141732283464567,0.42369269432099443,Smooth
36,2494,145.0,142.0,1.0211267605633803,0.379918877934981,Smooth
36,2539,145.0,145.0,1.0,0.19118655309999055,Smooth
36,2569,145.0,120.0,1.2083333333333333,0.29364776875948573,Smooth
36,2577,145.0,145.0,1.0,0.27387864223993413,Smooth
36,2581,145.0,145.0,1.0,0.6582299105198565,Erratic
36,2631,145.0,137.0,1.0583941605839415,0.4651431953750335,Smooth
36,2640,145.0,145.0,1.0,0.2956005957023388,Smooth
36,2664,145.0,128.0,1.1328125,0.19310954355574314,Smooth
36,2704,145.0,137.0,1.0583941605839415,0.23243882517522474,Smooth
36,2707,145.0,145.0,1.0,0.0993537187326444,Smooth
36,2760,145.0,145.0,1.0,0.32880816391931583,Smooth
36,2826,145.0,145.0,1.0,0.37589903909180544,Smooth
36,2867,145.0,131.0,1.1068702290076335,0.9255836912064844,Erratic
36,2956,145.0,83.0,1.7469879518072289,0.2697672802312147,Intermittent
39,1062,145.0,145.0,1.0,0.10784282483541785,Smooth
39,1109,145.0,145.0,1.0,0.518072043269041,Erratic
39,1207,145.0,145.0,1.0,0.45092304434501757,Smooth
39,1216,145.0,137.0,1.0583941605839415,0.40833885277994747,Smooth
39,1230,145.0,145.0,1.0,0.43062023121124615,Smooth
39,1247,145.0,98.0,1.4795918367346939,0.33616497670500783,Intermittent
39,1248,145.0,139.0,1.0431654676258992,3.3789128396954946,Erratic
39,1445,145.0,108.0,1.3425925925925926,1.1057096866035059,Lumpy
39,1525,145.0,109.0,1.3302752293577982,0.41113908076606964,Intermittent
39,1543,145.0,140.0,1.0357142857142858,0.3947812554818205,Smooth
39,1558,145.0,144.0,1.0069444444444444,0.6142217785297144,Erratic
39,1571,145.0,38.0,3.8157894736842106,0.44640165302677426,Intermittent
39,1727,145.0,145.0,1.0,0.6554792036086977,Erratic
39,1754,145.0,145.0,1.0,0.800804405433895,Erratic
39,1770,145.0,83.0,1.7469879518072289,0.22816577499462048,Intermittent
39,1778,145.0,143.0,1.013986013986014,0.22656373691599793,Smooth
39,1878,145.0,136.0,1.0661764705882353,0.605189468112274,Erratic
39,1885,145.0,145.0,1.0,0.41964676205366774,Smooth
39,1902,145.0,73.0,1.9863013698630136,0.2024513418999137,Intermittent
39,1962,145.0,145.0,1.0,0.571289960952726,Erratic
39,1971,145.0,145.0,1.0,1.1822641315776778,Erratic
39,1993,145.0,144.0,1.0069444444444444,0.22165313804888306,Smooth
39,2104,145.0,45.0,3.2222222222222223,0.2782931354359926,Intermittent
39,2126,145.0,126.0,1.1507936507936507,0.29080877731162125,Smooth
39,2139,145.0,120.0,1.2083333333333333,0.45573153268284905,Smooth
39,2290,145.0,145.0,1.0,0.915878847654717,Erratic
39,2304,145.0,138.0,1.0507246376811594,0.7921596450150313,Erratic
39,2306,145.0,103.0,1.4077669902912622,0.891853797405603,Lumpy
39,2322,145.0,140.0,1.0357142857142858,0.354593082910323,Smooth
39,2444,145.0,103.0,1.4077669902912622,1.3595941822523094,Lumpy
39,2490,145.0,118.0,1.228813559322034,1.1968184971400364,Erratic
39,2492,145.0,138.0,1.0507246376811594,0.8138512882749885,Erratic
39,2539,145.0,107.0,1.355140186915888,0.4905110238594167,Lumpy
39,2569,145.0,128.0,1.1328125,0.23183942262604698,Smooth
39,2577,145.0,94.0,1.5425531914893618,0.3207273040174478,Intermittent
39,2581,145.0,144.0,1.0069444444444444,0.5846817330201716,Erratic
39,2631,145.0,142.0,1.0211267605633803,0.8264463346736434,Erratic
39,2640,145.0,145.0,1.0,0.38666795759152855,Smooth
39,2664,145.0,131.0,1.1068702290076335,0.27156190826943727,Smooth
39,2704,145.0,104.0,1.3942307692307692,0.9309726515684911,Lumpy
39,2707,145.0,145.0,1.0,0.13632107138285346,Smooth
39,2760,145.0,68.0,2.1323529411764706,0.45533467524180615,Intermittent
39,2826,145.0,145.0,1.0,0.3429017184203304,Smooth
39,2867,145.0,47.0,3.0851063829787235,0.5941263904446852,Lumpy
39,2956,145.0,4.0,36.25,0.4505045586126668,Intermittent
41,1062,145.0,145.0,1.0,0.23510380459622018,Smooth
41,1109,145.0,145.0,1.0,0.22552338176681874,Smooth
41,1198,145.0,23.0,6.304347826086956,0.3769396759016182,Intermittent
41,1207,145.0,134.0,1.0820895522388059,0.5326473315991014,Erratic
41,1216,145.0,108.0,1.3425925925925926,0.7849022775301678,Lumpy
41,1230,145.0,135.0,1.0740740740740742,0.5555257261009486,Erratic
41,1247,145.0,7.0,20.714285714285715,0.13141692681234823,Intermittent
41,1248,145.0,3.0,48.333333333333336,1.1583471074380163,Lumpy
41,1311,145.0,40.0,3.625,0.43415718421348803,Intermittent
41,1438,145.0,19.0,7.631578947368421,0.2832641975308643,Intermittent
41,1445,145.0,16.0,9.0625,0.6237600922722031,Lumpy
41,1525,145.0,62.0,2.338709677419355,0.3021173773860475,Intermittent
41,1543,145.0,136.0,1.0661764705882353,0.31424827782904097,Smooth
41,1558,145.0,137.0,1.0583941605839415,0.7519293136788702,Erratic
41,1727,145.0,144.0,1.0069444444444444,0.30721827028795845,Smooth
41,1754,145.0,145.0,1.0,1.1986271088951599,Erratic
41,1770,145.0,6.0,24.166666666666668,0.0035693039857227844,Intermittent
41,1778,145.0,142.0,1.0211267605633803,0.28197288609193205,Smooth
41,1803,145.0,39.0,3.717948717948718,0.30391997686073374,Intermittent
41,1847,145.0,16.0,9.0625,0.12075206634658749,Intermittent
41,1878,145.0,48.0,3.0208333333333335,0.37076560576753986,Intermittent
41,1885,145.0,145.0,1.0,0.23577388098792465,Smooth
41,1902,145.0,29.0,5.0,0.2537370409284319,Intermittent
41,1962,145.0,143.0,1.013986013986014,0.47925905082695436,Smooth
41,1971,145.0,144.0,1.0069444444444444,2.307761273181407,Erratic
41,1993,145.0,142.0,1.0211267605633803,0.21887101507989032,Smooth
41,2126,145.0,89.0,1.6292134831460674,0.18274486605425086,Intermittent
41,2139,145.0,27.0,5.37037037037037,0.3209013309551585,Intermittent
41,2290,145.0,145.0,1.0,1.4567350454829595,Erratic
41,2304,145.0,29.0,5.0,0.3304718660928284,Intermittent
41,2306,145.0,74.0,1.9594594594594594,0.4933267189457402,Lumpy
41,2322,145.0,135.0,1.0740740740740742,0.558513067181918,Erratic
41,2490,145.0,119.0,1.218487394957983,1.4351741710630088,Erratic
41,2492,145.0,108.0,1.3425925925925926,0.3672546152837523,Intermittent
41,2539,145.0,108.0,1.3425925925925926,0.36231881886364053,Intermittent
41,2569,145.0,120.0,1.2083333333333333,0.25134342951266264,Smooth
41,2577,145.0,50.0,2.9,0.30609515049107455,Intermittent
41,2581,145.0,141.0,1.0283687943262412,0.5794206914604437,Erratic
41,2631,145.0,13.0,11.153846153846153,0.6853071600378463,Lumpy
41,2640,145.0,98.0,1.4795918367346939,0.48549392643204153,Intermittent
41,2664,145.0,128.0,1.1328125,0.19244270385118095,Smooth
41,2704,145.0,77.0,1.8831168831168832,0.38987075677359084,Intermittent
41,2707,145.0,140.0,1.0357142857142858,0.270086846187895,Smooth
41,2760,145.0,88.0,1.6477272727272727,0.4525493767486711,Intermittent
41,2826,145.0,141.0,1.0283687943262412,0.2332344162503627,Smooth
42,1062,145.0,145.0,1.0,0.14590333897407856,Smooth
42,1109,145.0,145.0,1.0,0.6480637339200028,Erratic
42,1207,145.0,139.0,1.0431654676258992,0.6076977510882249,Erratic
42,1216,145.0,124.0,1.1693548387096775,0.39022992603477274,Smooth
42,1230,145.0,144.0,1.0069444444444444,0.4178873744127322,Smooth
42,1247,145.0,122.0,1.1885245901639345,0.33220406819145915,Smooth
42,1248,145.0,130.0,1.1153846153846154,1.0373384188461205,Erratic
42,1445,145.0,129.0,1.124031007751938,0.970736520782514,Erratic
42,1525,145.0,126.0,1.1507936507936507,0.21861767816149824,Smooth
42,1543,145.0,133.0,1.0902255639097744,0.7607688764367436,Erratic
42,1558,145.0,140.0,1.0357142857142858,0.6651281866098634,Erratic
42,1571,145.0,80.0,1.8125,0.4708200909614927,Intermittent
42,1727,145.0,145.0,1.0,0.8857959630683895,Erratic
42,1754,145.0,145.0,1.0,0.88752795081958,Erratic
42,1770,145.0,85.0,1.7058823529411764,0.3447410644230513,Intermittent
42,1778,145.0,145.0,1.0,0.9894261211188257,Erratic
42,1878,145.0,145.0,1.0,0.11485509212732653,Smooth
42,1885,145.0,145.0,1.0,0.18271418819850396,Smooth
42,1902,145.0,76.0,1.9078947368421053,0.3583428930943195,Intermittent
42,1962,145.0,145.0,1.0,0.45492876142719196,Smooth
42,1971,145.0,144.0,1.0069444444444444,0.9204424198741014,Erratic
42,1993,145.0,145.0,1.0,0.1847945651293903,Smooth
42,2104,145.0,79.0,1.8354430379746836,0.37016826981611667,Intermittent
42,2126,145.0,132.0,1.0984848484848484,0.39410283501771776,Smooth
42,2139,145.0,87.0,1.6666666666666667,0.27935567035561204,Intermittent
42,2290,145.0,145.0,1.0,0.42264485804375423,Smooth
42,2304,145.0,127.0,1.141732283464567,1.348056257065559,Erratic
42,2306,145.0,126.0,1.1507936507936507,0.8458200600690868,Erratic
42,2322,145.0,143.0,1.013986013986014,0.4886061157350711,Smooth
42,2444,145.0,130.0,1.1153846153846154,1.2223054881144788,Erratic
42,2490,145.0,119.0,1.218487394957983,0.5192039150745592,Erratic
42,2492,145.0,128.0,1.1328125,0.6915591743568561,Erratic
42,2539,145.0,145.0,1.0,0.32407275406139696,Smooth
42,2569,145.0,126.0,1.1507936507936507,0.3250669767717298,Smooth
42,2577,145.0,145.0,1.0,0.16462278697294194,Smooth
42,2581,145.0,141.0,1.0283687943262412,0.8910208081962177,Erratic
42,2631,145.0,140.0,1.0357142857142858,0.5551229445905858,Erratic
42,2640,145.0,145.0,1.0,0.1280799646059262,Smooth
42,2664,145.0,129.0,1.124031007751938,0.18116014057487542,Smooth
42,2704,145.0,135.0,1.0740740740740742,0.26119136965725026,Smooth
42,2707,145.0,145.0,1.0,0.1120831869384097,Smooth
42,2760,145.0,143.0,1.013986013986014,0.27170069073538966,Smooth
42,2826,145.0,145.0,1.0,0.3526028962169106,Smooth
42,2867,145.0,133.0,1.0902255639097744,0.6819798629524301,Erratic
42,2956,145.0,81.0,1.7901234567901234,0.37183537762496766,Intermittent
43,1062,145.0,145.0,1.0,0.09047104966302529,Smooth
43,1109,145.0,145.0,1.0,0.4259192309784338,Smooth
43,1198,145.0,145.0,1.0,0.08927511473065629,Smooth
43,1207,145.0,145.0,1.0,0.8030402292145292,Erratic
43,1216,145.0,140.0,1.0357142857142858,0.22413993252485767,Smooth
43,1230,145.0,144.0,1.0069444444444444,0.7332783267114927,Erratic
43,1247,145.0,136.0,1.0661764705882353,0.32933502162476563,Smooth
43,1248,145.0,144.0,1.0069444444444444,0.7064291803171494,Erratic
43,1311,145.0,145.0,1.0,0.04644356176130431,Smooth
43,1438,145.0,143.0,1.013986013986014,0.438008459488888,Smooth
43,1445,145.0,141.0,1.0283687943262412,1.7497361017384512,Erratic
43,1525,145.0,135.0,1.0740740740740742,0.12386460150156914,Smooth
43,1543,145.0,143.0,1.013986013986014,0.3579402635012679,Smooth
43,1558,145.0,144.0,1.0069444444444444,0.7616393312075922,Erratic
43,1571,145.0,81.0,1.7901234567901234,0.36464749493318993,Intermittent
43,1727,145.0,145.0,1.0,1.2837177200601644,Erratic
43,1754,145.0,145.0,1.0,1.3580489171696257,Erratic
43,1770,145.0,127.0,1.141732283464567,0.36481278695393854,Smooth
43,1778,145.0,145.0,1.0,0.10187901639213384,Smooth
43,1803,145.0,145.0,1.0,0.06092165864243025,Smooth
43,1847,145.0,140.0,1.0357142857142858,0.38028954336321524,Smooth
43,1878,145.0,144.0,1.0069444444444444,0.8406092543108451,Erratic
43,1885,145.0,145.0,1.0,0.03782261412215105,Smooth
43,1902,145.0,136.0,1.0661764705882353,0.27717431757119215,Smooth
43,1962,145.0,145.0,1.0,0.563988734549631,Erratic
43,1971,145.0,145.0,1.0,2.5309954427893877,Erratic
43,1993,145.0,145.0,1.0,0.1394298490201995,Smooth
43,2104,145.0,29.0,5.0,0.37016862238648496,Intermittent
43,2126,145.0,140.0,1.0357142857142858,0.28747462818239566,Smooth
43,2139,145.0,137.0,1.0583941605839415,0.2741073927928735,Smooth
43,2290,145.0,145.0,1.0,1.7364256348572833,Erratic
43,2304,145.0,141.0,1.0283687943262412,0.48534485688131884,Smooth
43,2306,145.0,134.0,1.0820895522388059,1.080110862581268,Erratic
43,2322,145.0,143.0,1.013986013986014,0.7507356803155564,Erratic
43,2444,145.0,140.0,1.0357142857142858,1.4807107983510543,Erratic
43,2490,145.0,122.0,1.1885245901639345,1.3065351066971431,Erratic
43,2492,145.0,142.0,1.0211267605633803,0.726177726095126,Erratic
43,2494,145.0,145.0,1.0,0.19194259682108325,Smooth
43,2539,145.0,145.0,1.0,0.130746312746463,Smooth
43,2569,145.0,120.0,1.2083333333333333,0.4253107119361729,Smooth
43,2577,145.0,145.0,1.0,0.3376831811992673,Smooth
43,2581,145.0,145.0,1.0,0.5908544611510549,Erratic
43,2631,145.0,143.0,1.013986013986014,0.8029620955923011,Erratic
43,2640,145.0,145.0,1.0,0.3364938659737444,Smooth
43,2664,145.0,128.0,1.1328125,0.31909472654554544,Smooth
43,2704,145.0,136.0,1.0661764705882353,0.30102641953946985,Smooth
43,2707,145.0,145.0,1.0,0.10241199848106976,Smooth
43,2760,145.0,145.0,1.0,1.2581968967551396,Erratic
43,2826,145.0,145.0,1.0,0.3667242806107767,Smooth
43,2867,145.0,145.0,1.0,1.1382896215141536,Erratic
43,2956,145.0,82.0,1.7682926829268293,0.45355466059358546,Intermittent
50,1062,145.0,145.0,1.0,0.09871987263011271,Smooth
50,1109,145.0,145.0,1.0,0.36163381363839714,Smooth
50,1207,145.0,145.0,1.0,0.26587369234817937,Smooth
50,1216,145.0,136.0,1.0661764705882353,0.34228001872173525,Smooth
50,1230,145.0,145.0,1.0,0.22213905892867017,Smooth
50,1247,145.0,133.0,1.0902255639097744,0.29629539498212004,Smooth
50,1248,145.0,141.0,1.0283687943262412,0.6378706479885479,Erratic
50,1445,145.0,137.0,1.0583941605839415,1.0325338280124197,Erratic
50,1525,145.0,133.0,1.0902255639097744,0.26912137531242697,Smooth
50,1543,145.0,139.0,1.0431654676258992,0.37869957596085,Smooth
50,1558,145.0,144.0,1.0069444444444444,0.7402216076802071,Erratic
50,1571,145.0,81.0,1.7901234567901234,0.5273461318475532,Lumpy
50,1727,145.0,145.0,1.0,0.7787668682382829,Erratic
50,1754,145.0,145.0,1.0,0.7719767723344373,Erratic
50,1770,145.0,92.0,1.576086956521739,0.38833955583235996,Intermittent
50,1778,145.0,145.0,1.0,0.17081748708645833,Smooth
50,1878,145.0,145.0,1.0,0.16588666295432997,Smooth
50,1885,145.0,145.0,1.0,0.15399749467534996,Smooth
50,1902,145.0,109.0,1.3302752293577982,0.3656816350690667,Intermittent
50,1962,145.0,145.0,1.0,0.497277535994229,Erratic
50,1971,145.0,145.0,1.0,0.8125810663452708,Erratic
50,1993,145.0,145.0,1.0,0.33057576379189396,Smooth
50,2104,145.0,77.0,1.8831168831168832,0.7886840446915538,Lumpy
50,2126,145.0,130.0,1.1153846153846154,0.35313426801114156,Smooth
50,2139,145.0,135.0,1.0740740740740742,0.28709310128290094,Smooth
50,2290,145.0,145.0,1.0,0.5729070931138206,Erratic
50,2304,145.0,126.0,1.1507936507936507,0.5555110706354482,Erratic
50,2306,145.0,115.0,1.2608695652173914,0.49902874628118293,Erratic
50,2322,145.0,145.0,1.0,0.2850181051375846,Smooth
50,2444,145.0,138.0,1.0507246376811594,1.2998305235905112,Erratic
50,2490,145.0,119.0,1.218487394957983,0.501306382914171,Erratic
50,2492,145.0,128.0,1.1328125,0.5884107028264893,Erratic
50,2539,145.0,108.0,1.3425925925925926,0.14933074116128758,Intermittent
50,2569,145.0,127.0,1.141732283464567,0.3098677305926496,Smooth
50,2577,145.0,145.0,1.0,0.14346110075532212,Smooth
50,2581,145.0,145.0,1.0,0.7009069528360914,Erratic
50,2631,145.0,142.0,1.0211267605633803,0.4914365434362211,Erratic
50,2640,145.0,145.0,1.0,0.15570188041191968,Smooth
50,2664,145.0,130.0,1.1153846153846154,0.1618438639747217,Smooth
50,2704,145.0,131.0,1.1068702290076335,0.13654816235597333,Smooth
50,2707,145.0,145.0,1.0,0.09288391325054632,Smooth
50,2760,145.0,145.0,1.0,0.2617272868905848,Smooth
50,2826,145.0,145.0,1.0,0.29333902810466017,Smooth
50,2867,145.0,134.0,1.0820895522388059,1.132486042517648,Erratic
51,1062,145.0,145.0,1.0,0.08211359017828804,Smooth
51,1109,145.0,145.0,1.0,0.27867268541588797,Smooth
51,1198,145.0,143.0,1.013986013986014,0.30597256066678624,Smooth
51,1207,145.0,142.0,1.0211267605633803,0.7829897947607667,Erratic
51,1216,145.0,141.0,1.0283687943262412,0.29738949514991175,Smooth
51,1230,145.0,139.0,1.0431654676258992,0.9937278634442988,Erratic
51,1247,145.0,126.0,1.1507936507936507,0.3198490439926368,Smooth
51,1248,145.0,143.0,1.013986013986014,0.47158178460796174,Smooth
51,1311,145.0,145.0,1.0,0.13623450034580914,Smooth
51,1438,145.0,145.0,1.0,0.2941767566271735,Smooth
51,1445,145.0,144.0,1.0069444444444444,1.5101714187529702,Erratic
51,1525,145.0,136.0,1.0661764705882353,0.14743285472764053,Smooth
51,1543,145.0,140.0,1.0357142857142858,0.36790874832268194,Smooth
51,1558,145.0,143.0,1.013986013986014,1.093034424061031,Erratic
51,1571,145.0,80.0,1.8125,0.7214058259301743,Lumpy
51,1727,145.0,145.0,1.0,1.4154425391688517,Erratic
51,1754,145.0,145.0,1.0,0.9673899809372645,Erratic
51,1770,145.0,122.0,1.1885245901639345,0.41564722861979503,Smooth
51,1778,145.0,145.0,1.0,0.1421374133701318,Smooth
51,1803,145.0,145.0,1.0,0.13829936746443236,Smooth
51,1847,145.0,134.0,1.0820895522388059,0.385899668518837,Smooth
51,1878,145.0,145.0,1.0,0.5947114988678038,Erratic
51,1885,145.0,145.0,1.0,0.07252279986293597,Smooth
51,1902,145.0,131.0,1.1068702290076335,0.368211593084488,Smooth
51,1962,145.0,145.0,1.0,0.6590156261708546,Erratic
51,1971,145.0,145.0,1.0,1.996860569778026,Erratic
51,1993,145.0,145.0,1.0,0.11471515457967323,Smooth
51,2104,145.0,30.0,4.833333333333333,0.7543503576801935,Lumpy
51,2126,145.0,138.0,1.0507246376811594,0.2616089766952677,Smooth
51,2139,145.0,130.0,1.1153846153846154,0.30442116487971854,Smooth
51,2290,145.0,145.0,1.0,1.3211887965156826,Erratic
51,2304,145.0,141.0,1.0283687943262412,0.5622161607919561,Erratic
51,2306,145.0,122.0,1.1885245901639345,0.8275265282695381,Erratic
51,2322,145.0,143.0,1.013986013986014,0.6832704579096767,Erratic
51,2444,145.0,139.0,1.0431654676258992,1.706740462255635,Erratic
51,2490,145.0,124.0,1.1693548387096775,1.0391496263932052,Erratic
51,2492,145.0,136.0,1.0661764705882353,1.1968477982371981,Erratic
51,2494,145.0,145.0,1.0,0.1984307580346548,Smooth
51,2539,145.0,145.0,1.0,0.15318746380980588,Smooth
51,2569,145.0,122.0,1.1885245901639345,0.3971953011383992,Smooth
51,2577,145.0,145.0,1.0,0.16836466744576212,Smooth
51,2581,145.0,145.0,1.0,0.7494008214001293,Erratic
51,2631,145.0,141.0,1.0283687943262412,0.43568488149524726,Smooth
51,2640,145.0,145.0,1.0,0.4664621083385282,Smooth
51,2664,145.0,128.0,1.1328125,0.3249746342042892,Smooth
51,2704,145.0,136.0,1.0661764705882353,0.32681410555473245,Smooth
51,2707,145.0,145.0,1.0,0.1092213405535548,Smooth
51,2760,145.0,145.0,1.0,0.8626380935236337,Erratic
51,2826,145.0,145.0,1.0,0.3526794422528656,Smooth
51,2867,145.0,123.0,1.1788617886178863,1.536030635323639,Erratic
51,2956,145.0,73.0,1.9863013698630136,0.37725151804270346,Intermittent
52,1062,145.0,145.0,1.0,0.07865072575942057,Smooth
52,1109,145.0,145.0,1.0,0.30866742585396906,Smooth
52,1198,145.0,145.0,1.0,0.0704519761997801,Smooth
52,1207,145.0,138.0,1.0507246376811594,0.6834525703828144,Erratic
52,1216,145.0,141.0,1.0283687943262412,0.2417864022509407,Smooth
52,1230,145.0,139.0,1.0431654676258992,0.6268885758153948,Erratic
52,1247,145.0,134.0,1.0820895522388059,0.3309702848130292,Smooth
52,1248,145.0,143.0,1.013986013986014,0.5132547260914904,Erratic
52,1311,145.0,145.0,1.0,0.04596453884168546,Smooth
52,1438,145.0,141.0,1.0283687943262412,0.30520601385227347,Smooth
52,1445,145.0,143.0,1.013986013986014,1.5277336990429986,Erratic
52,1525,145.0,136.0,1.0661764705882353,0.12770798646551637,Smooth
52,1543,145.0,144.0,1.0069444444444444,0.24519800391123955,Smooth
52,1558,145.0,145.0,1.0,0.9149079748906956,Erratic
52,1571,145.0,82.0,1.7682926829268293,0.3976225980195907,Intermittent
52,1727,145.0,145.0,1.0,0.8382705545507603,Erratic
52,1754,145.0,145.0,1.0,0.6592393927638812,Erratic
52,1770,145.0,141.0,1.0283687943262412,0.31184046889301226,Smooth
52,1778,145.0,145.0,1.0,0.09011406273280732,Smooth
52,1803,145.0,145.0,1.0,0.06894867336940926,Smooth
52,1847,145.0,142.0,1.0211267605633803,0.3048607731804069,Smooth
52,1878,145.0,145.0,1.0,0.8419204851108036,Erratic
52,1885,145.0,145.0,1.0,0.09828657494968852,Smooth
52,1902,145.0,141.0,1.0283687943262412,0.31504884295973595,Smooth
52,1962,145.0,145.0,1.0,0.6398554092737814,Erratic
52,1971,145.0,144.0,1.0069444444444444,1.166860449387247,Erratic
52,1993,145.0,145.0,1.0,0.10722357017668385,Smooth
52,2104,145.0,33.0,4.393939393939394,0.4047900365769271,Intermittent
52,2126,145.0,138.0,1.0507246376811594,0.30075712203492355,Smooth
52,2139,145.0,139.0,1.0431654676258992,0.28385051467043704,Smooth
52,2290,145.0,145.0,1.0,0.8687693549571405,Erratic
52,2304,145.0,143.0,1.013986013986014,0.351045315184859,Smooth
52,2306,145.0,137.0,1.0583941605839415,0.8873320815671549,Erratic
52,2322,145.0,142.0,1.0211267605633803,0.5911087210734957,Erratic
52,2444,145.0,144.0,1.0069444444444444,1.5116109366348827,Erratic
52,2490,145.0,123.0,1.1788617886178863,0.7680661880444477,Erratic
52,2492,145.0,139.0,1.0431654676258992,0.6424890422159156,Erratic
52,2494,145.0,144.0,1.0069444444444444,0.27127886033591997,Smooth
52,2539,145.0,145.0,1.0,0.22132816526537072,Smooth
52,2569,145.0,120.0,1.2083333333333333,0.3194540827594157,Smooth
52,2577,145.0,145.0,1.0,0.15579486449155125,Smooth
52,2581,145.0,145.0,1.0,0.7751366795539079,Erratic
52,2631,145.0,145.0,1.0,0.5398036404981008,Erratic
52,2640,145.0,145.0,1.0,0.36680055433759484,Smooth
52,2664,145.0,128.0,1.1328125,0.19217159527021596,Smooth
52,2704,145.0,137.0,1.0583941605839415,0.16006329200367192,Smooth
52,2707,145.0,145.0,1.0,0.08890635814678684,Smooth
52,2760,145.0,145.0,1.0,0.5454849044032399,Erratic
52,2826,145.0,145.0,1.0,0.21920630930275561,Smooth
52,2867,145.0,144.0,1.0069444444444444,1.2635267337900613,Erratic
52,2956,145.0,83.0,1.7469879518072289,0.31408397679897015,Intermittent
53,1062,145.0,145.0,1.0,0.10820036551688417,Smooth
53,1109,145.0,145.0,1.0,0.41877367144822264,Smooth
53,1198,145.0,143.0,1.013986013986014,0.1673317413129295,Smooth
53,1207,145.0,135.0,1.0740740740740742,0.7989107905174554,Erratic
53,1216,145.0,129.0,1.124031007751938,0.3875456373435298,Smooth
53,1230,145.0,137.0,1.0583941605839415,0.9801073959759733,Erratic
53,1247,145.0,113.0,1.2831858407079646,0.29594798187424093,Smooth
53,1248,145.0,139.0,1.0431654676258992,0.5887869600742848,Erratic
53,1311,145.0,144.0,1.0069444444444444,0.18637889035414315,Smooth
53,1438,145.0,122.0,1.1885245901639345,0.38815911690755944,Smooth
53,1445,145.0,128.0,1.1328125,1.2626219875352518,Erratic
53,1525,145.0,136.0,1.0661764705882353,0.2661455320686233,Smooth
53,1543,145.0,137.0,1.0583941605839415,0.3552379412125923,Smooth
53,1558,145.0,137.0,1.0583941605839415,1.0127081000714968,Erratic
53,1571,145.0,72.0,2.013888888888889,0.44246007758118494,Intermittent
53,1727,145.0,145.0,1.0,1.1075340963851301,Erratic
53,1754,145.0,144.0,1.0069444444444444,0.8873553238928888,Erratic
53,1770,145.0,74.0,1.9594594594594594,0.18175513477276461,Intermittent
53,1778,145.0,145.0,1.0,0.16010839153843545,Smooth
53,1803,145.0,145.0,1.0,0.11566327826836027,Smooth
53,1847,145.0,112.0,1.2946428571428572,0.343322882438064,Smooth
53,1878,145.0,140.0,1.0357142857142858,0.4301321314824429,Smooth
53,1885,145.0,145.0,1.0,0.11169795504419547,Smooth
53,1902,145.0,90.0,1.6111111111111112,0.2277399737125507,Intermittent
53,1962,145.0,145.0,1.0,0.7307518333284531,Erratic
53,1971,145.0,144.0,1.0069444444444444,1.6174316102851671,Erratic
53,1993,145.0,145.0,1.0,0.1198144346722093,Smooth
53,2104,145.0,25.0,5.8,0.2590715392561983,Intermittent
53,2126,145.0,125.0,1.16,0.3648923747612547,Smooth
53,2139,145.0,109.0,1.3302752293577982,0.3634484759161584,Intermittent
53,2290,145.0,145.0,1.0,1.0272646154097187,Erratic
53,2304,145.0,132.0,1.0984848484848484,0.4350745612955582,Smooth
53,2306,145.0,108.0,1.3425925925925926,0.5979585113917285,Lumpy
53,2322,145.0,143.0,1.013986013986014,0.6083992925324953,Erratic
53,2444,145.0,135.0,1.0740740740740742,1.3186740802816532,Erratic
53,2490,145.0,122.0,1.1885245901639345,0.9468656495605867,Erratic
53,2492,145.0,126.0,1.1507936507936507,0.546555333843781,Erratic
53,2494,145.0,129.0,1.124031007751938,0.32712755984965963,Smooth
53,2539,145.0,144.0,1.0069444444444444,0.33443525720915507,Smooth
53,2569,145.0,122.0,1.1885245901639345,0.45521912396555547,Smooth
53,2577,145.0,142.0,1.0211267605633803,0.2831368984624019,Smooth
53,2581,145.0,140.0,1.0357142857142858,0.8394869469942594,Erratic
53,2631,145.0,141.0,1.0283687943262412,0.45236800560151064,Smooth
53,2640,145.0,143.0,1.013986013986014,0.499818525878581,Erratic
53,2664,145.0,127.0,1.141732283464567,0.24857078724487014,Smooth
53,2704,145.0,142.0,1.0211267605633803,0.35830186116324325,Smooth
53,2707,145.0,145.0,1.0,0.11144946890018326,Smooth
53,2760,145.0,142.0,1.0211267605633803,0.7496907616939325,Erratic
53,2826,145.0,145.0,1.0,0.26178440955322163,Smooth
53,2867,145.0,109.0,1.3302752293577982,1.4161539057422703,Lumpy
53,2956,145.0,61.0,2.377049180327869,0.3083599709129312,Intermittent
55,1062,145.0,145.0,1.0,0.14105614948907425,Smooth
55,1109,145.0,144.0,1.0069444444444444,0.24515312301649797,Smooth
55,1198,145.0,101.0,1.4356435643564356,0.27774950813205895,Intermittent
55,1207,145.0,142.0,1.0211267605633803,1.1170386760197288,Erratic
55,1216,145.0,96.0,1.5104166666666667,0.24165427456316568,Intermittent
55,1230,145.0,140.0,1.0357142857142858,1.1608578896445327,Erratic
55,1247,145.0,22.0,6.590909090909091,0.16217015452257566,Intermittent
55,1248,145.0,124.0,1.1693548387096775,0.5218776235496132,Erratic
55,1311,145.0,141.0,1.0283687943262412,0.2203553830470763,Smooth
55,1445,145.0,99.0,1.4646464646464648,1.2790520253318025,Lumpy
55,1525,145.0,109.0,1.3302752293577982,0.352131675827849,Intermittent
55,1543,145.0,106.0,1.3679245283018868,0.4445829405580368,Intermittent
55,1558,145.0,139.0,1.0431654676258992,0.9334147422478932,Erratic
55,1571,145.0,52.0,2.7884615384615383,0.2015892494159353,Intermittent
55,1727,145.0,145.0,1.0,0.3493076029131321,Smooth
55,1754,145.0,145.0,1.0,1.6917455588876318,Erratic
55,1770,145.0,21.0,6.904761904761905,0.06440679631686011,Intermittent
55,1778,145.0,145.0,1.0,0.22775294408641836,Smooth
55,1803,145.0,136.0,1.0661764705882353,0.3388039174872593,Smooth
55,1878,145.0,45.0,3.2222222222222223,0.7695658845039557,Lumpy
55,1885,145.0,145.0,1.0,0.25804968798831784,Smooth
55,1902,145.0,37.0,3.918918918918919,0.08228303960053893,Intermittent
55,1962,145.0,144.0,1.0069444444444444,0.6883585338906696,Erratic
55,1971,145.0,145.0,1.0,2.225442245766808,Erratic
55,1993,145.0,145.0,1.0,0.30063162446858693,Smooth
55,2126,145.0,67.0,2.1641791044776117,0.1824716699805595,Intermittent
55,2139,145.0,101.0,1.4356435643564356,0.2673568104704792,Intermittent
55,2290,145.0,145.0,1.0,1.6404307305212562,Erratic
55,2304,145.0,83.0,1.7469879518072289,0.3222832246837352,Intermittent
55,2306,145.0,60.0,2.4166666666666665,0.28522284802191794,Intermittent
55,2322,145.0,141.0,1.0283687943262412,1.0364964000664634,Erratic
55,2444,145.0,114.0,1.2719298245614035,1.2442727656435781,Erratic
55,2490,145.0,123.0,1.1788617886178863,1.5817283963360986,Erratic
55,2492,145.0,117.0,1.2393162393162394,0.3265691906363323,Smooth
55,2539,145.0,144.0,1.0069444444444444,0.29304032315634626,Smooth
55,2569,145.0,114.0,1.2719298245614035,0.39243518076979966,Smooth
55,2577,145.0,13.0,11.153846153846153,0.29618653098193826,Intermittent
55,2581,145.0,142.0,1.0211267605633803,0.9507278091025656,Erratic
55,2631,145.0,129.0,1.124031007751938,0.4104752490464379,Smooth
55,2640,145.0,100.0,1.45,0.6889573077328496,Lumpy
55,2664,145.0,124.0,1.1693548387096775,0.1413543218454132,Smooth
55,2704,145.0,92.0,1.576086956521739,0.2624359271827671,Intermittent
55,2707,145.0,145.0,1.0,0.2183229550907625,Smooth
55,2760,145.0,108.0,1.3425925925925926,0.4524276907391672,Intermittent
55,2826,145.0,144.0,1.0069444444444444,0.18459162261091555,Smooth
55,2867,145.0,111.0,1.3063063063063063,0.8021199768343846,Erratic
55,2956,145.0,16.0,9.0625,0.5572889965946509,Lumpy
57,1062,145.0,145.0,1.0,0.07178010865463928,Smooth
57,1109,145.0,145.0,1.0,0.5025149754753316,Erratic
57,1207,145.0,77.0,1.8831168831168832,0.43820460822508783,Intermittent
57,1216,145.0,105.0,1.380952380952381,0.48761135848974385,Intermittent
57,1230,145.0,142.0,1.0211267605633803,0.330248263498239,Smooth
57,1247,145.0,34.0,4.264705882352941,0.09603253814785957,Intermittent
57,1248,145.0,116.0,1.25,0.516713385419773,Erratic
57,1445,145.0,99.0,1.4646464646464648,1.071079689233702,Lumpy
57,1525,145.0,16.0,9.0625,0.2961856751646541,Intermittent
57,1543,145.0,121.0,1.1983471074380165,0.5140423129664902,Erratic
57,1558,145.0,140.0,1.0357142857142858,0.635196087632419,Erratic
57,1727,145.0,145.0,1.0,0.4585476076215041,Smooth
57,1754,145.0,145.0,1.0,1.2960297261187221,Erratic
57,1770,145.0,25.0,5.8,0.0031621767139335985,Intermittent
57,1778,145.0,145.0,1.0,0.2602735500171225,Smooth
57,1878,145.0,124.0,1.1693548387096775,0.5252232839855564,Erratic
57,1885,145.0,137.0,1.0583941605839415,0.6655993021287291,Erratic
57,1902,145.0,22.0,6.590909090909091,0.07286413316642781,Intermittent
57,1962,145.0,143.0,1.013986013986014,0.5582087264238789,Erratic
57,1971,145.0,144.0,1.0069444444444444,1.6091421492100493,Erratic
57,1993,145.0,138.0,1.0507246376811594,0.5245645848573454,Erratic
57,2126,145.0,99.0,1.4646464646464648,0.4042633396577046,Intermittent
57,2139,145.0,83.0,1.7469879518072289,0.26427588738847346,Intermittent
57,2290,145.0,145.0,1.0,1.0588287645447356,Erratic
57,2304,145.0,123.0,1.1788617886178863,0.3717377621999437,Smooth
57,2306,145.0,63.0,2.3015873015873014,0.7612734465383819,Lumpy
57,2322,145.0,145.0,1.0,0.3589484663264184,Smooth
57,2444,145.0,84.0,1.7261904761904763,2.001770531800494,Lumpy
57,2490,145.0,119.0,1.218487394957983,0.9842245068146324,Erratic
57,2492,145.0,110.0,1.3181818181818181,0.5946048114674817,Erratic
57,2539,145.0,138.0,1.0507246376811594,1.4173036797675396,Erratic
57,2569,145.0,126.0,1.1507936507936507,0.3092553687626112,Smooth
57,2577,145.0,35.0,4.142857142857143,0.2063738517342886,Intermittent
57,2581,145.0,145.0,1.0,0.4944068216787627,Erratic
57,2631,145.0,132.0,1.0984848484848484,0.48193485859434576,Smooth
57,2640,145.0,137.0,1.0583941605839415,0.3563509333580174,Smooth
57,2664,145.0,129.0,1.124031007751938,0.21746556653318908,Smooth
57,2704,145.0,23.0,6.304347826086956,0.3527570201337428,Intermittent
57,2707,145.0,145.0,1.0,0.15298013328628135,Smooth
57,2760,145.0,6.0,24.166666666666668,0.004081632653061225,Intermittent
57,2826,145.0,145.0,1.0,0.6778986478317878,Erratic
57,2867,145.0,61.0,2.377049180327869,0.8995614035087718,Lumpy
58,1062,145.0,145.0,1.0,0.081396960587726,Smooth
58,1109,145.0,145.0,1.0,0.9406064998901803,Erratic
58,1207,145.0,145.0,1.0,0.2785592393479075,Smooth
58,1216,145.0,128.0,1.1328125,0.48230828724264135,Smooth
58,1230,145.0,145.0,1.0,0.3567350917533117,Smooth
58,1247,145.0,41.0,3.5365853658536586,0.23111489882349237,Intermittent
58,1248,145.0,141.0,1.0283687943262412,0.5063229335575519,Erratic
58,1445,145.0,89.0,1.6292134831460674,1.9195436188569297,Lumpy
58,1525,145.0,100.0,1.45,0.520223172775839,Lumpy
58,1543,145.0,131.0,1.1068702290076335,0.7775400731260567,Erratic
58,1558,145.0,137.0,1.0583941605839415,0.6934547585310369,Erratic
58,1571,145.0,58.0,2.5,0.34043670955165695,Intermittent
58,1727,145.0,145.0,1.0,0.7055512634345631,Erratic
58,1754,145.0,145.0,1.0,2.2033550471071637,Erratic
58,1770,145.0,63.0,2.3015873015873014,0.19788477841965912,Intermittent
58,1778,145.0,145.0,1.0,0.1928413450703478,Smooth
58,1878,145.0,144.0,1.0069444444444444,0.2925989548929377,Smooth
58,1885,145.0,145.0,1.0,0.22041991724590732,Smooth
58,1902,145.0,42.0,3.4523809523809526,0.08930140487502113,Intermittent
58,1962,145.0,141.0,1.0283687943262412,0.5916819867258565,Erratic
58,1971,145.0,145.0,1.0,2.1046944439971655,Erratic
58,1993,145.0,145.0,1.0,0.3175671491502435,Smooth
58,2104,145.0,65.0,2.230769230769231,0.7534274476102204,Lumpy
58,2126,145.0,107.0,1.355140186915888,0.47648844887151526,Intermittent
58,2139,145.0,116.0,1.25,0.354588636802118,Smooth
58,2290,145.0,145.0,1.0,0.9259033988830976,Erratic
58,2304,145.0,132.0,1.0984848484848484,0.4184105929999916,Smooth
58,2306,145.0,88.0,1.6477272727272727,0.9825488709745737,Lumpy
58,2322,145.0,145.0,1.0,0.4497970619111947,Smooth
58,2444,145.0,83.0,1.7469879518072289,1.8124882212671467,Lumpy
58,2490,145.0,120.0,1.2083333333333333,1.1818021684039146,Erratic
58,2492,145.0,123.0,1.1788617886178863,0.6972601899822266,Erratic
58,2539,145.0,141.0,1.0283687943262412,0.7323686396408603,Erratic
58,2569,145.0,127.0,1.141732283464567,0.2589339153379515,Smooth
58,2577,145.0,27.0,5.37037037037037,0.6149016533895756,Lumpy
58,2581,145.0,143.0,1.013986013986014,0.7752944435255408,Erratic
58,2631,145.0,144.0,1.0069444444444444,0.2914061536227233,Smooth
58,2640,145.0,140.0,1.0357142857142858,0.4472837478831903,Smooth
58,2664,145.0,128.0,1.1328125,0.2860545899104675,Smooth
58,2704,145.0,135.0,1.0740740740740742,0.6410165796426656,Erratic
58,2707,145.0,145.0,1.0,0.10224866175959235,Smooth
58,2760,145.0,130.0,1.1153846153846154,0.4357543569413183,Smooth
58,2826,145.0,145.0,1.0,0.8565827090750011,Erratic
58,2867,145.0,102.0,1.4215686274509804,1.2223977107024127,Lumpy
59,1062,145.0,145.0,1.0,0.10136443532292938,Smooth
59,1109,145.0,145.0,1.0,0.3373286714733419,Smooth
59,1198,145.0,125.0,1.16,0.1482635824180639,Smooth
59,1207,145.0,136.0,1.0661764705882353,0.8582069555078687,Erratic
59,1216,145.0,128.0,1.1328125,0.3417200999588066,Smooth
59,1230,145.0,140.0,1.0357142857142858,0.8787174408063995,Erratic
59,1247,145.0,118.0,1.228813559322034,0.32756632064590546,Smooth
59,1248,145.0,135.0,1.0740740740740742,0.8265447725414072,Erratic
59,1311,145.0,145.0,1.0,0.1281484813452249,Smooth
59,1438,145.0,136.0,1.0661764705882353,0.43821178447309383,Smooth
59,1445,145.0,143.0,1.013986013986014,1.0322511257237377,Erratic
59,1525,145.0,136.0,1.0661764705882353,0.1725649820807151,Smooth
59,1543,145.0,138.0,1.0507246376811594,0.4232676216172288,Smooth
59,1558,145.0,144.0,1.0069444444444444,1.007825183513068,Erratic
59,1571,145.0,76.0,1.9078947368421053,0.2772855078354376,Intermittent
59,1727,145.0,145.0,1.0,0.8536604672520194,Erratic
59,1754,145.0,145.0,1.0,0.7770676760726668,Erratic
59,1770,145.0,112.0,1.2946428571428572,0.41932592339768404,Smooth
59,1778,145.0,145.0,1.0,0.17070555712588079,Smooth
59,1803,145.0,145.0,1.0,0.10918811094166318,Smooth
59,1847,145.0,118.0,1.228813559322034,0.4852415741462494,Smooth
59,1878,145.0,144.0,1.0069444444444444,0.3436241602120962,Smooth
59,1885,145.0,145.0,1.0,0.045157538206559565,Smooth
59,1902,145.0,112.0,1.2946428571428572,0.33735300440900584,Smooth
59,1962,145.0,145.0,1.0,0.5244684526723981,Erratic
59,1971,145.0,145.0,1.0,1.580755728861311,Erratic
59,1993,145.0,145.0,1.0,0.11541137632974877,Smooth
59,2126,145.0,137.0,1.0583941605839415,0.32958170151418537,Smooth
59,2139,145.0,119.0,1.218487394957983,0.3137689503759216,Smooth
59,2290,145.0,145.0,1.0,1.0779368364999027,Erratic
59,2304,145.0,129.0,1.124031007751938,0.4406526491667181,Smooth
59,2306,145.0,127.0,1.141732283464567,0.7728655449556389,Erratic
59,2322,145.0,144.0,1.0069444444444444,0.5512191538232025,Erratic
59,2444,145.0,137.0,1.0583941605839415,1.4927376360718554,Erratic
59,2490,145.0,124.0,1.1693548387096775,0.9246835265813903,Erratic
59,2492,145.0,124.0,1.1693548387096775,0.8747152521062366,Erratic
59,2494,145.0,128.0,1.1328125,0.37935898277129726,Smooth
59,2539,145.0,145.0,1.0,0.26731770434760704,Smooth
59,2569,145.0,120.0,1.2083333333333333,0.45163490117798416,Smooth
59,2577,145.0,144.0,1.0069444444444444,0.21503303255466955,Smooth
59,2581,145.0,145.0,1.0,0.6986041229449534,Erratic
59,2631,145.0,140.0,1.0357142857142858,0.7326531535287186,Erratic
59,2640,145.0,145.0,1.0,0.20367908302608603,Smooth
59,2664,145.0,128.0,1.1328125,0.31616144579493205,Smooth
59,2704,145.0,136.0,1.0661764705882353,0.17693194992762912,Smooth
59,2707,145.0,145.0,1.0,0.09466298641594378,Smooth
59,2760,145.0,145.0,1.0,0.2360611752948995,Smooth
59,2826,145.0,145.0,1.0,0.428498450826207,Smooth
59,2867,145.0,145.0,1.0,1.1180786788430719,Erratic
59,2956,145.0,83.0,1.7469879518072289,0.3631559446366792,Intermittent
61,1062,145.0,145.0,1.0,0.13367406009122018,Smooth
61,1109,145.0,145.0,1.0,0.4165585448173342,Smooth
61,1207,145.0,144.0,1.0069444444444444,0.43197484559237687,Smooth
61,1216,145.0,138.0,1.0507246376811594,0.41141617511744616,Smooth
61,1230,145.0,144.0,1.0069444444444444,0.34914810058593304,Smooth
61,1247,145.0,110.0,1.3181818181818181,0.29238776451927695,Smooth
61,1248,145.0,139.0,1.0431654676258992,0.6391927272825844,Erratic
61,1445,145.0,125.0,1.16,1.055436295337397,Erratic
61,1525,145.0,145.0,1.0,0.3130314849097991,Smooth
61,1543,145.0,138.0,1.0507246376811594,0.35963158723592903,Smooth
61,1558,145.0,144.0,1.0069444444444444,0.5085108385158092,Erratic
61,1571,145.0,84.0,1.7261904761904763,0.9197773313033087,Lumpy
61,1727,145.0,145.0,1.0,0.9783204569623989,Erratic
61,1754,145.0,145.0,1.0,1.1209788199149646,Erratic
61,1770,145.0,108.0,1.3425925925925926,0.40646325277885326,Intermittent
61,1778,145.0,145.0,1.0,0.16232070669356052,Smooth
61,1878,145.0,145.0,1.0,0.23167276781405824,Smooth
61,1885,145.0,145.0,1.0,0.7300513854439159,Erratic
61,1902,145.0,106.0,1.3679245283018868,0.3914323285395503,Intermittent
61,1962,145.0,145.0,1.0,0.5773603334248236,Erratic
61,1971,145.0,145.0,1.0,1.2938191800188876,Erratic
61,1993,145.0,145.0,1.0,0.12488484674479128,Smooth
61,2104,145.0,83.0,1.7469879518072289,1.3504078163514481,Lumpy
61,2126,145.0,129.0,1.124031007751938,0.3221453382295373,Smooth
61,2139,145.0,126.0,1.1507936507936507,0.3478669439307555,Smooth
61,2290,145.0,145.0,1.0,0.7371882953886066,Erratic
61,2304,145.0,120.0,1.2083333333333333,0.4999200563175079,Erratic
61,2306,145.0,106.0,1.3679245283018868,0.6996608782023788,Lumpy
61,2322,145.0,143.0,1.013986013986014,0.31668316890174536,Smooth
61,2444,145.0,117.0,1.2393162393162394,1.152833827804988,Erratic
61,2490,145.0,120.0,1.2083333333333333,0.7313402575259975,Erratic
61,2492,145.0,119.0,1.218487394957983,0.7954563370416585,Erratic
61,2539,145.0,145.0,1.0,0.21558883221704345,Smooth
61,2569,145.0,127.0,1.141732283464567,0.23506675322735712,Smooth
61,2577,145.0,144.0,1.0069444444444444,0.19138042046170592,Smooth
61,2581,145.0,144.0,1.0069444444444444,0.6827058260183361,Erratic
61,2631,145.0,143.0,1.013986013986014,0.3337611086010787,Smooth
61,2640,145.0,145.0,1.0,0.25095469022272154,Smooth
61,2664,145.0,129.0,1.124031007751938,0.23452487444427228,Smooth
61,2704,145.0,133.0,1.0902255639097744,0.3162067625006186,Smooth
61,2707,145.0,145.0,1.0,0.10016677755432127,Smooth
61,2760,145.0,145.0,1.0,0.28175362814411536,Smooth
61,2826,145.0,145.0,1.0,0.5555256393158553,Erratic
61,2867,145.0,122.0,1.1885245901639345,0.7395004323126448,Erratic
61,2956,145.0,5.0,29.0,0.2624489795918368,Intermittent
64,1062,145.0,145.0,1.0,0.06876813274062316,Smooth
64,1109,145.0,145.0,1.0,0.45416139774325326,Smooth
64,1207,145.0,142.0,1.0211267605633803,0.2885853585100392,Smooth
64,1216,145.0,138.0,1.0507246376811594,0.3153996788581298,Smooth
64,1230,145.0,132.0,1.0984848484848484,0.35820372190079186,Smooth
64,1247,145.0,78.0,1.858974358974359,0.3118950437317786,Intermittent
64,1248,145.0,117.0,1.2393162393162394,0.7043766388342105,Erratic
64,1445,145.0,128.0,1.1328125,1.11182062755096,Erratic
64,1525,145.0,145.0,1.0,0.33860647060301463,Smooth
64,1543,145.0,127.0,1.141732283464567,0.4289031861269558,Smooth
64,1558,145.0,141.0,1.0283687943262412,0.6356209116019521,Erratic
64,1571,145.0,15.0,9.666666666666666,0.5061043851404828,Lumpy
64,1727,145.0,145.0,1.0,0.874146161707098,Erratic
64,1754,145.0,145.0,1.0,0.8668426768964784,Erratic
64,1770,145.0,71.0,2.0422535211267605,0.2300526475386437,Intermittent
64,1778,145.0,145.0,1.0,0.1227731658421086,Smooth
64,1878,145.0,144.0,1.0069444444444444,0.28400689124812484,Smooth
64,1885,145.0,145.0,1.0,0.09767849488670288,Smooth
64,1902,145.0,111.0,1.3063063063063063,0.34902547229725084,Smooth
64,1962,145.0,145.0,1.0,0.4866024260186108,Smooth
64,1971,145.0,144.0,1.0069444444444444,1.1707223558370172,Erratic
64,1993,145.0,145.0,1.0,0.16594468266006765,Smooth
64,2104,145.0,10.0,14.5,0.9591478395556268,Lumpy
64,2126,145.0,123.0,1.1788617886178863,0.40171797967435874,Smooth
64,2139,145.0,136.0,1.0661764705882353,0.2993636231863728,Smooth
64,2290,145.0,145.0,1.0,0.5188615379830236,Erratic
64,2304,145.0,121.0,1.1983471074380165,0.5708985921997984,Erratic
64,2306,145.0,99.0,1.4646464646464648,0.5132748764735615,Lumpy
64,2322,145.0,144.0,1.0069444444444444,0.24058491182259467,Smooth
64,2444,145.0,112.0,1.2946428571428572,1.7258687637916221,Erratic
64,2490,145.0,118.0,1.228813559322034,0.5709680767059332,Erratic
64,2492,145.0,126.0,1.1507936507936507,0.5790012155186524,Erratic
64,2539,145.0,144.0,1.0069444444444444,0.20360882203128994,Smooth
64,2569,145.0,126.0,1.1507936507936507,0.21999379749655082,Smooth
64,2577,145.0,140.0,1.0357142857142858,0.345611599491133,Smooth
64,2581,145.0,143.0,1.013986013986014,0.4932533812560912,Erratic
64,2631,145.0,137.0,1.0583941605839415,0.6945059312526162,Erratic
64,2640,145.0,144.0,1.0069444444444444,0.22526722041560626,Smooth
64,2664,145.0,129.0,1.124031007751938,0.14876341176884297,Smooth
64,2704,145.0,145.0,1.0,0.1946602166422121,Smooth
64,2707,145.0,145.0,1.0,0.09731947386804865,Smooth
64,2760,145.0,145.0,1.0,0.2128323461457677,Smooth
64,2826,145.0,145.0,1.0,0.30245581343479344,Smooth
64,2867,145.0,67.0,2.1641791044776117,1.3826989930906626,Lumpy
64,2956,145.0,10.0,14.5,0.5697743963102899,Lumpy
65,1062,145.0,145.0,1.0,0.07599478188301392,Smooth
65,1109,145.0,145.0,1.0,0.4098519009564672,Smooth
65,1207,145.0,145.0,1.0,0.2725279252938662,Smooth
65,1216,145.0,137.0,1.0583941605839415,0.4573370384292961,Smooth
65,1230,145.0,145.0,1.0,0.21911012039261477,Smooth
65,1247,145.0,135.0,1.0740740740740742,0.28809117016909497,Smooth
65,1248,145.0,136.0,1.0661764705882353,0.6780930724446034,Erratic
65,1445,145.0,145.0,1.0,0.9959771428078876,Erratic
65,1525,145.0,132.0,1.0984848484848484,0.26697235309563777,Smooth
65,1543,145.0,139.0,1.0431654676258992,0.4194220959372033,Smooth
65,1558,145.0,144.0,1.0069444444444444,0.6122925699482905,Erratic
65,1571,145.0,84.0,1.7261904761904763,0.32756652701380296,Intermittent
65,1727,145.0,145.0,1.0,0.7956692571048646,Erratic
65,1754,145.0,145.0,1.0,0.5078559409925691,Erratic
65,1770,145.0,107.0,1.355140186915888,0.2727854870880052,Intermittent
65,1778,145.0,145.0,1.0,0.20453057618044002,Smooth
65,1878,145.0,145.0,1.0,0.14648556742378158,Smooth
65,1885,145.0,145.0,1.0,0.08022747093802043,Smooth
65,1902,145.0,105.0,1.380952380952381,0.32208302577421194,Intermittent
65,1962,145.0,145.0,1.0,0.2950840705878073,Smooth
65,1971,145.0,145.0,1.0,0.6413548880138253,Erratic
65,1993,145.0,145.0,1.0,0.09606052251987096,Smooth
65,2104,145.0,86.0,1.686046511627907,0.4051934457059983,Intermittent
65,2126,145.0,143.0,1.013986013986014,0.3506822148581125,Smooth
65,2139,145.0,114.0,1.2719298245614035,0.36607952575335345,Smooth
65,2290,145.0,145.0,1.0,0.5383330548238818,Erratic
65,2304,145.0,135.0,1.0740740740740742,0.4535201347440133,Smooth
65,2306,145.0,117.0,1.2393162393162394,0.6916852576423662,Erratic
65,2322,145.0,145.0,1.0,0.31280966045502945,Smooth
65,2444,145.0,135.0,1.0740740740740742,1.417981310593792,Erratic
65,2490,145.0,118.0,1.228813559322034,0.5611945082307974,Erratic
65,2492,145.0,138.0,1.0507246376811594,0.9223356061905839,Erratic
65,2539,145.0,145.0,1.0,0.4398475730697782,Smooth
65,2569,145.0,128.0,1.1328125,0.24323125019717975,Smooth
65,2577,145.0,144.0,1.0069444444444444,0.15574502507970497,Smooth
65,2581,145.0,145.0,1.0,0.5539599631243584,Erratic
65,2631,145.0,139.0,1.0431654676258992,0.4146385098590353,Smooth
65,2640,145.0,145.0,1.0,0.13035408427340867,Smooth
65,2664,145.0,132.0,1.0984848484848484,0.1900902233456408,Smooth
65,2704,145.0,137.0,1.0583941605839415,0.3080931971296821,Smooth
65,2707,145.0,145.0,1.0,0.12267894052686379,Smooth
65,2760,145.0,143.0,1.013986013986014,0.33480104077942213,Smooth
65,2826,145.0,145.0,1.0,0.27659428676932823,Smooth
65,2867,145.0,143.0,1.013986013986014,0.9853449228190873,Erratic
65,2956,145.0,86.0,1.686046511627907,0.3849324290116149,Intermittent
66,1062,145.0,145.0,1.0,0.07586354210562149,Smooth
66,1109,145.0,145.0,1.0,0.28796859665429253,Smooth
66,1207,145.0,145.0,1.0,0.21483694568036402,Smooth
66,1216,145.0,139.0,1.0431654676258992,0.35328505971764196,Smooth
66,1230,145.0,145.0,1.0,0.2026827768994784,Smooth
66,1247,145.0,129.0,1.124031007751938,0.27776539337766964,Smooth
66,1248,145.0,135.0,1.0740740740740742,1.1666441970063983,Erratic
66,1445,145.0,145.0,1.0,0.9487067411833693,Erratic
66,1525,145.0,140.0,1.0357142857142858,0.2871191042900958,Smooth
66,1543,145.0,139.0,1.0431654676258992,1.3535706177098983,Erratic
66,1558,145.0,145.0,1.0,0.5151537521885214,Erratic
66,1571,145.0,84.0,1.7261904761904763,0.5029575355763092,Lumpy
66,1727,145.0,145.0,1.0,1.2818265515502651,Erratic
66,1754,145.0,145.0,1.0,0.7117465996855575,Erratic
66,1770,145.0,121.0,1.1983471074380165,0.2668726465488697,Smooth
66,1778,145.0,145.0,1.0,0.16164642775475807,Smooth
66,1878,145.0,145.0,1.0,0.10918652010246441,Smooth
66,1885,145.0,145.0,1.0,0.09041828469809257,Smooth
66,1902,145.0,110.0,1.3181818181818181,0.31368286823769753,Smooth
66,1962,145.0,145.0,1.0,0.46666808181183256,Smooth
66,1971,145.0,145.0,1.0,1.0624191936403184,Erratic
66,1993,145.0,145.0,1.0,0.09887233558571615,Smooth
66,2104,145.0,82.0,1.7682926829268293,0.4753133327460262,Intermittent
66,2126,145.0,136.0,1.0661764705882353,0.28689581528277264,Smooth
66,2139,145.0,127.0,1.141732283464567,0.3802545815417209,Smooth
66,2290,145.0,145.0,1.0,0.5635934597683461,Erratic
66,2304,145.0,138.0,1.0507246376811594,0.6835131875019166,Erratic
66,2306,145.0,116.0,1.25,0.7052420321538495,Erratic
66,2322,145.0,145.0,1.0,0.24194538252205408,Smooth
66,2444,145.0,142.0,1.0211267605633803,1.2076933542353305,Erratic
66,2490,145.0,117.0,1.2393162393162394,0.6755982404430259,Erratic
66,2492,145.0,132.0,1.0984848484848484,0.9717018236168031,Erratic
66,2539,145.0,145.0,1.0,0.2552788606734825,Smooth
66,2569,145.0,128.0,1.1328125,0.29668731182437474,Smooth
66,2577,145.0,144.0,1.0069444444444444,0.13018450216405436,Smooth
66,2581,145.0,145.0,1.0,0.4320163414638667,Smooth
66,2631,145.0,144.0,1.0069444444444444,0.8594752763149339,Erratic
66,2640,145.0,145.0,1.0,0.11097886739048698,Smooth
66,2664,145.0,131.0,1.1068702290076335,0.22464399107599614,Smooth
66,2704,145.0,145.0,1.0,0.22319937437537218,Smooth
66,2707,145.0,145.0,1.0,0.08242078247839081,Smooth
66,2760,145.0,145.0,1.0,0.20559277833120126,Smooth
66,2826,145.0,145.0,1.0,0.31119699970973047,Smooth
66,2867,145.0,137.0,1.0583941605839415,0.8817730509720886,Erratic
66,2956,145.0,84.0,1.7261904761904763,0.450868904103646,Intermittent
67,1062,145.0,145.0,1.0,0.08357391294138267,Smooth
67,1109,145.0,145.0,1.0,0.3758289848440644,Smooth
67,1198,145.0,106.0,1.3679245283018868,0.17436575149708525,Intermittent
67,1207,145.0,139.0,1.0431654676258992,0.7271542740488464,Erratic
67,1216,145.0,141.0,1.0283687943262412,0.291551731995375,Smooth
67,1230,145.0,138.0,1.0507246376811594,0.7601888011236281,Erratic
67,1247,145.0,144.0,1.0069444444444444,0.22006336788317055,Smooth
67,1248,145.0,144.0,1.0069444444444444,0.8895577854721916,Erratic
67,1311,145.0,145.0,1.0,0.12165413949391177,Smooth
67,1438,145.0,144.0,1.0069444444444444,0.22364320954707,Smooth
67,1445,145.0,145.0,1.0,1.3254796243097453,Erratic
67,1525,145.0,135.0,1.0740740740740742,0.11146653145195543,Smooth
67,1543,145.0,143.0,1.013986013986014,0.31749909945046567,Smooth
67,1558,145.0,145.0,1.0,0.933652025174495,Erratic
67,1571,145.0,75.0,1.9333333333333333,0.37466739330471704,Intermittent
67,1727,145.0,145.0,1.0,1.0273234121068087,Erratic
67,1754,145.0,145.0,1.0,0.8189187726088415,Erratic
67,1770,145.0,130.0,1.1153846153846154,0.27145999341094373,Smooth
67,1778,145.0,145.0,1.0,0.0815055355540626,Smooth
67,1803,145.0,145.0,1.0,0.07131721569379823,Smooth
67,1847,145.0,140.0,1.0357142857142858,0.3079036687808345,Smooth
67,1878,145.0,145.0,1.0,0.25297591034339145,Smooth
67,1885,145.0,145.0,1.0,0.036689135965014184,Smooth
67,1902,145.0,142.0,1.0211267605633803,0.31139552304340595,Smooth
67,1962,145.0,145.0,1.0,0.5148563303452574,Erratic
67,1971,145.0,145.0,1.0,2.140274684111497,Erratic
67,1993,145.0,145.0,1.0,0.0749847577467923,Smooth
67,2104,145.0,26.0,5.576923076923077,0.5956115247410549,Lumpy
67,2126,145.0,138.0,1.0507246376811594,0.2447412021356772,Smooth
67,2139,145.0,138.0,1.0507246376811594,0.23053915254308782,Smooth
67,2290,145.0,145.0,1.0,0.9831928703406028,Erratic
67,2304,145.0,141.0,1.0283687943262412,0.3683310686570703,Smooth
67,2306,145.0,131.0,1.1068702290076335,0.7409764587870812,Erratic
67,2322,145.0,141.0,1.0283687943262412,0.559302829585603,Erratic
67,2444,145.0,145.0,1.0,1.2490577363282114,Erratic
67,2490,145.0,122.0,1.1885245901639345,0.7330196337410919,Erratic
67,2492,145.0,134.0,1.0820895522388059,0.9866067688300507,Erratic
67,2494,145.0,140.0,1.0357142857142858,0.2757810480309495,Smooth
67,2539,145.0,145.0,1.0,0.2344541349540513,Smooth
67,2569,145.0,122.0,1.1885245901639345,0.3111558624951371,Smooth
67,2577,145.0,145.0,1.0,0.11969168329380436,Smooth
67,2581,145.0,145.0,1.0,0.6290250772946598,Erratic
67,2631,145.0,141.0,1.0283687943262412,0.44162677937447165,Smooth
67,2640,145.0,145.0,1.0,0.19984470586508601,Smooth
67,2664,145.0,128.0,1.1328125,0.2825495991921844,Smooth
67,2704,145.0,135.0,1.0740740740740742,0.16853018592587118,Smooth
67,2707,145.0,145.0,1.0,0.08658675633035591,Smooth
67,2760,145.0,145.0,1.0,0.29119979068317786,Smooth
67,2826,145.0,145.0,1.0,0.289986738543829,Smooth
67,2867,145.0,143.0,1.013986013986014,1.129837461857629,Erratic
67,2956,145.0,79.0,1.8354430379746836,0.35096076256750547,Intermittent
68,1062,145.0,145.0,1.0,0.07746248769281094,Smooth
68,1109,145.0,145.0,1.0,0.40480640388729816,Smooth
68,1207,145.0,145.0,1.0,0.3788413482839505,Smooth
68,1216,145.0,136.0,1.0661764705882353,0.306547793171328,Smooth
68,1230,145.0,144.0,1.0069444444444444,0.3958331696831847,Smooth
68,1247,145.0,120.0,1.2083333333333333,0.3082099377650555,Smooth
68,1248,145.0,128.0,1.1328125,0.7214462761053047,Erratic
68,1445,145.0,142.0,1.0211267605633803,1.0251010636875917,Erratic
68,1525,145.0,107.0,1.355140186915888,0.28499586669706595,Intermittent
68,1543,145.0,135.0,1.0740740740740742,0.6016720399151209,Erratic
68,1558,145.0,145.0,1.0,0.47311491752558,Smooth
68,1571,145.0,84.0,1.7261904761904763,0.8956056560742399,Lumpy
68,1727,145.0,145.0,1.0,1.0898097753297584,Erratic
68,1754,145.0,145.0,1.0,0.4696824308388561,Smooth
68,1770,145.0,101.0,1.4356435643564356,0.22666241571375623,Intermittent
68,1778,145.0,145.0,1.0,0.19922740566564728,Smooth
68,1878,145.0,145.0,1.0,0.1417985605753612,Smooth
68,1885,145.0,143.0,1.013986013986014,0.23876354040839504,Smooth
68,1902,145.0,91.0,1.5934065934065933,0.22899205905985548,Intermittent
68,1962,145.0,145.0,1.0,0.3828141030573509,Smooth
68,1971,145.0,145.0,1.0,0.6800047275790166,Erratic
68,1993,145.0,145.0,1.0,0.18075863502356743,Smooth
68,2104,145.0,84.0,1.7261904761904763,0.43153755116016645,Intermittent
68,2126,145.0,137.0,1.0583941605839415,0.22571629526695153,Smooth
68,2139,145.0,125.0,1.16,0.36171429455306026,Smooth
68,2290,145.0,145.0,1.0,0.6093087422095594,Erratic
68,2304,145.0,132.0,1.0984848484848484,0.6156073030058341,Erratic
68,2306,145.0,116.0,1.25,0.692996841899818,Erratic
68,2322,145.0,144.0,1.0069444444444444,0.27184545921023384,Smooth
68,2444,145.0,132.0,1.0984848484848484,1.1666489486003315,Erratic
68,2490,145.0,114.0,1.2719298245614035,0.8291131745095929,Erratic
68,2492,145.0,136.0,1.0661764705882353,0.7359506253502287,Erratic
68,2539,145.0,108.0,1.3425925925925926,0.19112342726528095,Intermittent
68,2569,145.0,128.0,1.1328125,0.22595173971770996,Smooth
68,2577,145.0,145.0,1.0,0.16332399990282748,Smooth
68,2581,145.0,145.0,1.0,0.4265135473176943,Smooth
68,2631,145.0,141.0,1.0283687943262412,0.6009124432918256,Erratic
68,2640,145.0,145.0,1.0,0.12965010437094823,Smooth
68,2664,145.0,131.0,1.1068702290076335,0.2006660342681943,Smooth
68,2704,145.0,144.0,1.0069444444444444,0.5122187140659513,Erratic
68,2707,145.0,145.0,1.0,0.10853347442236157,Smooth
68,2760,145.0,145.0,1.0,0.18309928303513634,Smooth
68,2826,145.0,145.0,1.0,0.30992500914261295,Smooth
68,2867,145.0,137.0,1.0583941605839415,0.6593476255228737,Erratic
68,2956,145.0,77.0,1.8831168831168832,0.2613588149808938,Intermittent
72,1062,145.0,145.0,1.0,0.1040364802739446,Smooth
72,1109,145.0,145.0,1.0,0.39570973337593657,Smooth
72,1198,145.0,132.0,1.0984848484848484,0.4341331917326438,Smooth
72,1207,145.0,141.0,1.0283687943262412,0.7383018640662178,Erratic
72,1216,145.0,130.0,1.1153846153846154,0.40855271495457746,Smooth
72,1230,145.0,140.0,1.0357142857142858,0.6603171721319717,Erratic
72,1247,145.0,85.0,1.7058823529411764,0.21814403462431972,Intermittent
72,1248,145.0,142.0,1.0211267605633803,0.509259597032818,Erratic
72,1311,145.0,134.0,1.0820895522388059,0.41249175986831565,Smooth
72,1438,145.0,129.0,1.124031007751938,0.43663514774697987,Smooth
72,1445,145.0,127.0,1.141732283464567,1.843603720544207,Erratic
72,1525,145.0,140.0,1.0357142857142858,0.306343087043122,Smooth
72,1543,145.0,110.0,1.3181818181818181,0.39065358530387256,Smooth
72,1558,145.0,142.0,1.0211267605633803,1.1568354762445863,Erratic
72,1571,145.0,61.0,2.377049180327869,0.495830541475956,Lumpy
72,1727,145.0,145.0,1.0,0.7948714326752585,Erratic
72,1754,145.0,145.0,1.0,1.0385240353996903,Erratic
72,1770,145.0,76.0,1.9078947368421053,0.26060188472496165,Intermittent
72,1778,145.0,145.0,1.0,0.15759608126466743,Smooth
72,1803,145.0,144.0,1.0069444444444444,0.23323038813219119,Smooth
72,1847,145.0,126.0,1.1507936507936507,0.4099372499442411,Smooth
72,1878,145.0,131.0,1.1068702290076335,1.4834551686944517,Erratic
72,1885,145.0,145.0,1.0,0.20757975913530122,Smooth
72,1902,145.0,72.0,2.013888888888889,0.2024907361476592,Intermittent
72,1962,145.0,145.0,1.0,0.781631886735974,Erratic
72,1971,145.0,145.0,1.0,2.2055988988278448,Erratic
72,1993,145.0,145.0,1.0,0.2274909412291658,Smooth
72,2126,145.0,100.0,1.45,0.3618523334814816,Intermittent
72,2139,145.0,77.0,1.8831168831168832,0.2351483078617174,Intermittent
72,2290,145.0,145.0,1.0,1.317799461301946,Erratic
72,2304,145.0,72.0,2.013888888888889,0.2564045874359766,Intermittent
72,2306,145.0,109.0,1.3302752293577982,0.5705954382961194,Lumpy
72,2322,145.0,144.0,1.0069444444444444,0.7363798936127554,Erratic
72,2444,145.0,125.0,1.16,2.3595306582104087,Erratic
72,2490,145.0,122.0,1.1885245901639345,1.0900822692511796,Erratic
72,2492,145.0,112.0,1.2946428571428572,0.4384255209290609,Smooth
72,2494,145.0,136.0,1.0661764705882353,0.3278972913135332,Smooth
72,2539,145.0,145.0,1.0,0.34489455028953037,Smooth
72,2569,145.0,118.0,1.228813559322034,0.31633575601637665,Smooth
72,2577,145.0,139.0,1.0431654676258992,0.2722183755775457,Smooth
72,2581,145.0,142.0,1.0211267605633803,0.7804275745342318,Erratic
72,2631,145.0,138.0,1.0507246376811594,0.45991330181919443,Smooth
72,2640,145.0,139.0,1.0431654676258992,1.6214929867535517,Erratic
72,2664,145.0,128.0,1.1328125,0.18524811759047216,Smooth
72,2704,145.0,129.0,1.124031007751938,0.40304603933915895,Smooth
72,2707,145.0,145.0,1.0,0.13111609953121908,Smooth
72,2760,145.0,138.0,1.0507246376811594,2.5586416338696982,Erratic
72,2826,145.0,145.0,1.0,0.27503039910417115,Smooth
72,2867,145.0,102.0,1.4215686274509804,1.6311608742725685,Lumpy
72,2956,145.0,35.0,4.142857142857143,0.3161953419345528,Intermittent
73,1062,145.0,145.0,1.0,0.10166119654816388,Smooth
73,1109,145.0,145.0,1.0,0.507902173015861,Erratic
73,1207,145.0,145.0,1.0,0.28135736657844945,Smooth
73,1216,145.0,134.0,1.0820895522388059,0.4050053921419867,Smooth
73,1230,145.0,134.0,1.0820895522388059,0.420859543725038,Smooth
73,1247,145.0,100.0,1.45,0.3754421267454938,Intermittent
73,1248,145.0,130.0,1.1153846153846154,1.0034740849302695,Erratic
73,1445,145.0,135.0,1.0740740740740742,1.3828768223557235,Erratic
73,1525,145.0,97.0,1.4948453608247423,0.44252566999741544,Intermittent
73,1543,145.0,142.0,1.0211267605633803,0.4362862704442543,Smooth
73,1558,145.0,143.0,1.013986013986014,0.6013689174779246,Erratic
73,1727,145.0,145.0,1.0,1.2691732189902518,Erratic
73,1754,145.0,145.0,1.0,0.7326689629869815,Erratic
73,1770,145.0,89.0,1.6292134831460674,0.2654025511363637,Intermittent
73,1778,145.0,145.0,1.0,0.30898873009699374,Smooth
73,1878,145.0,141.0,1.0283687943262412,0.3743834279886183,Smooth
73,1885,145.0,145.0,1.0,0.19525679260746426,Smooth
73,1902,145.0,99.0,1.4646464646464648,0.26858825845145406,Intermittent
73,1962,145.0,145.0,1.0,0.4057764811834084,Smooth
73,1971,145.0,145.0,1.0,0.7429248770955512,Erratic
73,1993,145.0,145.0,1.0,0.2699323492220189,Smooth
73,2126,145.0,132.0,1.0984848484848484,0.24789254707240055,Smooth
73,2139,145.0,128.0,1.1328125,0.3295885614136737,Smooth
73,2290,145.0,145.0,1.0,1.08618860856824,Erratic
73,2304,145.0,138.0,1.0507246376811594,0.47431322065721876,Smooth
73,2306,145.0,106.0,1.3679245283018868,0.664987113629147,Lumpy
73,2322,145.0,145.0,1.0,0.2827418293661161,Smooth
73,2444,145.0,93.0,1.5591397849462365,1.306893194691746,Lumpy
73,2490,145.0,118.0,1.228813559322034,0.6594234801364685,Erratic
73,2492,145.0,138.0,1.0507246376811594,0.6370647583403544,Erratic
73,2539,145.0,145.0,1.0,0.35301111019229847,Smooth
73,2569,145.0,128.0,1.1328125,0.32469746764207585,Smooth
73,2577,145.0,139.0,1.0431654676258992,0.2696054064245271,Smooth
73,2581,145.0,144.0,1.0069444444444444,0.4678355951325057,Smooth
73,2631,145.0,137.0,1.0583941605839415,0.40301198308583497,Smooth
73,2640,145.0,145.0,1.0,0.22430218477827188,Smooth
73,2664,145.0,132.0,1.0984848484848484,0.359823671234183,Smooth
73,2704,145.0,106.0,1.3679245283018868,0.4121137964015671,Intermittent
73,2707,145.0,145.0,1.0,0.14423221695738062,Smooth
73,2760,145.0,139.0,1.0431654676258992,0.36583431895516105,Smooth
73,2826,145.0,144.0,1.0069444444444444,0.545993122014267,Erratic
73,2867,145.0,95.0,1.5263157894736843,1.0496085165260318,Lumpy
74,1062,145.0,145.0,1.0,0.21131188414002305,Smooth
74,1109,145.0,145.0,1.0,0.781103039473211,Erratic
74,1207,145.0,143.0,1.013986013986014,0.29810087025548376,Smooth
74,1216,145.0,91.0,1.5934065934065933,0.47640014821828824,Intermittent
74,1230,145.0,144.0,1.0069444444444444,0.335815212931395,Smooth
74,1247,145.0,32.0,4.53125,0.10251543966277815,Intermittent
74,1248,145.0,122.0,1.1885245901639345,0.374905142436246,Smooth
74,1445,145.0,116.0,1.25,1.2089237195384357,Erratic
74,1525,145.0,42.0,3.4523809523809526,0.3854951219512194,Intermittent
74,1543,145.0,105.0,1.380952380952381,0.4377882363869454,Intermittent
74,1558,145.0,143.0,1.013986013986014,0.5936034371145354,Erratic
74,1571,145.0,63.0,2.3015873015873014,0.5101702606451612,Lumpy
74,1727,145.0,145.0,1.0,0.6571185225188223,Erratic
74,1754,145.0,145.0,1.0,0.576530053178405,Erratic
74,1770,145.0,70.0,2.0714285714285716,0.3980026890896804,Intermittent
74,1778,145.0,144.0,1.0069444444444444,0.28599092597631487,Smooth
74,1878,145.0,139.0,1.0431654676258992,0.312212363443994,Smooth
74,1885,145.0,145.0,1.0,0.22956210552130532,Smooth
74,1902,145.0,55.0,2.6363636363636362,0.2825086235077622,Intermittent
74,1962,145.0,145.0,1.0,0.33494789666906993,Smooth
74,1971,145.0,145.0,1.0,0.9255227138144714,Erratic
74,1993,145.0,145.0,1.0,0.24307924160129613,Smooth
74,2104,145.0,59.0,2.457627118644068,0.3098520173524755,Intermittent
74,2126,145.0,106.0,1.3679245283018868,0.3902206511838698,Intermittent
74,2139,145.0,112.0,1.2946428571428572,0.24839966812062025,Smooth
74,2290,145.0,145.0,1.0,0.6709750690198729,Erratic
74,2304,145.0,98.0,1.4795918367346939,0.38049270888394976,Intermittent
74,2306,145.0,93.0,1.5591397849462365,0.5184527359887817,Lumpy
74,2322,145.0,142.0,1.0211267605633803,0.2827436043948495,Smooth
74,2444,145.0,108.0,1.3425925925925926,1.5487720584973976,Lumpy
74,2490,145.0,118.0,1.228813559322034,0.7896499213732975,Erratic
74,2492,145.0,119.0,1.218487394957983,0.3921710508581576,Smooth
74,2539,145.0,140.0,1.0357142857142858,0.5348548223055203,Erratic
74,2569,145.0,128.0,1.1328125,0.36310506197062187,Smooth
74,2577,145.0,135.0,1.0740740740740742,0.45652004156511555,Smooth
74,2581,145.0,143.0,1.013986013986014,0.4936031313476809,Erratic
74,2631,145.0,141.0,1.0283687943262412,0.48836956260655895,Smooth
74,2640,145.0,144.0,1.0069444444444444,0.29900883200739303,Smooth
74,2664,145.0,131.0,1.1068702290076335,0.2795148725726998,Smooth
74,2704,145.0,57.0,2.543859649122807,0.5051795014693926,Lumpy
74,2707,145.0,145.0,1.0,0.13025522000390385,Smooth
74,2760,145.0,112.0,1.2946428571428572,0.3667141708926111,Smooth
74,2826,145.0,144.0,1.0069444444444444,0.391321088236707,Smooth
74,2867,145.0,107.0,1.355140186915888,0.6829782246133375,Lumpy
74,2956,145.0,68.0,2.1323529411764706,0.3682681650631912,Intermittent
75,1062,145.0,145.0,1.0,0.13377740557529405,Smooth
75,1109,145.0,145.0,1.0,0.13620590775164837,Smooth
75,1207,145.0,145.0,1.0,0.2424126902328906,Smooth
75,1216,145.0,144.0,1.0069444444444444,0.31187617289714636,Smooth
75,1230,145.0,145.0,1.0,0.24972814533871493,Smooth
75,1247,145.0,119.0,1.218487394957983,0.4443609599787811,Smooth
75,1248,145.0,145.0,1.0,0.34257952991860113,Smooth
75,1445,145.0,140.0,1.0357142857142858,0.565668601510275,Erratic
75,1525,145.0,128.0,1.1328125,0.19324978198353593,Smooth
75,1543,145.0,136.0,1.0661764705882353,0.40191089962990784,Smooth
75,1558,145.0,144.0,1.0069444444444444,0.5058205615011946,Erratic
75,1571,145.0,34.0,4.264705882352941,0.34822920341988894,Intermittent
75,1727,145.0,145.0,1.0,0.5335582703054584,Erratic
75,1754,145.0,145.0,1.0,0.5145949065605834,Erratic
75,1770,145.0,131.0,1.1068702290076335,0.3123457653432245,Smooth
75,1778,145.0,145.0,1.0,0.09762142920166736,Smooth
75,1878,145.0,145.0,1.0,0.14336483694479868,Smooth
75,1885,145.0,142.0,1.0211267605633803,0.10776935505067135,Smooth
75,1902,145.0,139.0,1.0431654676258992,0.31644054055523785,Smooth
75,1962,145.0,145.0,1.0,0.33097721472569025,Smooth
75,1971,145.0,145.0,1.0,0.7241705005321649,Erratic
75,1993,145.0,145.0,1.0,0.20496348712569176,Smooth
75,2104,145.0,33.0,4.393939393939394,0.5432870689405149,Lumpy
75,2126,145.0,143.0,1.013986013986014,0.2076073803830961,Smooth
75,2139,145.0,143.0,1.013986013986014,0.24650333824415022,Smooth
75,2290,145.0,145.0,1.0,0.19649159324897758,Smooth
75,2304,145.0,142.0,1.0211267605633803,0.3146420612057444,Smooth
75,2306,145.0,139.0,1.0431654676258992,0.6537694861122094,Erratic
75,2322,145.0,144.0,1.0069444444444444,0.28311131394920863,Smooth
75,2444,145.0,143.0,1.013986013986014,0.8789646251033264,Erratic
75,2490,145.0,119.0,1.218487394957983,0.3595203883444975,Smooth
75,2492,145.0,144.0,1.0069444444444444,0.3769787114967967,Smooth
75,2539,145.0,145.0,1.0,0.19144188730044767,Smooth
75,2569,145.0,127.0,1.141732283464567,0.19040695767963306,Smooth
75,2577,145.0,108.0,1.3425925925925926,0.11746360217805955,Intermittent
75,2581,145.0,145.0,1.0,0.3717479603830745,Smooth
75,2631,145.0,142.0,1.0211267605633803,0.26759543524306456,Smooth
75,2640,145.0,145.0,1.0,0.12133665508900258,Smooth
75,2664,145.0,128.0,1.1328125,0.1764064832993171,Smooth
75,2704,145.0,132.0,1.0984848484848484,0.16113325100051595,Smooth
75,2707,145.0,145.0,1.0,0.07323479127312307,Smooth
75,2760,145.0,144.0,1.0069444444444444,0.2645603214652567,Smooth
75,2826,145.0,145.0,1.0,0.15454783736987496,Smooth
75,2867,145.0,140.0,1.0357142857142858,0.9075197118788962,Erratic
75,2956,145.0,37.0,3.918918918918919,0.37389951766663365,Intermittent
76,1062,145.0,145.0,1.0,0.12519717820307827,Smooth
76,1109,145.0,145.0,1.0,0.24102696036390114,Smooth
76,1198,145.0,133.0,1.0902255639097744,0.4806433758789753,Smooth
76,1207,145.0,138.0,1.0507246376811594,1.1029722999706175,Erratic
76,1216,145.0,5.0,29.0,0.43010355029585806,Intermittent
76,1230,145.0,131.0,1.1068702290076335,0.8915842063373293,Erratic
76,1247,145.0,65.0,2.230769230769231,0.20249757034146568,Intermittent
76,1248,145.0,111.0,1.3063063063063063,0.3653814431627709,Smooth
76,1311,145.0,144.0,1.0069444444444444,0.38960074572304304,Smooth
76,1438,145.0,144.0,1.0069444444444444,0.2708539016116142,Smooth
76,1445,145.0,121.0,1.1983471074380165,1.8778033984121547,Erratic
76,1525,145.0,136.0,1.0661764705882353,0.22509858761452553,Smooth
76,1543,145.0,140.0,1.0357142857142858,0.2594339182326135,Smooth
76,1558,145.0,144.0,1.0069444444444444,0.7234849774578118,Erratic
76,1727,145.0,145.0,1.0,0.8976303011565855,Erratic
76,1754,145.0,145.0,1.0,0.8678394627869267,Erratic
76,1770,145.0,110.0,1.3181818181818181,0.2880052328729753,Smooth
76,1778,145.0,145.0,1.0,0.11695626073429657,Smooth
76,1803,145.0,142.0,1.0211267605633803,0.34119101401291757,Smooth
76,1847,145.0,133.0,1.0902255639097744,0.34568883097676706,Smooth
76,1878,145.0,144.0,1.0069444444444444,0.5903251058864551,Erratic
76,1885,145.0,145.0,1.0,0.07007886854776739,Smooth
76,1902,145.0,106.0,1.3679245283018868,0.2505245276792954,Intermittent
76,1962,145.0,145.0,1.0,0.5645188218634885,Erratic
76,1971,145.0,145.0,1.0,1.769786105287675,Erratic
76,1993,145.0,145.0,1.0,0.29958198128628033,Smooth
76,2126,145.0,128.0,1.1328125,0.2699272342265766,Smooth
76,2139,145.0,127.0,1.141732283464567,0.2745832774084824,Smooth
76,2290,145.0,145.0,1.0,0.8115129713845458,Erratic
76,2304,145.0,133.0,1.0902255639097744,0.28123964700437537,Smooth
76,2306,145.0,93.0,1.5591397849462365,0.7001252247439501,Lumpy
76,2322,145.0,142.0,1.0211267605633803,1.1862143869718242,Erratic
76,2444,145.0,106.0,1.3679245283018868,2.2412449830206658,Lumpy
76,2490,145.0,121.0,1.1983471074380165,0.8921157115647876,Erratic
76,2492,145.0,40.0,3.625,0.2974279006257045,Intermittent
76,2494,145.0,145.0,1.0,0.14923663277892507,Smooth
76,2539,145.0,140.0,1.0357142857142858,0.3155159794562623,Smooth
76,2569,145.0,122.0,1.1885245901639345,0.2806269441133423,Smooth
76,2577,145.0,142.0,1.0211267605633803,0.3188080346763533,Smooth
76,2581,145.0,143.0,1.013986013986014,0.7333462502554093,Erratic
76,2631,145.0,143.0,1.013986013986014,0.483105938787193,Smooth
76,2640,145.0,142.0,1.0211267605633803,0.49018410427199915,Erratic
76,2664,145.0,128.0,1.1328125,0.243713801247205,Smooth
76,2704,145.0,138.0,1.0507246376811594,0.2305523779199261,Smooth
76,2707,145.0,144.0,1.0069444444444444,0.07578402792169049,Smooth
76,2760,145.0,141.0,1.0283687943262412,1.8579461452258839,Erratic
76,2826,145.0,145.0,1.0,0.272308974463268,Smooth
76,2867,145.0,39.0,3.717948717948718,2.5092181750833102,Lumpy
77,1062,145.0,145.0,1.0,0.13019407904788918,Smooth
77,1109,145.0,145.0,1.0,0.5981393999821372,Erratic
77,1207,145.0,141.0,1.0283687943262412,0.33152713761001473,Smooth
77,1216,145.0,91.0,1.5934065934065933,0.4992820641041796,Lumpy
77,1230,145.0,142.0,1.0211267605633803,0.3691409088499016,Smooth
77,1247,145.0,90.0,1.6111111111111112,0.2813932234575772,Intermittent
77,1248,145.0,131.0,1.1068702290076335,1.1247899377472659,Erratic
77,1445,145.0,121.0,1.1983471074380165,1.0445938673479396,Erratic
77,1525,145.0,93.0,1.5591397849462365,0.4661953371167731,Intermittent
77,1543,145.0,132.0,1.0984848484848484,0.5040372503140838,Erratic
77,1558,145.0,140.0,1.0357142857142858,0.5376288242370165,Erratic
77,1571,145.0,37.0,3.918918918918919,0.651153819353419,Lumpy
77,1727,145.0,145.0,1.0,0.6195721401511228,Erratic
77,1754,145.0,145.0,1.0,0.7017768343042248,Erratic
77,1770,145.0,62.0,2.338709677419355,0.1657783947476837,Intermittent
77,1778,145.0,145.0,1.0,0.25777037167940264,Smooth
77,1878,145.0,143.0,1.013986013986014,0.5369404215615011,Erratic
77,1885,145.0,145.0,1.0,0.2780467194317194,Smooth
77,1902,145.0,54.0,2.685185185185185,0.2799218936521433,Intermittent
77,1962,145.0,145.0,1.0,0.4769102257233562,Smooth
77,1971,145.0,145.0,1.0,1.0609102998773876,Erratic
77,1993,145.0,145.0,1.0,0.32558719835275673,Smooth
77,2126,145.0,115.0,1.2608695652173914,0.37397010432554834,Smooth
77,2139,145.0,117.0,1.2393162393162394,0.3680682490249985,Smooth
77,2290,145.0,145.0,1.0,1.0412793017890711,Erratic
77,2304,145.0,123.0,1.1788617886178863,0.5374596917806164,Erratic
77,2306,145.0,95.0,1.5263157894736843,0.5466962457753939,Lumpy
77,2322,145.0,143.0,1.013986013986014,0.345639657337575,Smooth
77,2444,145.0,91.0,1.5934065934065933,1.117774075219411,Lumpy
77,2490,145.0,118.0,1.228813559322034,1.3916993975922398,Erratic
77,2492,145.0,127.0,1.141732283464567,0.9440816009094176,Erratic
77,2539,145.0,123.0,1.1788617886178863,0.3522723311287113,Smooth
77,2569,145.0,126.0,1.1507936507936507,0.2584642734202455,Smooth
77,2577,145.0,76.0,1.9078947368421053,0.2722443526170799,Intermittent
77,2581,145.0,145.0,1.0,0.5380154924131917,Erratic
77,2631,145.0,143.0,1.013986013986014,0.5884610045734158,Erratic
77,2640,145.0,143.0,1.013986013986014,0.6061337076773643,Erratic
77,2664,145.0,129.0,1.124031007751938,0.2938765591523771,Smooth
77,2704,145.0,114.0,1.2719298245614035,0.6140710767305724,Erratic
77,2707,145.0,145.0,1.0,0.1616282080140796,Smooth
77,2760,145.0,135.0,1.0740740740740742,0.41884166125892264,Smooth
77,2826,145.0,145.0,1.0,0.3294885401206302,Smooth
77,2867,145.0,70.0,2.0714285714285716,0.6968350824176609,Lumpy
80,1062,145.0,145.0,1.0,0.1278853356948763,Smooth
80,1109,145.0,145.0,1.0,0.2914695053453967,Smooth
80,1198,145.0,141.0,1.0283687943262412,0.3339104054686573,Smooth
80,1207,145.0,141.0,1.0283687943262412,0.8489792463876745,Erratic
80,1216,145.0,131.0,1.1068702290076335,0.4263404970110538,Smooth
80,1230,145.0,140.0,1.0357142857142858,1.084618805119413,Erratic
80,1247,145.0,85.0,1.7058823529411764,0.22511926784819603,Intermittent
80,1248,145.0,138.0,1.0507246376811594,1.4201910999967966,Erratic
80,1311,145.0,142.0,1.0211267605633803,0.2612136756961257,Smooth
80,1438,145.0,134.0,1.0820895522388059,0.5554663890437159,Erratic
80,1445,145.0,121.0,1.1983471074380165,1.553574074438161,Erratic
80,1525,145.0,141.0,1.0283687943262412,0.44220609304892905,Smooth
80,1543,145.0,138.0,1.0507246376811594,0.3313551408294075,Smooth
80,1558,145.0,140.0,1.0357142857142858,0.9744896758839435,Erratic
80,1571,145.0,55.0,2.6363636363636362,0.41855991609604526,Intermittent
80,1727,145.0,145.0,1.0,0.5526418507073859,Erratic
80,1754,145.0,145.0,1.0,1.131464053847322,Erratic
80,1770,145.0,65.0,2.230769230769231,0.3203736208956658,Intermittent
80,1778,145.0,145.0,1.0,0.1820044168813671,Smooth
80,1803,145.0,145.0,1.0,0.19286506720602373,Smooth
80,1847,145.0,134.0,1.0820895522388059,0.588217102376457,Erratic
80,1878,145.0,129.0,1.124031007751938,1.4812411403882324,Erratic
80,1885,145.0,145.0,1.0,0.11882489864324444,Smooth
80,1902,145.0,62.0,2.338709677419355,0.18716073859634438,Intermittent
80,1962,145.0,145.0,1.0,0.831598120178329,Erratic
80,1971,145.0,144.0,1.0069444444444444,2.585304062467181,Erratic
80,1993,145.0,145.0,1.0,0.13398290552290995,Smooth
80,2104,145.0,22.0,6.590909090909091,0.5708558277369657,Lumpy
80,2126,145.0,121.0,1.1983471074380165,0.412701134940376,Smooth
80,2139,145.0,106.0,1.3679245283018868,0.38629185628545026,Intermittent
80,2290,145.0,145.0,1.0,2.2901843448839307,Erratic
80,2304,145.0,125.0,1.16,0.3306357725170091,Smooth
80,2306,145.0,107.0,1.355140186915888,0.6722322723054859,Lumpy
80,2322,145.0,142.0,1.0211267605633803,0.8382357966770676,Erratic
80,2444,145.0,122.0,1.1885245901639345,1.943766549689496,Erratic
80,2490,145.0,121.0,1.1983471074380165,1.5080706528832963,Erratic
80,2492,145.0,109.0,1.3302752293577982,0.5362974735679734,Lumpy
80,2494,145.0,131.0,1.1068702290076335,0.39683669060593313,Smooth
80,2539,145.0,145.0,1.0,0.25187330006102787,Smooth
80,2569,145.0,120.0,1.2083333333333333,0.2462031512710746,Smooth
80,2577,145.0,127.0,1.141732283464567,0.7799585213427593,Erratic
80,2581,145.0,143.0,1.013986013986014,0.8008097879960459,Erratic
80,2631,145.0,136.0,1.0661764705882353,1.353304786186811,Erratic
80,2640,145.0,135.0,1.0740740740740742,1.505947241361081,Erratic
80,2664,145.0,128.0,1.1328125,0.1510699621136914,Smooth
80,2704,145.0,132.0,1.0984848484848484,0.5052815664395576,Erratic
80,2707,145.0,145.0,1.0,0.16827842384663447,Smooth
80,2760,145.0,145.0,1.0,2.561972262524927,Erratic
80,2826,145.0,145.0,1.0,0.1930111117981519,Smooth
80,2867,145.0,106.0,1.3679245283018868,1.2683108948261228,Lumpy
80,2956,145.0,52.0,2.7884615384615383,0.5009558208573044,Lumpy
81,1062,145.0,145.0,1.0,0.12969348587398094,Smooth
81,1109,145.0,145.0,1.0,0.35595182749244936,Smooth
81,1207,145.0,145.0,1.0,0.29218579675043305,Smooth
81,1216,145.0,138.0,1.0507246376811594,0.33710518103445614,Smooth
81,1230,145.0,142.0,1.0211267605633803,0.3939797722200667,Smooth
81,1247,145.0,103.0,1.4077669902912622,0.31121168351232165,Intermittent
81,1248,145.0,144.0,1.0069444444444444,0.3816755564934544,Smooth
81,1445,145.0,141.0,1.0283687943262412,1.1794588913018162,Erratic
81,1525,145.0,138.0,1.0507246376811594,0.2893924395597459,Smooth
81,1543,145.0,137.0,1.0583941605839415,0.4333617827919943,Smooth
81,1558,145.0,141.0,1.0283687943262412,0.5577224287869539,Erratic
81,1571,145.0,84.0,1.7261904761904763,0.4710091535202183,Intermittent
81,1727,145.0,145.0,1.0,0.7966269971405476,Erratic
81,1754,145.0,145.0,1.0,0.4698608504331389,Smooth
81,1770,145.0,107.0,1.355140186915888,0.29142369199642265,Intermittent
81,1778,145.0,145.0,1.0,0.15516540302520043,Smooth
81,1878,145.0,145.0,1.0,0.24410186824576183,Smooth
81,1885,145.0,145.0,1.0,0.09888219595118297,Smooth
81,1902,145.0,103.0,1.4077669902912622,0.2693865731879485,Intermittent
81,1962,145.0,145.0,1.0,0.3848103967025022,Smooth
81,1971,145.0,145.0,1.0,0.6720075135594368,Erratic
81,1993,145.0,145.0,1.0,0.11906206504614117,Smooth
81,2104,145.0,72.0,2.013888888888889,0.4979069593066784,Lumpy
81,2126,145.0,137.0,1.0583941605839415,0.2851602194825252,Smooth
81,2139,145.0,129.0,1.124031007751938,0.32646073139609677,Smooth
81,2290,145.0,145.0,1.0,0.4805563448349329,Smooth
81,2304,145.0,133.0,1.0902255639097744,0.4616225000826224,Smooth
81,2306,145.0,120.0,1.2083333333333333,0.8418227524340496,Erratic
81,2322,145.0,145.0,1.0,0.25165962351656507,Smooth
81,2444,145.0,123.0,1.1788617886178863,1.5674891520196557,Erratic
81,2490,145.0,116.0,1.25,0.890265630548285,Erratic
81,2492,145.0,137.0,1.0583941605839415,0.42522855163323603,Smooth
81,2539,145.0,145.0,1.0,0.3792138910131885,Smooth
81,2569,145.0,128.0,1.1328125,0.21927446374630036,Smooth
81,2577,145.0,137.0,1.0583941605839415,0.30030938986949407,Smooth
81,2581,145.0,145.0,1.0,0.43944957474869456,Smooth
81,2631,145.0,145.0,1.0,0.2360262705417719,Smooth
81,2640,145.0,144.0,1.0069444444444444,0.16755917885231839,Smooth
81,2664,145.0,129.0,1.124031007751938,0.1863222177882594,Smooth
81,2704,145.0,134.0,1.0820895522388059,0.21706992077374776,Smooth
81,2707,145.0,145.0,1.0,0.10138926682893418,Smooth
81,2760,145.0,142.0,1.0211267605633803,0.41128219865726834,Smooth
81,2826,145.0,145.0,1.0,0.2516159221620643,Smooth
81,2867,145.0,122.0,1.1885245901639345,1.2328142377471378,Erratic
83,1062,145.0,145.0,1.0,0.06104825817972452,Smooth
83,1109,145.0,145.0,1.0,0.4588591045146362,Smooth
83,1207,145.0,145.0,1.0,0.19152899959720507,Smooth
83,1216,145.0,136.0,1.0661764705882353,0.38966337209927754,Smooth
83,1230,145.0,145.0,1.0,0.16948028687227404,Smooth
83,1247,145.0,132.0,1.0984848484848484,0.2782563045048543,Smooth
83,1248,145.0,140.0,1.0357142857142858,1.1766505918830037,Erratic
83,1445,145.0,144.0,1.0069444444444444,0.8331199751574501,Erratic
83,1525,145.0,145.0,1.0,0.48406043619816996,Smooth
83,1543,145.0,137.0,1.0583941605839415,0.40412852271344063,Smooth
83,1558,145.0,145.0,1.0,0.5483751123938226,Erratic
83,1571,145.0,71.0,2.0422535211267605,0.9881718790899631,Lumpy
83,1727,145.0,145.0,1.0,0.6038583037151388,Erratic
83,1754,145.0,145.0,1.0,1.0542231358553384,Erratic
83,1770,145.0,93.0,1.5591397849462365,0.2996892248471715,Intermittent
83,1778,145.0,145.0,1.0,0.11241470752780526,Smooth
83,1878,145.0,145.0,1.0,0.23776994580013272,Smooth
83,1885,145.0,145.0,1.0,0.12305517913683084,Smooth
83,1902,145.0,113.0,1.2831858407079646,0.3056290008254362,Smooth
83,1962,145.0,145.0,1.0,0.6084667287904197,Erratic
83,1971,145.0,145.0,1.0,1.3291212538233792,Erratic
83,1993,145.0,145.0,1.0,0.11388824281824272,Smooth
83,2104,145.0,75.0,1.9333333333333333,1.0445626186249533,Lumpy
83,2126,145.0,135.0,1.0740740740740742,0.3132347796861282,Smooth
83,2139,145.0,129.0,1.124031007751938,0.44715481790867995,Smooth
83,2290,145.0,145.0,1.0,0.703752916074146,Erratic
83,2304,145.0,140.0,1.0357142857142858,0.43769183244220355,Smooth
83,2306,145.0,123.0,1.1788617886178863,0.9443450335393186,Erratic
83,2322,145.0,145.0,1.0,0.22479136792688362,Smooth
83,2444,145.0,143.0,1.013986013986014,0.86646452814004,Erratic
83,2490,145.0,120.0,1.2083333333333333,0.507419567068804,Erratic
83,2492,145.0,124.0,1.1693548387096775,0.9939610621017472,Erratic
83,2539,145.0,145.0,1.0,0.18168347285789055,Smooth
83,2569,145.0,127.0,1.141732283464567,0.3489256877368293,Smooth
83,2577,145.0,144.0,1.0069444444444444,0.24310569879904587,Smooth
83,2581,145.0,145.0,1.0,0.5691897422881083,Erratic
83,2631,145.0,145.0,1.0,0.777330526459584,Erratic
83,2640,145.0,145.0,1.0,0.2006626946772736,Smooth
83,2664,145.0,129.0,1.124031007751938,0.2707280782840795,Smooth
83,2704,145.0,145.0,1.0,0.2241621622810729,Smooth
83,2707,145.0,145.0,1.0,0.10578944339385145,Smooth
83,2760,145.0,145.0,1.0,0.41059725744371933,Smooth
83,2826,145.0,145.0,1.0,0.4139767027137913,Smooth
83,2867,145.0,142.0,1.0211267605633803,0.7604124196435643,Erratic
83,2956,145.0,76.0,1.9078947368421053,1.0002412969710515,Lumpy
86,1062,145.0,145.0,1.0,0.11673355119667456,Smooth
86,1109,145.0,145.0,1.0,0.18790556060600908,Smooth
86,1198,145.0,19.0,7.631578947368421,0.6164212198875665,Lumpy
86,1207,145.0,142.0,1.0211267605633803,0.7975190108053949,Erratic
86,1216,145.0,135.0,1.0740740740740742,0.35043133515584535,Smooth
86,1230,145.0,141.0,1.0283687943262412,0.8214717217245953,Erratic
86,1247,145.0,31.0,4.67741935483871,0.14654024165148272,Intermittent
86,1248,145.0,141.0,1.0283687943262412,0.7051333648868158,Erratic
86,1311,145.0,26.0,5.576923076923077,0.3091833978159841,Intermittent
86,1438,145.0,145.0,1.0,0.25826981680881733,Smooth
86,1445,145.0,100.0,1.45,1.522212007193001,Lumpy
86,1525,145.0,127.0,1.141732283464567,0.5948791750706274,Erratic
86,1543,145.0,144.0,1.0069444444444444,0.36755315376744935,Smooth
86,1558,145.0,142.0,1.0211267605633803,0.8044989310944572,Erratic
86,1571,145.0,48.0,3.0208333333333335,0.259936004108198,Intermittent
86,1727,145.0,145.0,1.0,0.3446144841823212,Smooth
86,1754,145.0,145.0,1.0,0.5337163696270929,Erratic
86,1770,145.0,91.0,1.5934065934065933,0.22460691426461252,Intermittent
86,1778,145.0,145.0,1.0,0.2621166246044226,Smooth
86,1803,145.0,26.0,5.576923076923077,0.24284312628608307,Intermittent
86,1847,145.0,143.0,1.013986013986014,0.3569074208824267,Smooth
86,1878,145.0,115.0,1.2608695652173914,1.25433223067405,Erratic
86,1885,145.0,145.0,1.0,0.2602647505972115,Smooth
86,1902,145.0,53.0,2.7358490566037736,0.3120634432506359,Intermittent
86,1962,145.0,145.0,1.0,0.5460244185070712,Erratic
86,1971,145.0,145.0,1.0,1.024372294808845,Erratic
86,1993,145.0,145.0,1.0,0.4349211522435973,Smooth
86,2126,145.0,109.0,1.3302752293577982,0.4068087291099523,Intermittent
86,2139,145.0,117.0,1.2393162393162394,0.3192724443595116,Smooth
86,2290,145.0,145.0,1.0,0.7341655414207182,Erratic
86,2304,145.0,133.0,1.0902255639097744,0.47593206460610527,Smooth
86,2306,145.0,81.0,1.7901234567901234,0.4880898999170441,Intermittent
86,2322,145.0,142.0,1.0211267605633803,0.5956130075834181,Erratic
86,2444,145.0,122.0,1.1885245901639345,1.3788138713281448,Erratic
86,2490,145.0,123.0,1.1788617886178863,0.6447350063204307,Erratic
86,2492,145.0,127.0,1.141732283464567,0.4168551335800938,Smooth
86,2494,145.0,143.0,1.013986013986014,0.19996616445619442,Smooth
86,2539,145.0,145.0,1.0,0.1977432978450405,Smooth
86,2569,145.0,118.0,1.228813559322034,0.19300553413594576,Smooth
86,2577,145.0,125.0,1.16,0.5933650064453794,Erratic
86,2581,145.0,145.0,1.0,0.6088689625984964,Erratic
86,2631,145.0,139.0,1.0431654676258992,0.9838750244067763,Erratic
86,2640,145.0,137.0,1.0583941605839415,0.8542050576099703,Erratic
86,2664,145.0,128.0,1.1328125,0.14324370482700396,Smooth
86,2704,145.0,133.0,1.0902255639097744,0.38045970424610087,Smooth
86,2707,145.0,145.0,1.0,0.15653962811996705,Smooth
86,2760,145.0,133.0,1.0902255639097744,0.6615371036067071,Erratic
86,2826,145.0,145.0,1.0,0.1825603419841438,Smooth
86,2867,145.0,96.0,1.5104166666666667,0.8851866822287379,Lumpy
86,2956,145.0,21.0,6.904761904761905,0.2487650675185911,Intermittent
88,1062,145.0,145.0,1.0,0.11141170808941865,Smooth
88,1109,145.0,145.0,1.0,0.8361516398849801,Erratic
88,1207,145.0,143.0,1.013986013986014,0.2542337685137253,Smooth
88,1216,145.0,131.0,1.1068702290076335,0.5907960720645116,Erratic
88,1230,145.0,144.0,1.0069444444444444,0.24924815070814466,Smooth
88,1247,145.0,86.0,1.686046511627907,0.295928569932779,Intermittent
88,1248,145.0,140.0,1.0357142857142858,1.4917186984648212,Erratic
88,1445,145.0,112.0,1.2946428571428572,1.0429550225993196,Erratic
88,1525,145.0,136.0,1.0661764705882353,0.3235336599075115,Smooth
88,1543,145.0,142.0,1.0211267605633803,0.5479987402869756,Erratic
88,1558,145.0,143.0,1.013986013986014,0.6781624077413348,Erratic
88,1571,145.0,64.0,2.265625,0.4915582862137132,Lumpy
88,1727,145.0,145.0,1.0,1.6835922631123657,Erratic
88,1754,145.0,140.0,1.0357142857142858,1.1176575589854956,Erratic
88,1770,145.0,85.0,1.7058823529411764,0.1922800564775873,Intermittent
88,1778,145.0,143.0,1.013986013986014,0.2707137512281112,Smooth
88,1878,145.0,144.0,1.0069444444444444,0.3732202737434201,Smooth
88,1885,145.0,145.0,1.0,0.26115804737773946,Smooth
88,1902,145.0,76.0,1.9078947368421053,0.16222661325131602,Intermittent
88,1962,145.0,144.0,1.0069444444444444,0.4867114160333487,Smooth
88,1971,145.0,145.0,1.0,1.5040474739541714,Erratic
88,1993,145.0,144.0,1.0069444444444444,0.28516391203529534,Smooth
88,2104,145.0,61.0,2.377049180327869,0.318669284885271,Intermittent
88,2126,145.0,139.0,1.0431654676258992,0.4021900142046805,Smooth
88,2139,145.0,113.0,1.2831858407079646,0.46496161787046636,Smooth
88,2290,145.0,145.0,1.0,1.1472429732064862,Erratic
88,2304,145.0,132.0,1.0984848484848484,0.7302298654614919,Erratic
88,2306,145.0,98.0,1.4795918367346939,0.7515123854524628,Lumpy
88,2322,145.0,145.0,1.0,0.27404010430358794,Smooth
88,2444,145.0,111.0,1.3063063063063063,1.2201599836616472,Erratic
88,2490,145.0,118.0,1.228813559322034,1.1915127237879268,Erratic
88,2492,145.0,134.0,1.0820895522388059,0.9179784664804587,Erratic
88,2539,145.0,56.0,2.5892857142857144,1.3442565870354128,Lumpy
88,2569,145.0,128.0,1.1328125,0.3359823691653345,Smooth
88,2577,145.0,111.0,1.3063063063063063,0.44067808281326776,Smooth
88,2581,145.0,145.0,1.0,0.42345307144883715,Smooth
88,2631,145.0,144.0,1.0069444444444444,0.5133069395428995,Erratic
88,2640,145.0,145.0,1.0,0.29638304475309624,Smooth
88,2664,145.0,132.0,1.0984848484848484,0.28003949496028174,Smooth
88,2704,145.0,133.0,1.0902255639097744,0.5460459184309914,Erratic
88,2707,145.0,145.0,1.0,0.17981142455796276,Smooth
88,2760,145.0,134.0,1.0820895522388059,0.4113704557367128,Smooth
88,2826,145.0,145.0,1.0,1.0602891726654715,Erratic
88,2867,145.0,104.0,1.3942307692307692,0.8498518825342625,Lumpy
88,2956,145.0,48.0,3.0208333333333335,0.5229333436561733,Lumpy
89,1062,145.0,145.0,1.0,0.1259112605872846,Smooth
89,1109,145.0,145.0,1.0,0.5721743657412346,Erratic
89,1198,145.0,145.0,1.0,0.14746023629146768,Smooth
89,1207,145.0,140.0,1.0357142857142858,0.9923859669780262,Erratic
89,1216,145.0,140.0,1.0357142857142858,0.3351111374174863,Smooth
89,1230,145.0,134.0,1.0820895522388059,0.9943688489005829,Erratic
89,1247,145.0,96.0,1.5104166666666667,0.35846898609975303,Intermittent
89,1248,145.0,128.0,1.1328125,0.7757387452457923,Erratic
89,1311,145.0,145.0,1.0,0.11682462142115131,Smooth
89,1438,145.0,137.0,1.0583941605839415,0.4135418983626276,Smooth
89,1445,145.0,140.0,1.0357142857142858,1.7772117297706853,Erratic
89,1525,145.0,138.0,1.0507246376811594,0.1867828600704342,Smooth
89,1543,145.0,140.0,1.0357142857142858,0.4305544867915014,Smooth
89,1558,145.0,145.0,1.0,0.9125139710716633,Erratic
89,1571,145.0,75.0,1.9333333333333333,0.38301309638083536,Intermittent
89,1727,145.0,145.0,1.0,1.1753324839581998,Erratic
89,1754,145.0,145.0,1.0,1.5994356662929525,Erratic
89,1770,145.0,86.0,1.686046511627907,0.4018352998062943,Intermittent
89,1778,145.0,145.0,1.0,0.18377417252728598,Smooth
89,1803,145.0,145.0,1.0,0.12202364031527894,Smooth
89,1847,145.0,134.0,1.0820895522388059,0.5306674634098417,Erratic
89,1878,145.0,138.0,1.0507246376811594,0.8045874446397343,Erratic
89,1885,145.0,145.0,1.0,0.09125089567171868,Smooth
89,1902,145.0,108.0,1.3425925925925926,0.43687175242513915,Intermittent
89,1962,145.0,145.0,1.0,0.9339973015855474,Erratic
89,1971,145.0,145.0,1.0,2.4673670439531477,Erratic
89,1993,145.0,145.0,1.0,0.09705489277389112,Smooth
89,2104,145.0,31.0,4.67741935483871,0.5058860017009099,Lumpy
89,2126,145.0,133.0,1.0902255639097744,0.33977405632384816,Smooth
89,2139,145.0,115.0,1.2608695652173914,0.3241559967003276,Smooth
89,2290,145.0,145.0,1.0,1.7915565203076032,Erratic
89,2304,145.0,130.0,1.1153846153846154,0.7242165636488231,Erratic
89,2306,145.0,124.0,1.1693548387096775,1.1322502525446916,Erratic
89,2322,145.0,139.0,1.0431654676258992,0.5744977652458134,Erratic
89,2444,145.0,132.0,1.0984848484848484,2.092597713380374,Erratic
89,2490,145.0,123.0,1.1788617886178863,1.3753728245994543,Erratic
89,2492,145.0,130.0,1.1153846153846154,0.5887523038467424,Erratic
89,2494,145.0,145.0,1.0,0.30099952048490436,Smooth
89,2539,145.0,145.0,1.0,0.20273924605749688,Smooth
89,2569,145.0,119.0,1.218487394957983,0.33318316815694043,Smooth
89,2577,145.0,137.0,1.0583941605839415,0.5234965817571172,Erratic
89,2581,145.0,145.0,1.0,0.9808441720478009,Erratic
89,2631,145.0,143.0,1.013986013986014,0.9003493970498674,Erratic
89,2640,145.0,145.0,1.0,0.9895725358039947,Erratic
89,2664,145.0,128.0,1.1328125,0.3072121756887467,Smooth
89,2704,145.0,137.0,1.0583941605839415,0.3535013022569637,Smooth
89,2707,145.0,145.0,1.0,0.10293718124318539,Smooth
89,2760,145.0,145.0,1.0,1.2684563851353057,Erratic
89,2826,145.0,145.0,1.0,0.4639799010780695,Smooth
89,2867,145.0,132.0,1.0984848484848484,1.6586246525921131,Erratic
89,2956,145.0,74.0,1.9594594594594594,0.4319700755789453,Intermittent
91,1062,145.0,143.0,1.013986013986014,0.3039116099411795,Smooth
91,1109,145.0,142.0,1.0211267605633803,0.34179094465719506,Smooth
91,1198,145.0,28.0,5.178571428571429,0.2777717099582253,Intermittent
91,1207,145.0,140.0,1.0357142857142858,0.6105003874123244,Erratic
91,1216,145.0,35.0,4.142857142857143,0.30252696541754703,Intermittent
91,1230,145.0,13.0,11.153846153846153,0.35901033825153067,Intermittent
91,1248,145.0,121.0,1.1983471074380165,0.3212653981328405,Smooth
91,1311,145.0,58.0,2.5,0.34828984536442104,Intermittent
91,1438,145.0,9.0,16.11111111111111,0.07124291115311908,Intermittent
91,1445,145.0,97.0,1.4948453608247423,0.9366312346390953,Lumpy
91,1525,145.0,38.0,3.8157894736842106,0.18816047881791828,Intermittent
91,1543,145.0,55.0,2.6363636363636362,0.1772342913484055,Intermittent
91,1558,145.0,133.0,1.0902255639097744,0.535558212454138,Erratic
91,1727,145.0,143.0,1.013986013986014,0.29979522708646655,Smooth
91,1754,145.0,145.0,1.0,0.4510848521569079,Smooth
91,1778,145.0,143.0,1.013986013986014,0.37046752488786294,Smooth
91,1803,145.0,48.0,3.0208333333333335,0.30880463516714834,Intermittent
91,1878,145.0,44.0,3.2954545454545454,0.48487612099103183,Intermittent
91,1885,145.0,135.0,1.0740740740740742,0.2805766170082274,Smooth
91,1962,145.0,144.0,1.0069444444444444,0.4832730529740643,Smooth
91,1971,145.0,140.0,1.0357142857142858,0.9864939376197748,Erratic
91,1993,145.0,145.0,1.0,0.307064338462155,Smooth
91,2126,145.0,50.0,2.9,0.15069544655380412,Intermittent
91,2290,145.0,143.0,1.013986013986014,1.0905118787258579,Erratic
91,2304,145.0,50.0,2.9,0.1078986905658104,Intermittent
91,2322,145.0,138.0,1.0507246376811594,0.5105517021030168,Erratic
91,2444,145.0,19.0,7.631578947368421,1.4138699924414213,Lumpy
91,2490,145.0,123.0,1.1788617886178863,0.7409324107306455,Erratic
91,2494,145.0,4.0,36.25,0.0047562425683709865,Intermittent
91,2539,145.0,109.0,1.3302752293577982,0.5933398923671623,Lumpy
91,2569,145.0,50.0,2.9,0.22141707097522204,Intermittent
91,2581,145.0,144.0,1.0069444444444444,0.438754919033432,Smooth
91,2631,145.0,115.0,1.2608695652173914,0.4183333915998912,Smooth
91,2640,145.0,28.0,5.178571428571429,0.2291888753759841,Intermittent
91,2664,145.0,83.0,1.7469879518072289,0.20533865126769743,Intermittent
91,2704,145.0,30.0,4.833333333333333,0.15695300233058285,Intermittent
91,2707,145.0,140.0,1.0357142857142858,0.29655371758448795,Smooth
91,2760,145.0,35.0,4.142857142857143,0.38372621892535047,Intermittent
91,2826,145.0,72.0,2.013888888888889,0.5235274604826919,Lumpy
92,1062,145.0,145.0,1.0,0.10066726580264411,Smooth
92,1109,145.0,145.0,1.0,0.4846165368541768,Smooth
92,1207,145.0,145.0,1.0,0.36141327964690945,Smooth
92,1216,145.0,128.0,1.1328125,0.5874141674482649,Erratic
92,1230,145.0,138.0,1.0507246376811594,0.3210974106200849,Smooth
92,1247,145.0,45.0,3.2222222222222223,0.07133957724694967,Intermittent
92,1248,145.0,138.0,1.0507246376811594,1.431471478398708,Erratic
92,1445,145.0,75.0,1.9333333333333333,1.0457308784599844,Lumpy
92,1525,145.0,54.0,2.685185185185185,0.21866234547559807,Intermittent
92,1543,145.0,142.0,1.0211267605633803,0.7951677244444599,Erratic
92,1558,145.0,141.0,1.0283687943262412,0.5205250076242097,Erratic
92,1727,145.0,145.0,1.0,0.7873984865568673,Erratic
92,1754,145.0,145.0,1.0,0.8585556115024164,Erratic
92,1770,145.0,42.0,3.4523809523809526,0.22183595834257702,Intermittent
92,1778,145.0,145.0,1.0,0.27463997618734093,Smooth
92,1878,145.0,119.0,1.218487394957983,0.8372045981321633,Erratic
92,1885,145.0,125.0,1.16,0.5300816339002847,Erratic
92,1902,145.0,36.0,4.027777777777778,0.14316515534413557,Intermittent
92,1962,145.0,143.0,1.013986013986014,0.6038212203022082,Erratic
92,1971,145.0,145.0,1.0,1.1061184535613866,Erratic
92,1993,145.0,145.0,1.0,0.5145582352051864,Erratic
92,2126,145.0,113.0,1.2831858407079646,0.4849742965712851,Smooth
92,2139,145.0,98.0,1.4795918367346939,0.36157716225516073,Intermittent
92,2290,145.0,145.0,1.0,1.070560996711348,Erratic
92,2304,145.0,141.0,1.0283687943262412,0.7746611925289485,Erratic
92,2306,145.0,70.0,2.0714285714285716,0.6478871260128457,Lumpy
92,2322,145.0,143.0,1.013986013986014,0.44211545842768685,Smooth
92,2444,145.0,71.0,2.0422535211267605,0.7522647434826836,Lumpy
92,2490,145.0,118.0,1.228813559322034,1.2399652493399937,Erratic
92,2492,145.0,121.0,1.1983471074380165,0.9571733883555555,Erratic
92,2539,145.0,55.0,2.6363636363636362,1.1642358353432511,Lumpy
92,2569,145.0,128.0,1.1328125,0.20455682069404957,Smooth
92,2577,145.0,3.0,48.333333333333336,0.001622498647917793,Intermittent
92,2581,145.0,144.0,1.0069444444444444,0.6598239570531369,Erratic
92,2631,145.0,144.0,1.0069444444444444,0.9416535295384633,Erratic
92,2640,145.0,122.0,1.1885245901639345,0.8972547047904885,Erratic
92,2664,145.0,125.0,1.16,0.19027600599126682,Smooth
92,2704,145.0,81.0,1.7901234567901234,0.2962775563652354,Intermittent
92,2707,145.0,144.0,1.0069444444444444,0.15270122745000084,Smooth
92,2760,145.0,75.0,1.9333333333333333,1.293872845096134,Lumpy
92,2826,145.0,145.0,1.0,0.5328139443379735,Erratic
92,2867,145.0,40.0,3.625,0.2763442844240723,Intermittent
93,1062,145.0,145.0,1.0,0.1041500535278912,Smooth
93,1109,145.0,145.0,1.0,0.317522261500082,Smooth
93,1207,145.0,145.0,1.0,0.1906934886375511,Smooth
93,1216,145.0,136.0,1.0661764705882353,0.2986364556345555,Smooth
93,1230,145.0,145.0,1.0,0.20961425437820627,Smooth
93,1247,145.0,83.0,1.7469879518072289,0.2532433768226649,Intermittent
93,1248,145.0,139.0,1.0431654676258992,0.5069653937334883,Erratic
93,1445,145.0,131.0,1.1068702290076335,1.374142168855423,Erratic
93,1525,145.0,103.0,1.4077669902912622,0.44331998873799344,Intermittent
93,1543,145.0,137.0,1.0583941605839415,0.39532992573881726,Smooth
93,1558,145.0,145.0,1.0,0.6055984779637369,Erratic
93,1571,145.0,82.0,1.7682926829268293,0.4334224129974102,Intermittent
93,1727,145.0,145.0,1.0,0.6196570708020245,Erratic
93,1754,145.0,145.0,1.0,0.6463055449712632,Erratic
93,1770,145.0,79.0,1.8354430379746836,0.31762313726230834,Intermittent
93,1778,145.0,145.0,1.0,0.19637441618599394,Smooth
93,1878,145.0,145.0,1.0,0.23951835756719891,Smooth
93,1885,145.0,145.0,1.0,0.17596143423244534,Smooth
93,1902,145.0,59.0,2.457627118644068,0.20448377325229702,Intermittent
93,1962,145.0,145.0,1.0,0.415125478833571,Smooth
93,1971,145.0,145.0,1.0,0.8680909060825654,Erratic
93,1993,145.0,144.0,1.0069444444444444,0.25963295776950435,Smooth
93,2104,145.0,77.0,1.8831168831168832,0.31015477574067535,Intermittent
93,2126,145.0,141.0,1.0283687943262412,0.40161611527557745,Smooth
93,2139,145.0,126.0,1.1507936507936507,0.323234389295408,Smooth
93,2290,145.0,145.0,1.0,0.5305905820459385,Erratic
93,2304,145.0,132.0,1.0984848484848484,0.5653452985931943,Erratic
93,2306,145.0,108.0,1.3425925925925926,0.7450768786257751,Lumpy
93,2322,145.0,145.0,1.0,0.21808064776723438,Smooth
93,2444,145.0,122.0,1.1885245901639345,1.51382429422842,Erratic
93,2490,145.0,118.0,1.228813559322034,0.6388964510012076,Erratic
93,2492,145.0,134.0,1.0820895522388059,0.753340632631022,Erratic
93,2539,145.0,144.0,1.0069444444444444,0.3327103163234779,Smooth
93,2569,145.0,128.0,1.1328125,0.23379588069276439,Smooth
93,2577,145.0,142.0,1.0211267605633803,0.24639436875956833,Smooth
93,2581,145.0,145.0,1.0,0.6214861279239905,Erratic
93,2631,145.0,144.0,1.0069444444444444,0.6492769055516305,Erratic
93,2640,145.0,145.0,1.0,0.19872816589572115,Smooth
93,2664,145.0,132.0,1.0984848484848484,0.19485398130197382,Smooth
93,2704,145.0,115.0,1.2608695652173914,0.3885119172970901,Smooth
93,2707,145.0,145.0,1.0,0.13406115982332262,Smooth
93,2760,145.0,139.0,1.0431654676258992,0.3625533562846067,Smooth
93,2826,145.0,145.0,1.0,0.30384976396153063,Smooth
93,2867,145.0,84.0,1.7261904761904763,0.6985498278549447,Lumpy
93,2956,145.0,74.0,1.9594594594594594,0.5630532355349972,Lumpy
94,1062,145.0,145.0,1.0,0.12144170663748102,Smooth
94,1109,145.0,145.0,1.0,0.3796551951716019,Smooth
94,1207,145.0,145.0,1.0,0.28215354196718945,Smooth
94,1216,145.0,132.0,1.0984848484848484,0.39377325616697634,Smooth
94,1230,145.0,144.0,1.0069444444444444,0.41428827804260326,Smooth
94,1247,145.0,73.0,1.9863013698630136,0.17005587849979387,Intermittent
94,1248,145.0,135.0,1.0740740740740742,0.48299769710210727,Smooth
94,1445,145.0,131.0,1.1068702290076335,1.63459888405294,Erratic
94,1525,145.0,135.0,1.0740740740740742,0.48632090745498907,Smooth
94,1543,145.0,118.0,1.228813559322034,0.607011879150931,Erratic
94,1558,145.0,144.0,1.0069444444444444,0.6743678757697313,Erratic
94,1571,145.0,5.0,29.0,0.5106135695802815,Lumpy
94,1727,145.0,145.0,1.0,0.571668982939064,Erratic
94,1754,145.0,145.0,1.0,0.8371954177394961,Erratic
94,1770,145.0,71.0,2.0422535211267605,0.17257093100635604,Intermittent
94,1778,145.0,145.0,1.0,0.23082613360735865,Smooth
94,1878,145.0,139.0,1.0431654676258992,0.40737072869929947,Smooth
94,1885,145.0,145.0,1.0,0.3752249064533276,Smooth
94,1902,145.0,43.0,3.372093023255814,0.20050293730482233,Intermittent
94,1962,145.0,145.0,1.0,0.4298227830738886,Smooth
94,1971,145.0,145.0,1.0,0.9750119340595861,Erratic
94,1993,145.0,145.0,1.0,0.2421132367797486,Smooth
94,2126,145.0,120.0,1.2083333333333333,0.29976750276807806,Smooth
94,2139,145.0,110.0,1.3181818181818181,0.2860142458351035,Smooth
94,2290,145.0,145.0,1.0,0.5081770123266367,Erratic
94,2304,145.0,117.0,1.2393162393162394,0.5620311787329528,Erratic
94,2306,145.0,102.0,1.4215686274509804,0.8637263897095667,Lumpy
94,2322,145.0,145.0,1.0,0.3316353880216681,Smooth
94,2444,145.0,93.0,1.5591397849462365,1.2271089434320264,Lumpy
94,2490,145.0,118.0,1.228813559322034,0.9383355750827526,Erratic
94,2492,145.0,122.0,1.1885245901639345,0.6041027792935266,Erratic
94,2539,145.0,110.0,1.3181818181818181,0.2913918412000355,Smooth
94,2569,145.0,128.0,1.1328125,0.23708125892417595,Smooth
94,2577,145.0,75.0,1.9333333333333333,0.3670542157382632,Intermittent
94,2581,145.0,145.0,1.0,0.407897437670808,Smooth
94,2631,145.0,143.0,1.013986013986014,0.3638472425488319,Smooth
94,2640,145.0,139.0,1.0431654676258992,0.46410644942147217,Smooth
94,2664,145.0,129.0,1.124031007751938,0.26390088736867173,Smooth
94,2704,145.0,137.0,1.0583941605839415,0.41245083497819285,Smooth
94,2707,145.0,145.0,1.0,0.14451021665415412,Smooth
94,2760,145.0,131.0,1.1068702290076335,0.6441481545440152,Erratic
94,2826,145.0,145.0,1.0,0.3940548590690437,Smooth
94,2867,145.0,73.0,1.9863013698630136,0.636519636229742,Lumpy
97,1062,145.0,145.0,1.0,0.09655274419154532,Smooth
97,1109,145.0,145.0,1.0,0.5056721455600225,Erratic
97,1207,145.0,145.0,1.0,0.29086004677652805,Smooth
97,1216,145.0,140.0,1.0357142857142858,0.42855466319465196,Smooth
97,1230,145.0,145.0,1.0,0.30898097455791057,Smooth
97,1247,145.0,121.0,1.1983471074380165,0.30898924869267347,Smooth
97,1248,145.0,139.0,1.0431654676258992,0.8234112458604222,Erratic
97,1445,145.0,145.0,1.0,1.514355847119998,Erratic
97,1525,145.0,136.0,1.0661764705882353,0.3022098735168984,Smooth
97,1543,145.0,136.0,1.0661764705882353,0.8344191190334054,Erratic
97,1558,145.0,145.0,1.0,0.7334189258964458,Erratic
97,1571,145.0,82.0,1.7682926829268293,0.7422062062495898,Lumpy
97,1727,145.0,145.0,1.0,0.9682625959944602,Erratic
97,1754,145.0,145.0,1.0,1.3523971243080424,Erratic
97,1770,145.0,105.0,1.380952380952381,0.28811784874017177,Intermittent
97,1778,145.0,145.0,1.0,0.16127318355340672,Smooth
97,1878,145.0,145.0,1.0,0.2527271630539164,Smooth
97,1885,145.0,145.0,1.0,0.22718659040185718,Smooth
97,1902,145.0,110.0,1.3181818181818181,0.3025511579514916,Smooth
97,1962,145.0,145.0,1.0,0.4173313833142963,Smooth
97,1971,145.0,145.0,1.0,1.6086968882776393,Erratic
97,1993,145.0,145.0,1.0,0.1599114718016795,Smooth
97,2104,145.0,84.0,1.7261904761904763,0.741657314484878,Lumpy
97,2126,145.0,138.0,1.0507246376811594,0.3827503901754711,Smooth
97,2139,145.0,126.0,1.1507936507936507,0.3669566554974148,Smooth
97,2290,145.0,145.0,1.0,0.8518316865161786,Erratic
97,2304,145.0,130.0,1.1153846153846154,1.6379622516540517,Erratic
97,2306,145.0,130.0,1.1153846153846154,0.8744639371125263,Erratic
97,2322,145.0,145.0,1.0,0.23147871796893693,Smooth
97,2444,145.0,142.0,1.0211267605633803,2.0860370309910574,Erratic
97,2490,145.0,119.0,1.218487394957983,0.9181147920607593,Erratic
97,2492,145.0,132.0,1.0984848484848484,1.13503489858152,Erratic
97,2539,145.0,145.0,1.0,0.17317409386676205,Smooth
97,2569,145.0,127.0,1.141732283464567,0.275321967090011,Smooth
97,2577,145.0,145.0,1.0,0.20595856815357236,Smooth
97,2581,145.0,145.0,1.0,0.9218824625374445,Erratic
97,2631,145.0,143.0,1.013986013986014,0.5614871112979058,Erratic
97,2640,145.0,145.0,1.0,0.29247600521723727,Smooth
97,2664,145.0,130.0,1.1153846153846154,0.2085595762328941,Smooth
97,2704,145.0,131.0,1.1068702290076335,0.30304560072939263,Smooth
97,2707,145.0,145.0,1.0,0.08422785524013154,Smooth
97,2760,145.0,144.0,1.0069444444444444,0.22652392376110414,Smooth
97,2826,145.0,145.0,1.0,0.42498062524706093,Smooth
97,2867,145.0,145.0,1.0,1.2445775715127134,Erratic
97,2956,145.0,3.0,48.333333333333336,0.5448397296794596,Lumpy
99,1062,145.0,145.0,1.0,0.10859102679642649,Smooth
99,1109,145.0,145.0,1.0,0.7445620640985168,Erratic
99,1198,145.0,33.0,4.393939393939394,0.1985601245540847,Intermittent
99,1207,145.0,145.0,1.0,0.7895791016661079,Erratic
99,1216,145.0,133.0,1.0902255639097744,0.3302875833993826,Smooth
99,1230,145.0,142.0,1.0211267605633803,0.8062112040616854,Erratic
99,1247,145.0,100.0,1.45,0.25130084951492027,Intermittent
99,1248,145.0,140.0,1.0357142857142858,1.3777520209602945,Erratic
99,1311,145.0,29.0,5.0,0.25909900383599765,Intermittent
99,1438,145.0,140.0,1.0357142857142858,0.4609469953174864,Smooth
99,1445,145.0,139.0,1.0431654676258992,2.4343955424711403,Erratic
99,1525,145.0,145.0,1.0,0.15884131363324866,Smooth
99,1543,145.0,139.0,1.0431654676258992,0.3760397978049691,Smooth
99,1558,145.0,143.0,1.013986013986014,1.6104236538609538,Erratic
99,1571,145.0,82.0,1.7682926829268293,0.40137945441844824,Intermittent
99,1727,145.0,145.0,1.0,1.4552637871053011,Erratic
99,1754,145.0,145.0,1.0,2.219466891098647,Erratic
99,1770,145.0,86.0,1.686046511627907,0.3369254287688731,Intermittent
99,1778,145.0,145.0,1.0,0.12998016020070774,Smooth
99,1803,145.0,27.0,5.37037037037037,0.3184268076013618,Intermittent
99,1847,145.0,120.0,1.2083333333333333,0.459613999580415,Smooth
99,1878,145.0,140.0,1.0357142857142858,1.1592467645146418,Erratic
99,1885,145.0,145.0,1.0,0.06015653456570277,Smooth
99,1902,145.0,105.0,1.380952380952381,0.41658524749516557,Intermittent
99,1962,145.0,145.0,1.0,1.3750260737962103,Erratic
99,1971,145.0,145.0,1.0,2.843173390015537,Erratic
99,1993,145.0,145.0,1.0,0.07323699797349702,Smooth
99,2126,145.0,125.0,1.16,0.35610533042368686,Smooth
99,2139,145.0,131.0,1.1068702290076335,0.29603606230780644,Smooth
99,2290,145.0,145.0,1.0,2.7709208494795523,Erratic
99,2304,145.0,136.0,1.0661764705882353,0.41319551330415966,Smooth
99,2306,145.0,94.0,1.5425531914893618,0.8998219637027676,Lumpy
99,2322,145.0,144.0,1.0069444444444444,0.7708895927344609,Erratic
99,2444,145.0,137.0,1.0583941605839415,2.377294117937273,Erratic
99,2490,145.0,122.0,1.1885245901639345,1.6058614071383672,Erratic
99,2492,145.0,111.0,1.3063063063063063,0.9220297131569201,Erratic
99,2494,145.0,136.0,1.0661764705882353,0.26519002660045754,Smooth
99,2539,145.0,145.0,1.0,0.16678704742924538,Smooth
99,2569,145.0,119.0,1.218487394957983,0.6723944393425787,Erratic
99,2577,145.0,145.0,1.0,0.5240133908617776,Erratic
99,2581,145.0,145.0,1.0,1.6141606990409834,Erratic
99,2631,145.0,141.0,1.0283687943262412,0.8922624911110867,Erratic
99,2640,145.0,142.0,1.0211267605633803,1.1168959812122787,Erratic
99,2664,145.0,128.0,1.1328125,0.5088904866445721,Erratic
99,2704,145.0,144.0,1.0069444444444444,0.1998481681484665,Smooth
99,2707,145.0,145.0,1.0,0.1469644866165339,Smooth
99,2760,145.0,136.0,1.0661764705882353,0.6061803869665633,Erratic
99,2826,145.0,145.0,1.0,0.8851496561916108,Erratic
99,2867,145.0,108.0,1.3425925925925926,1.553966477871533,Lumpy
99,2956,145.0,76.0,1.9078947368421053,0.2812428609300133,Intermittent
101,1062,145.0,145.0,1.0,0.18053505672026338,Smooth
101,1109,145.0,145.0,1.0,0.21268851716636766,Smooth
101,1198,145.0,123.0,1.1788617886178863,0.3316658907068373,Smooth
101,1207,145.0,145.0,1.0,0.6563693717222259,Erratic
101,1216,145.0,113.0,1.2831858407079646,0.33728101287296824,Smooth
101,1230,145.0,143.0,1.013986013986014,0.7125737716189448,Erratic
101,1247,145.0,58.0,2.5,0.22689453416984687,Intermittent
101,1248,145.0,135.0,1.0740740740740742,0.5518753504396824,Erratic
101,1311,145.0,134.0,1.0820895522388059,0.33839278594571087,Smooth
101,1438,145.0,143.0,1.013986013986014,0.22484124686294724,Smooth
101,1445,145.0,116.0,1.25,2.3927599172524525,Erratic
101,1525,145.0,136.0,1.0661764705882353,0.46049848046090525,Smooth
101,1543,145.0,138.0,1.0507246376811594,0.3582148346498301,Smooth
101,1558,145.0,143.0,1.013986013986014,0.9938375522303029,Erratic
101,1571,145.0,1.0,145.0,,NA
101,1727,145.0,145.0,1.0,0.34593683686564825,Smooth
101,1754,145.0,145.0,1.0,1.1545737185406655,Erratic
101,1770,145.0,63.0,2.3015873015873014,0.39933212901302956,Intermittent
101,1778,145.0,145.0,1.0,0.15610493476400394,Smooth
101,1803,145.0,134.0,1.0820895522388059,0.26823603767302245,Smooth
101,1847,145.0,143.0,1.013986013986014,0.47242744260100494,Smooth
101,1878,145.0,138.0,1.0507246376811594,0.7168899177942734,Erratic
101,1885,145.0,145.0,1.0,0.09497871569205961,Smooth
101,1902,145.0,66.0,2.196969696969697,0.25844816312769975,Intermittent
101,1962,145.0,145.0,1.0,0.8542344305818707,Erratic
101,1971,145.0,145.0,1.0,1.7608646658429572,Erratic
101,1993,145.0,145.0,1.0,0.15698461137293637,Smooth
101,2126,145.0,120.0,1.2083333333333333,0.3112086847568519,Smooth
101,2139,145.0,107.0,1.355140186915888,0.28540879088512133,Intermittent
101,2290,145.0,145.0,1.0,1.3832861134739343,Erratic
101,2304,145.0,130.0,1.1153846153846154,0.4362780299223729,Smooth
101,2306,145.0,87.0,1.6666666666666667,0.6014525363440669,Lumpy
101,2322,145.0,142.0,1.0211267605633803,0.6618216683428483,Erratic
101,2444,145.0,120.0,1.2083333333333333,2.578595816355985,Erratic
101,2490,145.0,122.0,1.1885245901639345,1.2011531435657234,Erratic
101,2492,145.0,115.0,1.2608695652173914,0.5484516589054803,Erratic
101,2494,145.0,143.0,1.013986013986014,0.25024959170313066,Smooth
101,2539,145.0,145.0,1.0,0.23286047514048666,Smooth
101,2569,145.0,120.0,1.2083333333333333,0.20686278997972934,Smooth
101,2577,145.0,123.0,1.1788617886178863,1.4993866712131214,Erratic
101,2581,145.0,145.0,1.0,0.8432975556291293,Erratic
101,2631,145.0,142.0,1.0211267605633803,0.39792135730048894,Smooth
101,2640,145.0,136.0,1.0661764705882353,1.7644095075826038,Erratic
101,2664,145.0,128.0,1.1328125,0.11684688903897364,Smooth
101,2704,145.0,123.0,1.1788617886178863,0.4761074326836102,Smooth
101,2707,145.0,145.0,1.0,0.14681038862403667,Smooth
101,2760,145.0,135.0,1.0740740740740742,3.231604650056647,Erratic
101,2826,145.0,145.0,1.0,0.15662628313046004,Smooth
101,2867,145.0,77.0,1.8831168831168832,1.8531837399792235,Lumpy
102,1062,145.0,145.0,1.0,0.11037765995280813,Smooth
102,1109,145.0,145.0,1.0,1.2707194924886567,Erratic
102,1207,145.0,144.0,1.0069444444444444,0.21015267879534225,Smooth
102,1216,145.0,102.0,1.4215686274509804,0.32973568224927635,Intermittent
102,1230,145.0,145.0,1.0,0.18195850860483412,Smooth
102,1247,145.0,62.0,2.338709677419355,0.24454149957579877,Intermittent
102,1248,145.0,128.0,1.1328125,1.0140987564792696,Erratic
102,1445,145.0,108.0,1.3425925925925926,2.4400293689885624,Lumpy
102,1525,145.0,113.0,1.2831858407079646,0.7919418479258701,Erratic
102,1543,145.0,104.0,1.3942307692307692,0.6646451335287632,Lumpy
102,1558,145.0,137.0,1.0583941605839415,0.7602836893950071,Erratic
102,1727,145.0,145.0,1.0,0.7562108795566327,Erratic
102,1754,145.0,145.0,1.0,3.002806306594946,Erratic
102,1770,145.0,52.0,2.7884615384615383,0.13354150973802437,Intermittent
102,1778,145.0,145.0,1.0,0.17145551399649817,Smooth
102,1878,145.0,137.0,1.0583941605839415,0.651974484027524,Erratic
102,1885,145.0,145.0,1.0,0.4737337902360961,Smooth
102,1902,145.0,38.0,3.8157894736842106,0.11468284611141753,Intermittent
102,1962,145.0,141.0,1.0283687943262412,0.7340781348633467,Erratic
102,1971,145.0,145.0,1.0,2.798127127720198,Erratic
102,1993,145.0,145.0,1.0,0.27824422846891567,Smooth
102,2126,145.0,104.0,1.3942307692307692,0.4298525920311467,Intermittent
102,2139,145.0,80.0,1.8125,0.2724942049294276,Intermittent
102,2290,145.0,145.0,1.0,2.0913496444081745,Erratic
102,2304,145.0,92.0,1.576086956521739,0.8011285884723693,Lumpy
102,2306,145.0,83.0,1.7469879518072289,0.7879356907755928,Lumpy
102,2322,145.0,144.0,1.0069444444444444,0.1560017716307993,Smooth
102,2444,145.0,100.0,1.45,2.1967987605711174,Lumpy
102,2490,145.0,119.0,1.218487394957983,1.3740128527956714,Erratic
102,2492,145.0,98.0,1.4795918367346939,0.7764559764961391,Lumpy
102,2539,145.0,144.0,1.0069444444444444,0.6434164104665392,Erratic
102,2569,145.0,127.0,1.141732283464567,0.30812694656369327,Smooth
102,2577,145.0,8.0,18.125,0.12786406611238854,Intermittent
102,2581,145.0,144.0,1.0069444444444444,0.742653920848946,Erratic
102,2631,145.0,134.0,1.0820895522388059,0.5963083570987787,Erratic
102,2640,145.0,144.0,1.0069444444444444,0.36831018275479577,Smooth
102,2664,145.0,129.0,1.124031007751938,0.3377383803430099,Smooth
102,2704,145.0,134.0,1.0820895522388059,0.5609248214173091,Erratic
102,2707,145.0,145.0,1.0,0.13866004082457975,Smooth
102,2760,145.0,119.0,1.218487394957983,0.542111198072945,Erratic
102,2826,145.0,145.0,1.0,0.9215477998481612,Erratic
102,2867,145.0,30.0,4.833333333333333,1.2055191411644504,Lumpy
104,1062,145.0,145.0,1.0,0.0849875334688168,Smooth
104,1109,145.0,145.0,1.0,0.39327177167572186,Smooth
104,1198,145.0,145.0,1.0,0.15407022927511474,Smooth
104,1207,145.0,143.0,1.013986013986014,0.780352005883866,Erratic
104,1216,145.0,135.0,1.0740740740740742,0.3008291843569516,Smooth
104,1230,145.0,143.0,1.013986013986014,0.7304572852800574,Erratic
104,1247,145.0,94.0,1.5425531914893618,0.34571213691891783,Intermittent
104,1248,145.0,139.0,1.0431654676258992,0.6391737481596113,Erratic
104,1311,145.0,145.0,1.0,0.11067749556080941,Smooth
104,1438,145.0,134.0,1.0820895522388059,0.4836266444151993,Smooth
104,1445,145.0,139.0,1.0431654676258992,1.764877112600588,Erratic
104,1525,145.0,137.0,1.0583941605839415,0.3003192677918435,Smooth
104,1543,145.0,137.0,1.0583941605839415,0.33219144008155244,Smooth
104,1558,145.0,144.0,1.0069444444444444,1.2267928567070505,Erratic
104,1571,145.0,79.0,1.8354430379746836,0.25725027844230347,Intermittent
104,1727,145.0,145.0,1.0,1.6637182565290096,Erratic
104,1754,145.0,145.0,1.0,1.8886370925635505,Erratic
104,1770,145.0,85.0,1.7058823529411764,0.26857630365462565,Intermittent
104,1778,145.0,145.0,1.0,0.10438302356578323,Smooth
104,1803,145.0,145.0,1.0,0.08933773328934948,Smooth
104,1847,145.0,124.0,1.1693548387096775,0.4745201251613073,Smooth
104,1878,145.0,143.0,1.013986013986014,1.7191361765533892,Erratic
104,1885,145.0,145.0,1.0,0.08158572949158516,Smooth
104,1902,145.0,84.0,1.7261904761904763,0.28956256135136627,Intermittent
104,1962,145.0,145.0,1.0,0.7101391213304628,Erratic
104,1971,145.0,144.0,1.0069444444444444,3.018121551124283,Erratic
104,1993,145.0,145.0,1.0,0.08424640568250895,Smooth
104,2126,145.0,135.0,1.0740740740740742,0.3390771545634165,Smooth
104,2139,145.0,138.0,1.0507246376811594,0.2592819398045669,Smooth
104,2290,145.0,145.0,1.0,1.494036576310684,Erratic
104,2304,145.0,141.0,1.0283687943262412,0.3839417190107412,Smooth
104,2306,145.0,110.0,1.3181818181818181,0.8031989667576711,Erratic
104,2322,145.0,145.0,1.0,0.5419301895647917,Erratic
104,2444,145.0,138.0,1.0507246376811594,1.4449487298469053,Erratic
104,2490,145.0,123.0,1.1788617886178863,1.5460553145047284,Erratic
104,2492,145.0,137.0,1.0583941605839415,0.5085859094039593,Erratic
104,2494,145.0,122.0,1.1885245901639345,0.3427595221572281,Smooth
104,2539,145.0,145.0,1.0,0.27132490318306596,Smooth
104,2569,145.0,122.0,1.1885245901639345,0.5164974103319726,Erratic
104,2577,145.0,140.0,1.0357142857142858,0.43238817196817814,Smooth
104,2581,145.0,144.0,1.0069444444444444,0.8359277218892189,Erratic
104,2631,145.0,144.0,1.0069444444444444,0.4841475545020671,Smooth
104,2640,145.0,144.0,1.0069444444444444,0.6639465705739307,Erratic
104,2664,145.0,124.0,1.1693548387096775,0.19788860347392587,Smooth
104,2704,145.0,140.0,1.0357142857142858,0.3417596266404824,Smooth
104,2707,145.0,145.0,1.0,0.1364897902262651,Smooth
104,2760,145.0,143.0,1.013986013986014,1.245620216468104,Erratic
104,2826,145.0,145.0,1.0,0.32354162797768427,Smooth
104,2867,145.0,139.0,1.0431654676258992,1.2606023052439295,Erratic
104,2956,145.0,79.0,1.8354430379746836,0.4095335694112847,Intermittent
106,1062,145.0,145.0,1.0,0.08744852704754351,Smooth
106,1109,145.0,145.0,1.0,0.32750286642439513,Smooth
106,1207,145.0,145.0,1.0,0.16755877788167486,Smooth
106,1216,145.0,121.0,1.1983471074380165,0.39029666106575667,Smooth
106,1230,145.0,145.0,1.0,0.23553533727662737,Smooth
106,1247,145.0,100.0,1.45,0.33632334707519634,Intermittent
106,1248,145.0,129.0,1.124031007751938,0.5183547873763844,Erratic
106,1445,145.0,141.0,1.0283687943262412,1.3643152418459956,Erratic
106,1525,145.0,128.0,1.1328125,0.5631293057669692,Erratic
106,1543,145.0,128.0,1.1328125,0.5399049888578786,Erratic
106,1558,145.0,143.0,1.013986013986014,0.5654722123201769,Erratic
106,1571,145.0,86.0,1.686046511627907,0.5429697349431428,Lumpy
106,1727,145.0,145.0,1.0,1.127895073135885,Erratic
106,1754,145.0,145.0,1.0,0.6122201560401307,Erratic
106,1770,145.0,87.0,1.6666666666666667,0.2762790483967523,Intermittent
106,1778,145.0,145.0,1.0,0.17596597065453998,Smooth
106,1878,145.0,145.0,1.0,0.2999474650665038,Smooth
106,1885,145.0,145.0,1.0,0.1282847826503131,Smooth
106,1902,145.0,65.0,2.230769230769231,0.21798228133372968,Intermittent
106,1962,145.0,145.0,1.0,0.444394432720639,Smooth
106,1971,145.0,145.0,1.0,0.7862971849199878,Erratic
106,1993,145.0,145.0,1.0,0.2055172151377566,Smooth
106,2104,145.0,34.0,4.264705882352941,0.8987331529014412,Lumpy
106,2126,145.0,124.0,1.1693548387096775,0.345914552305782,Smooth
106,2139,145.0,118.0,1.228813559322034,0.4099307393162392,Smooth
106,2290,145.0,145.0,1.0,0.6259107700820408,Erratic
106,2304,145.0,126.0,1.1507936507936507,0.49129827438016527,Erratic
106,2306,145.0,125.0,1.16,0.46712400660593456,Smooth
106,2322,145.0,145.0,1.0,0.15977055758488787,Smooth
106,2444,145.0,106.0,1.3679245283018868,1.0619337500440267,Lumpy
106,2490,145.0,118.0,1.228813559322034,0.6766914664447256,Erratic
106,2492,145.0,129.0,1.124031007751938,0.573663015975265,Erratic
106,2539,145.0,145.0,1.0,0.22635757423883132,Smooth
106,2569,145.0,128.0,1.1328125,0.21443196362262826,Smooth
106,2577,145.0,141.0,1.0283687943262412,0.2666101594984821,Smooth
106,2581,145.0,145.0,1.0,0.5862655411189922,Erratic
106,2631,145.0,139.0,1.0431654676258992,0.5151884971318121,Erratic
106,2640,145.0,145.0,1.0,0.234503826515702,Smooth
106,2664,145.0,131.0,1.1068702290076335,0.19918156297991246,Smooth
106,2704,145.0,128.0,1.1328125,0.5314791834595162,Erratic
106,2707,145.0,145.0,1.0,0.11689821766258825,Smooth
106,2760,145.0,145.0,1.0,0.31764710544490465,Smooth
106,2826,145.0,145.0,1.0,0.2908234545009921,Smooth
106,2867,145.0,105.0,1.380952380952381,0.7114044556146324,Lumpy
106,2956,145.0,35.0,4.142857142857143,0.49834600092113773,Lumpy
108,1062,145.0,145.0,1.0,0.10633695881304922,Smooth
108,1109,145.0,145.0,1.0,0.32818678899286563,Smooth
108,1198,145.0,142.0,1.0211267605633803,0.2053848309283999,Smooth
108,1207,145.0,140.0,1.0357142857142858,0.5297228375197928,Erratic
108,1216,145.0,139.0,1.0431654676258992,0.6808590145890918,Erratic
108,1230,145.0,141.0,1.0283687943262412,0.8810788560240466,Erratic
108,1247,145.0,134.0,1.0820895522388059,0.24980853261983174,Smooth
108,1248,145.0,137.0,1.0583941605839415,0.3664922633708738,Smooth
108,1311,145.0,145.0,1.0,0.22045625744524672,Smooth
108,1438,145.0,140.0,1.0357142857142858,0.5151175751596349,Erratic
108,1445,145.0,144.0,1.0069444444444444,1.0444418625220246,Erratic
108,1525,145.0,141.0,1.0283687943262412,0.1664866988381654,Smooth
108,1543,145.0,143.0,1.013986013986014,0.3102777861080429,Smooth
108,1558,145.0,145.0,1.0,1.0449806502816605,Erratic
108,1571,145.0,83.0,1.7469879518072289,0.37856130650626424,Intermittent
108,1727,145.0,145.0,1.0,0.9959468308561733,Erratic
108,1754,145.0,145.0,1.0,0.799598365116744,Erratic
108,1770,145.0,121.0,1.1983471074380165,0.41592920971873754,Smooth
108,1778,145.0,145.0,1.0,0.11233119914661498,Smooth
108,1803,145.0,144.0,1.0069444444444444,0.20964167907411363,Smooth
108,1847,145.0,131.0,1.1068702290076335,0.606590189371623,Erratic
108,1878,145.0,145.0,1.0,0.2908387156570598,Smooth
108,1885,145.0,145.0,1.0,0.07600103081114534,Smooth
108,1902,145.0,135.0,1.0740740740740742,0.2897239163813131,Smooth
108,1962,145.0,145.0,1.0,0.534388716713165,Erratic
108,1971,145.0,145.0,1.0,1.3704192179517616,Erratic
108,1993,145.0,145.0,1.0,0.08190557352369614,Smooth
108,2126,145.0,137.0,1.0583941605839415,0.2855052187712448,Smooth
108,2139,145.0,136.0,1.0661764705882353,0.3348118021808603,Smooth
108,2290,145.0,145.0,1.0,0.925875510050223,Erratic
108,2304,145.0,141.0,1.0283687943262412,0.34241103498590536,Smooth
108,2306,145.0,137.0,1.0583941605839415,0.7204839592883069,Erratic
108,2322,145.0,144.0,1.0069444444444444,0.6699707167562033,Erratic
108,2444,145.0,110.0,1.3181818181818181,1.590381319752707,Erratic
108,2490,145.0,122.0,1.1885245901639345,0.7706919219462559,Erratic
108,2492,145.0,142.0,1.0211267605633803,0.7541575971343316,Erratic
108,2494,145.0,137.0,1.0583941605839415,0.2649320292386395,Smooth
108,2539,145.0,145.0,1.0,0.16516439975565278,Smooth
108,2569,145.0,122.0,1.1885245901639345,0.38028245863224935,Smooth
108,2577,145.0,145.0,1.0,0.1247857384220091,Smooth
108,2581,145.0,145.0,1.0,0.7445172449786625,Erratic
108,2631,145.0,142.0,1.0211267605633803,0.3944111284989357,Smooth
108,2640,145.0,145.0,1.0,0.2860786546987037,Smooth
108,2664,145.0,128.0,1.1328125,0.22380394668601195,Smooth
108,2704,145.0,140.0,1.0357142857142858,0.13771263840044998,Smooth
108,2707,145.0,145.0,1.0,0.08461146090703899,Smooth
108,2760,145.0,145.0,1.0,0.5926247213648833,Erratic
108,2826,145.0,145.0,1.0,0.35720032055621537,Smooth
108,2867,145.0,107.0,1.355140186915888,0.9065116192120711,Lumpy
108,2956,145.0,83.0,1.7469879518072289,0.6712804708827539,Lumpy
109,1062,145.0,145.0,1.0,0.09902803183608586,Smooth
109,1109,145.0,145.0,1.0,0.41405266050373846,Smooth
109,1198,145.0,73.0,1.9863013698630136,0.22076250892475566,Intermittent
109,1207,145.0,144.0,1.0069444444444444,0.9439235310125543,Erratic
109,1216,145.0,135.0,1.0740740740740742,0.3829177840077651,Smooth
109,1230,145.0,142.0,1.0211267605633803,1.0252632416871805,Erratic
109,1247,145.0,111.0,1.3063063063063063,0.29134527897015866,Smooth
109,1248,145.0,137.0,1.0583941605839415,0.5950800123955453,Erratic
109,1311,145.0,145.0,1.0,0.15486590539717596,Smooth
109,1438,145.0,134.0,1.0820895522388059,0.28520062419141595,Smooth
109,1445,145.0,140.0,1.0357142857142858,1.972592196085379,Erratic
109,1525,145.0,136.0,1.0661764705882353,0.26420631233536807,Smooth
109,1543,145.0,139.0,1.0431654676258992,0.4156547760590366,Smooth
109,1558,145.0,143.0,1.013986013986014,1.106249538823734,Erratic
109,1727,145.0,145.0,1.0,1.33892667797169,Erratic
109,1754,145.0,145.0,1.0,1.175927078617776,Erratic
109,1770,145.0,100.0,1.45,0.2635551095466068,Intermittent
109,1778,145.0,145.0,1.0,0.12379507352089562,Smooth
109,1803,145.0,145.0,1.0,0.21294353715111822,Smooth
109,1847,145.0,110.0,1.3181818181818181,0.4480650174115638,Smooth
109,1878,145.0,145.0,1.0,0.48819342477854355,Smooth
109,1885,145.0,145.0,1.0,0.06368222621148266,Smooth
109,1902,145.0,86.0,1.686046511627907,0.2725709981269054,Intermittent
109,1962,145.0,145.0,1.0,0.8008287511370169,Erratic
109,1971,145.0,144.0,1.0069444444444444,1.5297171279316613,Erratic
109,1993,145.0,145.0,1.0,0.08024930748884837,Smooth
109,2126,145.0,138.0,1.0507246376811594,0.44260467288560196,Smooth
109,2139,145.0,113.0,1.2831858407079646,0.5206534154502321,Erratic
109,2290,145.0,145.0,1.0,1.3117224319017848,Erratic
109,2304,145.0,134.0,1.0820895522388059,0.43156023363186274,Smooth
109,2306,145.0,124.0,1.1693548387096775,0.8206423809057329,Erratic
109,2322,145.0,145.0,1.0,0.9652524848419267,Erratic
109,2444,145.0,98.0,1.4795918367346939,2.264726310338218,Lumpy
109,2490,145.0,122.0,1.1885245901639345,0.8904173728847924,Erratic
109,2492,145.0,137.0,1.0583941605839415,0.41924034762535595,Smooth
109,2494,145.0,97.0,1.4948453608247423,0.2754677061977361,Intermittent
109,2539,145.0,136.0,1.0661764705882353,0.13877695297743653,Smooth
109,2569,145.0,119.0,1.218487394957983,0.7134931226670131,Erratic
109,2577,145.0,143.0,1.013986013986014,0.3341581291678177,Smooth
109,2581,145.0,145.0,1.0,0.8854655737519206,Erratic
109,2631,145.0,142.0,1.0211267605633803,0.5284891105764796,Erratic
109,2640,145.0,145.0,1.0,0.4294855499808548,Smooth
109,2664,145.0,128.0,1.1328125,0.3947797853898508,Smooth
109,2704,145.0,140.0,1.0357142857142858,0.2607860412782888,Smooth
109,2707,145.0,145.0,1.0,0.11858687375363432,Smooth
109,2760,145.0,141.0,1.0283687943262412,0.7556318212957652,Erratic
109,2826,145.0,145.0,1.0,0.26604410731268346,Smooth
109,2867,145.0,45.0,3.2222222222222223,2.0805731847743094,Lumpy
110,1062,145.0,145.0,1.0,0.0929585706407489,Smooth
110,1109,145.0,145.0,1.0,0.9569725688543843,Erratic
110,1207,145.0,145.0,1.0,0.2164609671927793,Smooth
110,1216,145.0,134.0,1.0820895522388059,0.3729437840573265,Smooth
110,1230,145.0,145.0,1.0,0.1834010579214474,Smooth
110,1247,145.0,118.0,1.228813559322034,0.3851188573639475,Smooth
110,1248,145.0,137.0,1.0583941605839415,0.6664598598042474,Erratic
110,1445,145.0,137.0,1.0583941605839415,2.051342747378686,Erratic
110,1525,145.0,122.0,1.1885245901639345,0.4994115276248937,Erratic
110,1543,145.0,134.0,1.0820895522388059,0.4241738982528643,Smooth
110,1558,145.0,143.0,1.013986013986014,0.8008319883532311,Erratic
110,1571,145.0,51.0,2.843137254901961,0.5082798035051318,Lumpy
110,1727,145.0,145.0,1.0,0.8894604232755675,Erratic
110,1754,145.0,145.0,1.0,2.259187023867868,Erratic
110,1770,145.0,86.0,1.686046511627907,0.3165877229434739,Intermittent
110,1778,145.0,145.0,1.0,0.10245619786340072,Smooth
110,1878,145.0,145.0,1.0,0.27722346333997194,Smooth
110,1885,145.0,145.0,1.0,0.1684331723902701,Smooth
110,1902,145.0,90.0,1.6111111111111112,0.3312422914445094,Intermittent
110,1962,145.0,145.0,1.0,0.5498736262033079,Erratic
110,1971,145.0,145.0,1.0,1.9671207430532127,Erratic
110,1993,145.0,145.0,1.0,0.16292459726692823,Smooth
110,2104,145.0,47.0,3.0851063829787235,0.546816098824516,Lumpy
110,2126,145.0,139.0,1.0431654676258992,0.3050856288049747,Smooth
110,2139,145.0,133.0,1.0902255639097744,0.33161596686187417,Smooth
110,2290,145.0,145.0,1.0,0.9030282030699253,Erratic
110,2304,145.0,123.0,1.1788617886178863,0.6292674299472937,Erratic
110,2306,145.0,118.0,1.228813559322034,0.6092613037229314,Erratic
110,2322,145.0,145.0,1.0,0.21975232949293136,Smooth
110,2444,145.0,96.0,1.5104166666666667,2.1475390720539522,Lumpy
110,2490,145.0,120.0,1.2083333333333333,0.9370680035266464,Erratic
110,2492,145.0,134.0,1.0820895522388059,0.9684939335722107,Erratic
110,2539,145.0,145.0,1.0,0.48738052407435634,Smooth
110,2569,145.0,127.0,1.141732283464567,0.3996994033016049,Smooth
110,2577,145.0,127.0,1.141732283464567,0.43732232504822993,Smooth
110,2581,145.0,145.0,1.0,0.6843477711878544,Erratic
110,2631,145.0,140.0,1.0357142857142858,0.4930117519653604,Erratic
110,2640,145.0,145.0,1.0,0.26833566264222414,Smooth
110,2664,145.0,129.0,1.124031007751938,0.43555020562443547,Smooth
110,2704,145.0,143.0,1.013986013986014,0.4688223351241834,Smooth
110,2707,145.0,145.0,1.0,0.1128414339514217,Smooth
110,2760,145.0,102.0,1.4215686274509804,0.4356702072594021,Intermittent
110,2826,145.0,145.0,1.0,0.7050875268028706,Erratic
110,2867,145.0,83.0,1.7469879518072289,2.133521672654925,Lumpy
110,2956,145.0,44.0,3.2954545454545454,0.4248815588019961,Intermittent
113,1062,145.0,145.0,1.0,0.13388548864886934,Smooth
113,1109,145.0,145.0,1.0,0.5374969571065435,Erratic
113,1207,145.0,128.0,1.1328125,0.483303500399687,Smooth
113,1216,145.0,132.0,1.0984848484848484,0.48816606719703315,Smooth
113,1230,145.0,141.0,1.0283687943262412,0.40382551377126047,Smooth
113,1247,145.0,70.0,2.0714285714285716,0.17400299532852856,Intermittent
113,1248,145.0,141.0,1.0283687943262412,1.880685108153863,Erratic
113,1445,145.0,103.0,1.4077669902912622,1.561072579116559,Lumpy
113,1525,145.0,101.0,1.4356435643564356,0.266860904982825,Intermittent
113,1543,145.0,140.0,1.0357142857142858,0.41958322278638754,Smooth
113,1558,145.0,143.0,1.013986013986014,0.772509741849135,Erratic
113,1571,145.0,30.0,4.833333333333333,0.18530930012828295,Intermittent
113,1727,145.0,145.0,1.0,0.831434711531375,Erratic
113,1754,145.0,145.0,1.0,1.2482254446899035,Erratic
113,1770,145.0,70.0,2.0714285714285716,0.2442855666540609,Intermittent
113,1778,145.0,145.0,1.0,0.15820467060683335,Smooth
113,1878,145.0,135.0,1.0740740740740742,0.47008776137093067,Smooth
113,1885,145.0,145.0,1.0,0.41109270984458224,Smooth
113,1902,145.0,46.0,3.152173913043478,0.340757927064435,Intermittent
113,1962,145.0,145.0,1.0,0.6155695874428381,Erratic
113,1971,145.0,145.0,1.0,1.5541615029245586,Erratic
113,1993,145.0,145.0,1.0,0.5218238701731052,Erratic
113,2104,145.0,56.0,2.5892857142857144,0.31694853575934656,Intermittent
113,2126,145.0,133.0,1.0902255639097744,0.34832493891343264,Smooth
113,2139,145.0,127.0,1.141732283464567,0.2986077057038121,Smooth
113,2290,145.0,145.0,1.0,1.3254885994018748,Erratic
113,2304,145.0,130.0,1.1153846153846154,0.5788107693355502,Erratic
113,2306,145.0,87.0,1.6666666666666667,0.7559690101736904,Lumpy
113,2322,145.0,142.0,1.0211267605633803,0.268883959660766,Smooth
113,2444,145.0,120.0,1.2083333333333333,1.552206778366971,Erratic
113,2490,145.0,118.0,1.228813559322034,0.9723098719607783,Erratic
113,2492,145.0,135.0,1.0740740740740742,0.7130212229352988,Erratic
113,2539,145.0,144.0,1.0069444444444444,1.3738347040277819,Erratic
113,2569,145.0,127.0,1.141732283464567,0.2196603546201823,Smooth
113,2577,145.0,36.0,4.027777777777778,0.2779815897879266,Intermittent
113,2581,145.0,144.0,1.0069444444444444,0.7140569708395846,Erratic
113,2631,145.0,145.0,1.0,1.233310802344531,Erratic
113,2640,145.0,141.0,1.0283687943262412,0.7219961651966176,Erratic
113,2664,145.0,128.0,1.1328125,0.19842377622716004,Smooth
113,2704,145.0,141.0,1.0283687943262412,0.5273091264586729,Erratic
113,2707,145.0,145.0,1.0,0.10145719492790264,Smooth
113,2760,145.0,124.0,1.1693548387096775,0.428785971614743,Smooth
113,2826,145.0,145.0,1.0,0.7035321702072824,Erratic
113,2867,145.0,81.0,1.7901234567901234,0.6785992463471854,Lumpy
124,1062,145.0,145.0,1.0,0.181704838651134,Smooth
124,1109,145.0,145.0,1.0,0.2504434724933521,Smooth
124,1198,145.0,140.0,1.0357142857142858,0.2979129490965774,Smooth
124,1207,145.0,140.0,1.0357142857142858,1.2276869014619187,Erratic
124,1216,145.0,111.0,1.3063063063063063,0.41456335402546896,Smooth
124,1230,145.0,143.0,1.013986013986014,1.1029080557878672,Erratic
124,1247,145.0,60.0,2.4166666666666665,0.18047708725674833,Intermittent
124,1248,145.0,140.0,1.0357142857142858,0.532637136207032,Erratic
124,1311,145.0,138.0,1.0507246376811594,0.2850524649516358,Smooth
124,1438,145.0,67.0,2.1641791044776117,0.24046172740020402,Intermittent
124,1445,145.0,114.0,1.2719298245614035,1.3881689999348277,Erratic
124,1525,145.0,132.0,1.0984848484848484,0.3341555425895072,Smooth
124,1543,145.0,131.0,1.1068702290076335,0.3855954518829237,Smooth
124,1558,145.0,145.0,1.0,0.6836086523088448,Erratic
124,1571,145.0,65.0,2.230769230769231,0.43236765768169505,Intermittent
124,1727,145.0,145.0,1.0,0.45207081526755977,Smooth
124,1754,145.0,145.0,1.0,1.2821112999455624,Erratic
124,1770,145.0,71.0,2.0422535211267605,0.25082973828570543,Intermittent
124,1778,145.0,145.0,1.0,0.23744164394305736,Smooth
124,1803,145.0,139.0,1.0431654676258992,0.2328161580495741,Smooth
124,1847,145.0,76.0,1.9078947368421053,0.2994873692273025,Intermittent
124,1878,145.0,121.0,1.1983471074380165,0.9883663244448977,Erratic
124,1885,145.0,145.0,1.0,0.13201418013739438,Smooth
124,1902,145.0,62.0,2.338709677419355,0.21754358281139802,Intermittent
124,1962,145.0,145.0,1.0,0.6013262460041041,Erratic
124,1971,145.0,145.0,1.0,2.326742272689125,Erratic
124,1993,145.0,145.0,1.0,0.08435276233826568,Smooth
124,2104,145.0,25.0,5.8,0.508218631852552,Lumpy
124,2126,145.0,114.0,1.2719298245614035,0.32697768973390007,Smooth
124,2139,145.0,103.0,1.4077669902912622,0.37635708315745464,Intermittent
124,2290,145.0,145.0,1.0,2.1876660182938434,Erratic
124,2304,145.0,119.0,1.218487394957983,0.30187131903200737,Smooth
124,2306,145.0,74.0,1.9594594594594594,0.7274061941418852,Lumpy
124,2322,145.0,142.0,1.0211267605633803,1.1135499019013033,Erratic
124,2444,145.0,117.0,1.2393162393162394,1.916020396447468,Erratic
124,2490,145.0,123.0,1.1788617886178863,1.3368141912982854,Erratic
124,2492,145.0,112.0,1.2946428571428572,1.4036181172715096,Erratic
124,2494,145.0,83.0,1.7469879518072289,0.2583018081984648,Intermittent
124,2539,145.0,145.0,1.0,0.23637066467405507,Smooth
124,2569,145.0,122.0,1.1885245901639345,0.1893133659801544,Smooth
124,2577,145.0,111.0,1.3063063063063063,0.5851798407982927,Erratic
124,2581,145.0,144.0,1.0069444444444444,0.6591373659351004,Erratic
124,2631,145.0,142.0,1.0211267605633803,0.44715607141641606,Smooth
124,2640,145.0,128.0,1.1328125,1.4019545248090197,Erratic
124,2664,145.0,128.0,1.1328125,0.20136001319601446,Smooth
124,2704,145.0,117.0,1.2393162393162394,0.36154361497164805,Smooth
124,2707,145.0,145.0,1.0,0.1868906744621748,Smooth
124,2760,145.0,121.0,1.1983471074380165,4.300836380935535,Erratic
124,2826,145.0,145.0,1.0,0.26055896687660285,Smooth
124,2867,145.0,115.0,1.2608695652173914,1.3050420323859357,Erratic
124,2956,145.0,52.0,2.7884615384615383,0.46924222518656583,Intermittent
126,1062,145.0,145.0,1.0,0.07242827512933715,Smooth
126,1109,145.0,145.0,1.0,0.5133958899651109,Erratic
126,1198,145.0,145.0,1.0,0.0900075060275141,Smooth
126,1207,145.0,143.0,1.013986013986014,0.6473073235279145,Erratic
126,1216,145.0,131.0,1.1068702290076335,0.33939720756670133,Smooth
126,1230,145.0,141.0,1.0283687943262412,0.8981743877362196,Erratic
126,1247,145.0,104.0,1.3942307692307692,0.2957833509582179,Intermittent
126,1248,145.0,133.0,1.0902255639097744,0.8162405674677773,Erratic
126,1311,145.0,145.0,1.0,0.09959462419557608,Smooth
126,1438,145.0,68.0,2.1323529411764706,0.3901217385018717,Intermittent
126,1445,145.0,133.0,1.0902255639097744,1.6588602242244028,Erratic
126,1525,145.0,143.0,1.013986013986014,0.25511699671465843,Smooth
126,1543,145.0,137.0,1.0583941605839415,0.3353033160022603,Smooth
126,1558,145.0,145.0,1.0,1.1724079009750006,Erratic
126,1571,145.0,78.0,1.858974358974359,0.7617615698101028,Lumpy
126,1727,145.0,145.0,1.0,0.9045526561370563,Erratic
126,1754,145.0,145.0,1.0,2.6197691627127493,Erratic
126,1770,145.0,78.0,1.858974358974359,0.3038779050995577,Intermittent
126,1778,145.0,145.0,1.0,0.11501886055347758,Smooth
126,1803,145.0,145.0,1.0,0.11837771200485801,Smooth
126,1847,145.0,63.0,2.3015873015873014,0.42150745826091723,Intermittent
126,1878,145.0,143.0,1.013986013986014,0.7047900420243464,Erratic
126,1885,145.0,145.0,1.0,0.07076440060645016,Smooth
126,1902,145.0,74.0,1.9594594594594594,0.24455087128779535,Intermittent
126,1962,145.0,145.0,1.0,0.8289523030821528,Erratic
126,1971,145.0,144.0,1.0069444444444444,1.978452409620027,Erratic
126,1993,145.0,145.0,1.0,0.08143710383543232,Smooth
126,2126,145.0,128.0,1.1328125,0.5762813209040599,Erratic
126,2139,145.0,120.0,1.2083333333333333,0.30683676017574574,Smooth
126,2290,145.0,145.0,1.0,1.2338325666675067,Erratic
126,2304,145.0,131.0,1.1068702290076335,0.4477019436843612,Smooth
126,2306,145.0,110.0,1.3181818181818181,1.3013249345902083,Erratic
126,2322,145.0,143.0,1.013986013986014,0.80427839193974,Erratic
126,2444,145.0,129.0,1.124031007751938,1.4152460074781825,Erratic
126,2490,145.0,123.0,1.1788617886178863,0.9481789630702478,Erratic
126,2492,145.0,121.0,1.1983471074380165,0.7723690820012348,Erratic
126,2494,145.0,52.0,2.7884615384615383,0.521622448809959,Lumpy
126,2539,145.0,145.0,1.0,0.25470918305602064,Smooth
126,2569,145.0,120.0,1.2083333333333333,0.4760810282811111,Smooth
126,2577,145.0,137.0,1.0583941605839415,0.5713877678391034,Erratic
126,2581,145.0,143.0,1.013986013986014,0.973337338047394,Erratic
126,2631,145.0,140.0,1.0357142857142858,0.5854593874054848,Erratic
126,2640,145.0,144.0,1.0069444444444444,0.4493812668637774,Smooth
126,2664,145.0,128.0,1.1328125,0.2818171409702859,Smooth
126,2704,145.0,135.0,1.0740740740740742,0.28374947983654314,Smooth
126,2707,145.0,145.0,1.0,0.08605856791829596,Smooth
126,2760,145.0,145.0,1.0,0.7551128766547943,Erratic
126,2826,145.0,145.0,1.0,0.4067972976252191,Smooth
126,2867,145.0,129.0,1.124031007751938,1.4138318021686451,Erratic
126,2956,145.0,78.0,1.858974358974359,0.4968005196111581,Lumpy
129,1062,145.0,145.0,1.0,0.09787980521356286,Smooth
129,1109,145.0,145.0,1.0,0.774105488939385,Erratic
129,1207,145.0,145.0,1.0,0.22975045923721396,Smooth
129,1216,145.0,127.0,1.141732283464567,0.40502572220023747,Smooth
129,1230,145.0,145.0,1.0,0.25583686295124175,Smooth
129,1247,145.0,123.0,1.1788617886178863,0.34465019138517944,Smooth
129,1248,145.0,135.0,1.0740740740740742,0.7834203507879857,Erratic
129,1445,145.0,135.0,1.0740740740740742,1.3943642659136417,Erratic
129,1525,145.0,143.0,1.013986013986014,0.3714263649498285,Smooth
129,1543,145.0,127.0,1.141732283464567,0.5012726460096295,Erratic
129,1558,145.0,143.0,1.013986013986014,0.7763009472104336,Erratic
129,1571,145.0,82.0,1.7682926829268293,0.32314031238572843,Intermittent
129,1727,145.0,145.0,1.0,1.7392412972543163,Erratic
129,1754,145.0,145.0,1.0,1.4789703691898244,Erratic
129,1770,145.0,91.0,1.5934065934065933,0.35677821284743455,Intermittent
129,1778,145.0,145.0,1.0,0.1556263598425132,Smooth
129,1878,145.0,145.0,1.0,0.2116544214588754,Smooth
129,1885,145.0,145.0,1.0,0.12576198512364326,Smooth
129,1902,145.0,87.0,1.6666666666666667,0.3179780183809054,Intermittent
129,1962,145.0,145.0,1.0,0.5890181576586578,Erratic
129,1971,145.0,145.0,1.0,1.574987624034197,Erratic
129,1993,145.0,145.0,1.0,0.13936335637475317,Smooth
129,2104,145.0,80.0,1.8125,0.525897700852493,Lumpy
129,2126,145.0,134.0,1.0820895522388059,0.30459215567071524,Smooth
129,2139,145.0,122.0,1.1885245901639345,0.3393174597054474,Smooth
129,2290,145.0,145.0,1.0,0.9907162243338105,Erratic
129,2304,145.0,127.0,1.141732283464567,0.919841937530114,Erratic
129,2306,145.0,98.0,1.4795918367346939,0.9994108399721159,Lumpy
129,2322,145.0,145.0,1.0,0.22614687466265587,Smooth
129,2444,145.0,121.0,1.1983471074380165,2.247667541049074,Erratic
129,2490,145.0,120.0,1.2083333333333333,1.0441429779807743,Erratic
129,2492,145.0,112.0,1.2946428571428572,0.9303101647439348,Erratic
129,2539,145.0,145.0,1.0,0.190735362524104,Smooth
129,2569,145.0,127.0,1.141732283464567,0.38570884568039576,Smooth
129,2577,145.0,124.0,1.1693548387096775,0.29401654926395915,Smooth
129,2581,145.0,144.0,1.0069444444444444,0.697077740472784,Erratic
129,2631,145.0,134.0,1.0820895522388059,0.41995296808304466,Smooth
129,2640,145.0,142.0,1.0211267605633803,0.2194152831656134,Smooth
129,2664,145.0,130.0,1.1153846153846154,0.24583672392122863,Smooth
129,2704,145.0,145.0,1.0,0.2048664903073038,Smooth
129,2707,145.0,145.0,1.0,0.11552084262748046,Smooth
129,2760,145.0,145.0,1.0,0.4327667393906409,Smooth
129,2826,145.0,145.0,1.0,1.0745788606806266,Erratic
129,2867,145.0,121.0,1.1983471074380165,1.715275899802729,Erratic
129,2956,145.0,81.0,1.7901234567901234,0.3909855014320132,Intermittent
132,1062,145.0,145.0,1.0,0.07376734858748069,Smooth
132,1109,145.0,145.0,1.0,0.36343258220880487,Smooth
132,1198,145.0,125.0,1.16,0.23254389132801592,Smooth
132,1207,145.0,139.0,1.0431654676258992,0.6823837363868601,Erratic
132,1216,145.0,136.0,1.0661764705882353,0.3109493722082539,Smooth
132,1230,145.0,142.0,1.0211267605633803,0.9808775413711586,Erratic
132,1247,145.0,126.0,1.1507936507936507,0.3152822639714626,Smooth
132,1248,145.0,138.0,1.0507246376811594,0.6213697575423212,Erratic
132,1311,145.0,142.0,1.0211267605633803,0.1910408434371759,Smooth
132,1438,145.0,137.0,1.0583941605839415,0.4102591328123453,Smooth
132,1445,145.0,143.0,1.013986013986014,1.0269975072537454,Erratic
132,1525,145.0,143.0,1.013986013986014,0.19735537330665728,Smooth
132,1543,145.0,142.0,1.0211267605633803,0.3464995222973793,Smooth
132,1558,145.0,143.0,1.013986013986014,0.973043450695696,Erratic
132,1571,145.0,79.0,1.8354430379746836,0.5482030289985169,Lumpy
132,1727,145.0,145.0,1.0,1.2758808088448446,Erratic
132,1754,145.0,145.0,1.0,1.105289402329139,Erratic
132,1770,145.0,105.0,1.380952380952381,0.3344745231873762,Intermittent
132,1778,145.0,145.0,1.0,0.1427786351965449,Smooth
132,1803,145.0,143.0,1.013986013986014,0.14061231158007303,Smooth
132,1847,145.0,131.0,1.1068702290076335,0.36523984349477684,Smooth
132,1878,145.0,145.0,1.0,0.7089240626388278,Erratic
132,1885,145.0,145.0,1.0,0.06463880315494709,Smooth
132,1902,145.0,125.0,1.16,0.2955594880185233,Smooth
132,1962,145.0,145.0,1.0,0.60635108280168,Erratic
132,1971,145.0,144.0,1.0069444444444444,1.955160964914112,Erratic
132,1993,145.0,145.0,1.0,0.11375865396411475,Smooth
132,2126,145.0,137.0,1.0583941605839415,0.32131180307914015,Smooth
132,2139,145.0,118.0,1.228813559322034,0.3277588794196767,Smooth
132,2290,145.0,145.0,1.0,1.5110696298215929,Erratic
132,2304,145.0,130.0,1.1153846153846154,0.4256210427217836,Smooth
132,2306,145.0,136.0,1.0661764705882353,0.7968131385020311,Erratic
132,2322,145.0,145.0,1.0,0.6791865244604477,Erratic
132,2444,145.0,136.0,1.0661764705882353,1.782807918520706,Erratic
132,2490,145.0,122.0,1.1885245901639345,0.8622620063740849,Erratic
132,2492,145.0,135.0,1.0740740740740742,0.6095904513641709,Erratic
132,2494,145.0,139.0,1.0431654676258992,0.3717730910240885,Smooth
132,2539,145.0,145.0,1.0,0.23942564043480596,Smooth
132,2569,145.0,117.0,1.2393162393162394,0.684551482110923,Erratic
132,2577,145.0,145.0,1.0,0.12878442161777107,Smooth
132,2581,145.0,145.0,1.0,0.8156634305699365,Erratic
132,2631,145.0,140.0,1.0357142857142858,0.48105006885666857,Smooth
132,2640,145.0,145.0,1.0,0.7005864834329482,Erratic
132,2664,145.0,128.0,1.1328125,0.2901695578188959,Smooth
132,2704,145.0,142.0,1.0211267605633803,0.22242736972569588,Smooth
132,2707,145.0,145.0,1.0,0.09920206409184838,Smooth
132,2760,145.0,144.0,1.0069444444444444,0.6755009347628695,Erratic
132,2826,145.0,145.0,1.0,0.41824752013482125,Smooth
132,2867,145.0,136.0,1.0661764705882353,1.3050741470408105,Erratic
132,2956,145.0,80.0,1.8125,0.47297653562936637,Intermittent
137,1062,145.0,145.0,1.0,0.06514516510442261,Smooth
137,1109,145.0,145.0,1.0,0.47065996992823483,Smooth
137,1198,145.0,105.0,1.380952380952381,0.17206945557725786,Intermittent
137,1207,145.0,140.0,1.0357142857142858,0.6753913225904097,Erratic
137,1216,145.0,141.0,1.0283687943262412,0.24912610443594513,Smooth
137,1230,145.0,144.0,1.0069444444444444,0.6722511248207689,Erratic
137,1247,145.0,131.0,1.1068702290076335,0.3201051202603386,Smooth
137,1248,145.0,143.0,1.013986013986014,1.0656914446281383,Erratic
137,1311,145.0,145.0,1.0,0.12108893093348279,Smooth
137,1438,145.0,144.0,1.0069444444444444,0.30811325508092363,Smooth
137,1445,145.0,143.0,1.013986013986014,1.5576168195374849,Erratic
137,1525,145.0,136.0,1.0661764705882353,0.25472192559062484,Smooth
137,1543,145.0,145.0,1.0,0.39687178426037617,Smooth
137,1558,145.0,144.0,1.0069444444444444,1.0854604873833669,Erratic
137,1571,145.0,81.0,1.7901234567901234,0.24485296556125,Intermittent
137,1727,145.0,145.0,1.0,1.4088762639955947,Erratic
137,1754,145.0,145.0,1.0,1.061983821689643,Erratic
137,1770,145.0,128.0,1.1328125,0.3039056203476457,Smooth
137,1778,145.0,145.0,1.0,0.12311689609389254,Smooth
137,1803,145.0,145.0,1.0,0.14460866156932262,Smooth
137,1847,145.0,109.0,1.3302752293577982,0.46428203210860813,Intermittent
137,1878,145.0,143.0,1.013986013986014,0.5108246686650798,Erratic
137,1885,145.0,145.0,1.0,0.08408119731204396,Smooth
137,1902,145.0,136.0,1.0661764705882353,0.38175880080197544,Smooth
137,1962,145.0,145.0,1.0,0.6574141238746178,Erratic
137,1971,145.0,145.0,1.0,2.6843214022385657,Erratic
137,1993,145.0,145.0,1.0,0.1548255384578529,Smooth
137,2104,145.0,31.0,4.67741935483871,0.41630702645219025,Intermittent
137,2126,145.0,143.0,1.013986013986014,0.33094347854634987,Smooth
137,2139,145.0,139.0,1.0431654676258992,0.3257149779933407,Smooth
137,2290,145.0,145.0,1.0,1.1764297659622633,Erratic
137,2304,145.0,144.0,1.0069444444444444,0.3242892974838697,Smooth
137,2306,145.0,134.0,1.0820895522388059,1.3991955457920302,Erratic
137,2322,145.0,145.0,1.0,0.7153012013850172,Erratic
137,2444,145.0,138.0,1.0507246376811594,1.7939667893397404,Erratic
137,2490,145.0,122.0,1.1885245901639345,1.099210310157545,Erratic
137,2492,145.0,142.0,1.0211267605633803,0.4872534846453558,Smooth
137,2494,145.0,142.0,1.0211267605633803,0.18139419424377587,Smooth
137,2539,145.0,145.0,1.0,0.18590923166728082,Smooth
137,2569,145.0,120.0,1.2083333333333333,0.3894244808546019,Smooth
137,2577,145.0,145.0,1.0,0.1638754159656381,Smooth
137,2581,145.0,145.0,1.0,0.8328306080172408,Erratic
137,2631,145.0,143.0,1.013986013986014,0.6242345237899418,Erratic
137,2640,145.0,145.0,1.0,0.2591279367996178,Smooth
137,2664,145.0,128.0,1.1328125,0.37656627403460513,Smooth
137,2704,145.0,136.0,1.0661764705882353,0.2868516490199161,Smooth
137,2707,145.0,145.0,1.0,0.11591664662115231,Smooth
137,2760,145.0,145.0,1.0,0.9515733545942195,Erratic
137,2826,145.0,145.0,1.0,0.4507352194902218,Smooth
137,2867,145.0,137.0,1.0583941605839415,1.4154089934469551,Erratic
137,2956,145.0,82.0,1.7682926829268293,0.29893560045914563,Intermittent
139,1062,145.0,145.0,1.0,0.11963070239891599,Smooth
139,1109,145.0,144.0,1.0069444444444444,0.5921637962735298,Erratic
139,1207,145.0,142.0,1.0211267605633803,0.39358325470427286,Smooth
139,1216,145.0,116.0,1.25,0.34019705068728257,Smooth
139,1230,145.0,144.0,1.0069444444444444,0.2865624911339274,Smooth
139,1247,145.0,45.0,3.2222222222222223,0.12055573470178355,Intermittent
139,1248,145.0,119.0,1.218487394957983,0.5327032709025481,Erratic
139,1445,145.0,89.0,1.6292134831460674,1.2571089700516223,Lumpy
139,1525,145.0,21.0,6.904761904761905,0.17923875432525951,Intermittent
139,1543,145.0,124.0,1.1693548387096775,0.47392426668379595,Smooth
139,1558,145.0,139.0,1.0431654676258992,0.4319289038516215,Smooth
139,1571,145.0,11.0,13.181818181818182,0.30883548496367946,Intermittent
139,1727,145.0,145.0,1.0,0.5183034913301072,Erratic
139,1754,145.0,145.0,1.0,0.9644051968491627,Erratic
139,1770,145.0,22.0,6.590909090909091,0.08013887458215277,Intermittent
139,1778,145.0,145.0,1.0,0.22350711757232522,Smooth
139,1878,145.0,117.0,1.2393162393162394,0.512613924465244,Erratic
139,1885,145.0,145.0,1.0,0.48218519495069145,Smooth
139,1902,145.0,23.0,6.304347826086956,0.17245036190982135,Intermittent
139,1962,145.0,141.0,1.0283687943262412,0.38649745105219924,Smooth
139,1971,145.0,145.0,1.0,1.2796152843876352,Erratic
139,1993,145.0,145.0,1.0,1.0756680171717445,Erratic
139,2104,145.0,6.0,24.166666666666668,0.3180930264326207,Intermittent
139,2126,145.0,105.0,1.380952380952381,0.36371924200491207,Intermittent
139,2139,145.0,85.0,1.7058823529411764,0.2420496428070498,Intermittent
139,2290,145.0,145.0,1.0,0.851296905259562,Erratic
139,2304,145.0,118.0,1.228813559322034,0.4513920228637962,Smooth
139,2306,145.0,78.0,1.858974358974359,0.359254531396078,Intermittent
139,2322,145.0,140.0,1.0357142857142858,0.3980160352981384,Smooth
139,2444,145.0,94.0,1.5425531914893618,1.0909068825108659,Lumpy
139,2490,145.0,118.0,1.228813559322034,0.8127494191340434,Erratic
139,2492,145.0,111.0,1.3063063063063063,0.5240969418043945,Erratic
139,2539,145.0,134.0,1.0820895522388059,0.4383005119413149,Smooth
139,2569,145.0,127.0,1.141732283464567,0.31181055198872265,Smooth
139,2577,145.0,3.0,48.333333333333336,0.0071386079714455715,Intermittent
139,2581,145.0,142.0,1.0211267605633803,0.46577596942193444,Smooth
139,2631,145.0,135.0,1.0740740740740742,0.5351414343682709,Erratic
139,2640,145.0,118.0,1.228813559322034,1.4312070278476596,Erratic
139,2664,145.0,131.0,1.1068702290076335,0.38527864666261696,Smooth
139,2704,145.0,50.0,2.9,0.3571392005910199,Intermittent
139,2707,145.0,143.0,1.013986013986014,0.28819961653856574,Smooth
139,2760,145.0,80.0,1.8125,0.35960550026419325,Intermittent
139,2826,145.0,145.0,1.0,0.43684829476909864,Smooth
139,2867,145.0,7.0,20.714285714285715,0.2191259259259259,Intermittent
143,1062,145.0,145.0,1.0,0.19651225736935804,Smooth
143,1109,145.0,145.0,1.0,0.31779144143115556,Smooth
143,1207,145.0,130.0,1.1153846153846154,0.31825371908416106,Smooth
143,1216,145.0,128.0,1.1328125,0.3229106856630488,Smooth
143,1230,145.0,141.0,1.0283687943262412,0.4012304432830038,Smooth
143,1247,145.0,138.0,1.0507246376811594,0.35413004617905564,Smooth
143,1248,145.0,136.0,1.0661764705882353,0.4414011535301712,Smooth
143,1445,145.0,140.0,1.0357142857142858,1.0558310028568911,Erratic
143,1525,145.0,139.0,1.0431654676258992,0.1972052851439432,Smooth
143,1543,145.0,134.0,1.0820895522388059,0.5351365293410941,Erratic
143,1558,145.0,143.0,1.013986013986014,0.7310220918379391,Erratic
143,1571,145.0,81.0,1.7901234567901234,0.4998060610824535,Lumpy
143,1727,145.0,145.0,1.0,0.6132241158689771,Erratic
143,1754,145.0,145.0,1.0,1.184969723057482,Erratic
143,1770,145.0,75.0,1.9333333333333333,0.21402450607805162,Intermittent
143,1778,145.0,144.0,1.0069444444444444,0.2001266148373486,Smooth
143,1878,145.0,145.0,1.0,0.1393406971767251,Smooth
143,1885,145.0,145.0,1.0,0.24505584540446032,Smooth
143,1902,145.0,94.0,1.5425531914893618,0.5116229337360397,Lumpy
143,1962,145.0,145.0,1.0,0.5966190975960327,Erratic
143,1971,145.0,145.0,1.0,1.2387115751899043,Erratic
143,1993,145.0,145.0,1.0,0.2936996930888801,Smooth
143,2104,145.0,78.0,1.858974358974359,0.535888218923933,Lumpy
143,2126,145.0,134.0,1.0820895522388059,0.27501387930519217,Smooth
143,2139,145.0,123.0,1.1788617886178863,0.3432307246114428,Smooth
143,2290,145.0,145.0,1.0,0.34846874000424316,Smooth
143,2304,145.0,130.0,1.1153846153846154,0.6679506873381289,Erratic
143,2306,145.0,131.0,1.1068702290076335,0.7811304644223943,Erratic
143,2322,145.0,135.0,1.0740740740740742,0.396529019480603,Smooth
143,2444,145.0,118.0,1.228813559322034,1.3217776139216348,Erratic
143,2490,145.0,119.0,1.218487394957983,0.666333487330011,Erratic
143,2492,145.0,133.0,1.0902255639097744,0.6316600291721978,Erratic
143,2539,145.0,144.0,1.0069444444444444,0.38365233951301037,Smooth
143,2569,145.0,126.0,1.1507936507936507,0.15951240937668743,Smooth
143,2577,145.0,145.0,1.0,0.1337997417599139,Smooth
143,2581,145.0,145.0,1.0,0.5412484686021761,Erratic
143,2631,145.0,138.0,1.0507246376811594,0.6052643134837631,Erratic
143,2640,145.0,145.0,1.0,0.19333584167402829,Smooth
143,2664,145.0,129.0,1.124031007751938,0.14162452960910335,Smooth
143,2704,145.0,136.0,1.0661764705882353,0.24734133992609503,Smooth
143,2707,145.0,145.0,1.0,0.13919124263909252,Smooth
143,2760,145.0,145.0,1.0,0.22592903434397738,Smooth
143,2826,145.0,145.0,1.0,0.20783396085284503,Smooth
143,2867,145.0,139.0,1.0431654676258992,0.9498971105512208,Erratic
143,2956,145.0,82.0,1.7682926829268293,0.6411602135425384,Lumpy
145,1062,145.0,145.0,1.0,0.0975425029278926,Smooth
145,1109,145.0,145.0,1.0,0.6043540500815139,Erratic
145,1207,145.0,145.0,1.0,0.2049854003929842,Smooth
145,1216,145.0,129.0,1.124031007751938,0.3287077085121408,Smooth
145,1230,145.0,145.0,1.0,0.2500039861149986,Smooth
145,1247,145.0,92.0,1.576086956521739,0.3342193606793786,Intermittent
145,1248,145.0,140.0,1.0357142857142858,0.49734464347278423,Erratic
145,1445,145.0,139.0,1.0431654676258992,1.713690960801128,Erratic
145,1525,145.0,129.0,1.124031007751938,0.5387260217658809,Erratic
145,1543,145.0,133.0,1.0902255639097744,0.6647134757380755,Erratic
145,1558,145.0,145.0,1.0,0.8461075483237506,Erratic
145,1571,145.0,1.0,145.0,,NA
145,1727,145.0,145.0,1.0,0.7372965104965574,Erratic
145,1754,145.0,145.0,1.0,1.9037228414051333,Erratic
145,1770,145.0,121.0,1.1983471074380165,0.2670641795866623,Smooth
145,1778,145.0,145.0,1.0,0.14229572212595418,Smooth
145,1878,145.0,144.0,1.0069444444444444,0.27185993846174034,Smooth
145,1885,145.0,145.0,1.0,0.270796655325082,Smooth
145,1902,145.0,100.0,1.45,0.2901380660847267,Intermittent
145,1962,145.0,145.0,1.0,0.6018484421834219,Erratic
145,1971,145.0,145.0,1.0,1.9639419734110914,Erratic
145,1993,145.0,145.0,1.0,0.4968801190244886,Erratic
145,2104,145.0,1.0,145.0,,NA
145,2126,145.0,137.0,1.0583941605839415,0.31836494434196233,Smooth
145,2139,145.0,130.0,1.1153846153846154,0.24357730543366432,Smooth
145,2290,145.0,145.0,1.0,0.8193659832680013,Erratic
145,2304,145.0,124.0,1.1693548387096775,0.7243828502788594,Erratic
145,2306,145.0,133.0,1.0902255639097744,0.6197227948318269,Erratic
145,2322,145.0,145.0,1.0,0.19490242840136254,Smooth
145,2444,145.0,132.0,1.0984848484848484,2.1782106492532134,Erratic
145,2490,145.0,120.0,1.2083333333333333,1.356020225612363,Erratic
145,2492,145.0,122.0,1.1885245901639345,1.3811404259641007,Erratic
145,2539,145.0,145.0,1.0,0.2370969054651988,Smooth
145,2569,145.0,127.0,1.141732283464567,0.3212936155476325,Smooth
145,2577,145.0,143.0,1.013986013986014,0.23098971135314234,Smooth
145,2581,145.0,145.0,1.0,0.5978477478197674,Erratic
145,2631,145.0,141.0,1.0283687943262412,0.3197414427580433,Smooth
145,2640,145.0,145.0,1.0,0.2336851186725478,Smooth
145,2664,145.0,129.0,1.124031007751938,0.24452098738266279,Smooth
145,2704,145.0,131.0,1.1068702290076335,0.29964563792349014,Smooth
145,2707,145.0,145.0,1.0,0.1264030385946385,Smooth
145,2760,145.0,144.0,1.0069444444444444,0.4970970464871885,Erratic
145,2826,145.0,145.0,1.0,0.5248963204973996,Erratic
145,2867,145.0,135.0,1.0740740740740742,1.6561850489609353,Erratic
146,1062,145.0,145.0,1.0,0.14094441027932483,Smooth
146,1109,145.0,145.0,1.0,0.19784376125211434,Smooth
146,1207,145.0,145.0,1.0,0.3399994229848452,Smooth
146,1216,145.0,144.0,1.0069444444444444,0.2699531873085592,Smooth
146,1230,145.0,140.0,1.0357142857142858,0.4351348191673531,Smooth
146,1247,145.0,140.0,1.0357142857142858,0.32515230195148553,Smooth
146,1248,145.0,144.0,1.0069444444444444,0.8740315934698131,Erratic
146,1445,145.0,141.0,1.0283687943262412,0.9846153716925821,Erratic
146,1525,145.0,145.0,1.0,0.11114322167493496,Smooth
146,1543,145.0,142.0,1.0211267605633803,0.4587902032428093,Smooth
146,1558,145.0,145.0,1.0,0.34136226351463533,Smooth
146,1571,145.0,85.0,1.7058823529411764,0.39327689758536793,Intermittent
146,1727,145.0,145.0,1.0,0.44523873214640153,Smooth
146,1754,145.0,145.0,1.0,1.7922057114885341,Erratic
146,1770,145.0,143.0,1.013986013986014,0.30111645980648705,Smooth
146,1778,145.0,145.0,1.0,0.24360545515326013,Smooth
146,1878,145.0,145.0,1.0,0.09207682539051522,Smooth
146,1885,145.0,144.0,1.0069444444444444,0.15884712482846325,Smooth
146,1902,145.0,143.0,1.013986013986014,0.24869292586173505,Smooth
146,1962,145.0,145.0,1.0,0.2807795046806854,Smooth
146,1971,145.0,145.0,1.0,2.2367265011045214,Erratic
146,1993,145.0,145.0,1.0,0.16996526121435077,Smooth
146,2104,145.0,85.0,1.7058823529411764,0.4531191056954994,Intermittent
146,2126,145.0,140.0,1.0357142857142858,0.24718005077743685,Smooth
146,2139,145.0,143.0,1.013986013986014,0.35180507896109064,Smooth
146,2290,145.0,145.0,1.0,0.34092342651204965,Smooth
146,2304,145.0,144.0,1.0069444444444444,0.5754097027779207,Erratic
146,2306,145.0,131.0,1.1068702290076335,0.5749812376258603,Erratic
146,2322,145.0,143.0,1.013986013986014,0.5094202641650508,Erratic
146,2444,145.0,141.0,1.0283687943262412,1.1236745134177033,Erratic
146,2490,145.0,118.0,1.228813559322034,0.48836185948146127,Smooth
146,2492,145.0,145.0,1.0,0.4305284607542284,Smooth
146,2539,145.0,145.0,1.0,0.14197650916728197,Smooth
146,2569,145.0,128.0,1.1328125,0.2883308108946676,Smooth
146,2577,145.0,145.0,1.0,0.16636532014546251,Smooth
146,2581,145.0,145.0,1.0,0.3748825583523638,Smooth
146,2631,145.0,143.0,1.013986013986014,0.32673055792148203,Smooth
146,2640,145.0,145.0,1.0,0.10640224023195739,Smooth
146,2664,145.0,132.0,1.0984848484848484,0.14920298621817513,Smooth
146,2704,145.0,145.0,1.0,0.07858912083359976,Smooth
146,2707,145.0,145.0,1.0,0.08690746289376715,Smooth
146,2760,145.0,145.0,1.0,0.1503807340860207,Smooth
146,2826,145.0,145.0,1.0,0.2087967184045108,Smooth
146,2867,145.0,141.0,1.0283687943262412,0.9993764401200066,Erratic
146,2956,145.0,19.0,7.631578947368421,0.4666187007094031,Intermittent
149,1062,145.0,145.0,1.0,0.15843589669552155,Smooth
149,1109,145.0,145.0,1.0,0.64783113742733,Erratic
149,1207,145.0,114.0,1.2719298245614035,0.235379923391481,Smooth
149,1216,145.0,117.0,1.2393162393162394,0.3523882656111951,Smooth
149,1230,145.0,145.0,1.0,0.31083523787209827,Smooth
149,1247,145.0,53.0,2.7358490566037736,0.12389449354949843,Intermittent
149,1248,145.0,52.0,2.7884615384615383,0.8831001820843144,Lumpy
149,1445,145.0,90.0,1.6111111111111112,1.4441826582661004,Lumpy
149,1525,145.0,108.0,1.3425925925925926,0.496518077867167,Lumpy
149,1543,145.0,126.0,1.1507936507936507,0.42130524168557326,Smooth
149,1558,145.0,139.0,1.0431654676258992,0.8563803381108093,Erratic
149,1727,145.0,145.0,1.0,0.9688360951393933,Erratic
149,1754,145.0,145.0,1.0,1.220749248941927,Erratic
149,1770,145.0,23.0,6.304347826086956,0.29631295115242784,Intermittent
149,1778,145.0,145.0,1.0,0.18075700465130728,Smooth
149,1878,145.0,144.0,1.0069444444444444,0.5071745051736658,Erratic
149,1885,145.0,144.0,1.0069444444444444,0.13309360607793083,Smooth
149,1902,145.0,74.0,1.9594594594594594,0.18537668815138214,Intermittent
149,1962,145.0,145.0,1.0,0.46098731917696395,Smooth
149,1971,145.0,143.0,1.013986013986014,1.7347979341944628,Erratic
149,1993,145.0,144.0,1.0069444444444444,0.1949449215371883,Smooth
149,2126,145.0,116.0,1.25,0.3087922909587082,Smooth
149,2139,145.0,121.0,1.1983471074380165,0.289559139291917,Smooth
149,2290,145.0,145.0,1.0,0.9920962059500248,Erratic
149,2304,145.0,114.0,1.2719298245614035,0.41241801043112014,Smooth
149,2306,145.0,81.0,1.7901234567901234,0.5306900727966312,Lumpy
149,2322,145.0,144.0,1.0069444444444444,0.24990681032963527,Smooth
149,2444,145.0,97.0,1.4948453608247423,1.6910376739446742,Lumpy
149,2490,145.0,119.0,1.218487394957983,1.064401158796077,Erratic
149,2492,145.0,134.0,1.0820895522388059,0.6293142135338633,Erratic
149,2539,145.0,142.0,1.0211267605633803,0.3774933407641179,Smooth
149,2569,145.0,126.0,1.1507936507936507,0.2147361981192032,Smooth
149,2577,145.0,9.0,16.11111111111111,0.23199491182268636,Intermittent
149,2581,145.0,143.0,1.013986013986014,0.5311403822916975,Erratic
149,2631,145.0,145.0,1.0,0.4124012857960243,Smooth
149,2640,145.0,143.0,1.013986013986014,0.32364595730222706,Smooth
149,2664,145.0,129.0,1.124031007751938,0.3196000655341792,Smooth
149,2704,145.0,137.0,1.0583941605839415,0.3531889064065439,Smooth
149,2707,145.0,145.0,1.0,0.17143680142514497,Smooth
149,2760,145.0,128.0,1.1328125,0.4015825561551953,Smooth
149,2826,145.0,145.0,1.0,0.4608573323027041,Smooth
149,2867,145.0,72.0,2.013888888888889,0.950265526446546,Lumpy
152,1062,145.0,145.0,1.0,0.19167321170823556,Smooth
152,1109,145.0,145.0,1.0,0.2837538801446011,Smooth
152,1207,145.0,143.0,1.013986013986014,0.2773095608585839,Smooth
152,1216,145.0,138.0,1.0507246376811594,0.3167698591200599,Smooth
152,1230,145.0,140.0,1.0357142857142858,0.3641548803070103,Smooth
152,1247,145.0,118.0,1.228813559322034,0.3021873895120299,Smooth
152,1248,145.0,138.0,1.0507246376811594,1.0815502432673587,Erratic
152,1445,145.0,127.0,1.141732283464567,1.1084303419666564,Erratic
152,1525,145.0,124.0,1.1693548387096775,0.4472459352083837,Smooth
152,1543,145.0,144.0,1.0069444444444444,0.4580497955506137,Smooth
152,1558,145.0,144.0,1.0069444444444444,0.6887876690110631,Erratic
152,1571,145.0,85.0,1.7058823529411764,0.3226454305853881,Intermittent
152,1727,145.0,145.0,1.0,0.9951579516269472,Erratic
152,1754,145.0,145.0,1.0,0.8259961579328389,Erratic
152,1770,145.0,119.0,1.218487394957983,0.3000261626555206,Smooth
152,1778,145.0,144.0,1.0069444444444444,0.14359202054258535,Smooth
152,1878,145.0,145.0,1.0,0.145816609307409,Smooth
152,1885,145.0,145.0,1.0,0.1759025494006992,Smooth
152,1902,145.0,107.0,1.355140186915888,0.32897578741446304,Intermittent
152,1962,145.0,145.0,1.0,0.39954689313061353,Smooth
152,1971,145.0,145.0,1.0,1.1725728405497635,Erratic
152,1993,145.0,145.0,1.0,0.22621421643105233,Smooth
152,2104,145.0,80.0,1.8125,0.5192967666878081,Lumpy
152,2126,145.0,137.0,1.0583941605839415,0.3162160944986807,Smooth
152,2139,145.0,104.0,1.3942307692307692,0.44283433923239685,Intermittent
152,2290,145.0,145.0,1.0,0.8080409411562469,Erratic
152,2304,145.0,138.0,1.0507246376811594,0.7194218795237787,Erratic
152,2306,145.0,134.0,1.0820895522388059,0.7395327387239743,Erratic
152,2322,145.0,141.0,1.0283687943262412,0.5117931887014612,Erratic
152,2444,145.0,134.0,1.0820895522388059,1.6513674678275214,Erratic
152,2490,145.0,117.0,1.2393162393162394,0.9427255807683455,Erratic
152,2492,145.0,140.0,1.0357142857142858,0.6071915372459821,Erratic
152,2539,145.0,132.0,1.0984848484848484,0.4812837286689109,Smooth
152,2569,145.0,128.0,1.1328125,0.29390989131877715,Smooth
152,2577,145.0,145.0,1.0,0.20399743156206052,Smooth
152,2581,145.0,145.0,1.0,0.6556295627187143,Erratic
152,2631,145.0,140.0,1.0357142857142858,0.8294031136359743,Erratic
152,2640,145.0,145.0,1.0,0.1384814966328203,Smooth
152,2664,145.0,132.0,1.0984848484848484,0.25481934416945057,Smooth
152,2704,145.0,132.0,1.0984848484848484,0.364332669829798,Smooth
152,2707,145.0,145.0,1.0,0.09367317514206173,Smooth
152,2760,145.0,142.0,1.0211267605633803,0.26373593955298796,Smooth
152,2826,145.0,145.0,1.0,0.39394290073741034,Smooth
152,2867,145.0,135.0,1.0740740740740742,0.960665514886979,Erratic
152,2956,145.0,8.0,18.125,0.08717831740041058,Intermittent
153,1062,145.0,145.0,1.0,0.10928774888483023,Smooth
153,1109,145.0,145.0,1.0,0.2112543723828075,Smooth
153,1198,145.0,143.0,1.013986013986014,0.15532658074935501,Smooth
153,1207,145.0,136.0,1.0661764705882353,0.6821878037107595,Erratic
153,1216,145.0,133.0,1.0902255639097744,0.2981398615389353,Smooth
153,1230,145.0,138.0,1.0507246376811594,0.6209560773806999,Erratic
153,1247,145.0,73.0,1.9863013698630136,0.29657804449038755,Intermittent
153,1248,145.0,136.0,1.0661764705882353,0.5364372418673664,Erratic
153,1311,145.0,145.0,1.0,0.1921686403252403,Smooth
153,1438,145.0,142.0,1.0211267605633803,0.2771948124979655,Smooth
153,1445,145.0,120.0,1.2083333333333333,0.8648281693319886,Erratic
153,1525,145.0,145.0,1.0,0.17371793231652688,Smooth
153,1543,145.0,143.0,1.013986013986014,0.3113318359113934,Smooth
153,1558,145.0,143.0,1.013986013986014,0.7543805529361507,Erratic
153,1571,145.0,80.0,1.8125,0.5411480747469718,Lumpy
153,1727,145.0,145.0,1.0,0.6045433610714092,Erratic
153,1754,145.0,145.0,1.0,0.775249776268059,Erratic
153,1770,145.0,103.0,1.4077669902912622,0.29781380993690537,Intermittent
153,1778,145.0,145.0,1.0,0.13021888766866996,Smooth
153,1803,145.0,145.0,1.0,0.1443164698552241,Smooth
153,1847,145.0,114.0,1.2719298245614035,0.5053546967887678,Erratic
153,1878,145.0,144.0,1.0069444444444444,0.6497179412934477,Erratic
153,1885,145.0,145.0,1.0,0.12166258579051381,Smooth
153,1902,145.0,111.0,1.3063063063063063,0.3463897785919569,Smooth
153,1962,145.0,145.0,1.0,0.5085421866343199,Erratic
153,1971,145.0,145.0,1.0,1.6194105123067082,Erratic
153,1993,145.0,145.0,1.0,0.1668244507365626,Smooth
153,2126,145.0,133.0,1.0902255639097744,0.29206609032844943,Smooth
153,2139,145.0,127.0,1.141732283464567,0.34138638483864403,Smooth
153,2290,145.0,145.0,1.0,1.125605736044773,Erratic
153,2304,145.0,137.0,1.0583941605839415,0.35780429818512055,Smooth
153,2306,145.0,123.0,1.1788617886178863,0.5988328508615612,Erratic
153,2322,145.0,139.0,1.0431654676258992,0.746322507885323,Erratic
153,2444,145.0,140.0,1.0357142857142858,0.9925159483072737,Erratic
153,2490,145.0,123.0,1.1788617886178863,0.8563359750965772,Erratic
153,2492,145.0,137.0,1.0583941605839415,0.47510587279210753,Smooth
153,2494,145.0,137.0,1.0583941605839415,0.3340407496333319,Smooth
153,2539,145.0,145.0,1.0,0.44772535728304513,Smooth
153,2569,145.0,119.0,1.218487394957983,0.15903059684994897,Smooth
153,2577,145.0,145.0,1.0,0.405906071150959,Smooth
153,2581,145.0,145.0,1.0,0.6150502353292628,Erratic
153,2631,145.0,144.0,1.0069444444444444,0.44933398656946,Smooth
153,2640,145.0,143.0,1.013986013986014,0.4579915607372001,Smooth
153,2664,145.0,128.0,1.1328125,0.17787465912397232,Smooth
153,2704,145.0,142.0,1.0211267605633803,0.2698341644425789,Smooth
153,2707,145.0,145.0,1.0,0.09849757206215917,Smooth
153,2760,145.0,145.0,1.0,1.0412038869628961,Erratic
153,2826,145.0,145.0,1.0,0.35166928033387407,Smooth
153,2867,145.0,129.0,1.124031007751938,1.0365655572142152,Erratic
153,2956,145.0,81.0,1.7901234567901234,0.46822224112017835,Intermittent
157,1062,145.0,145.0,1.0,0.08401491318198989,Smooth
157,1109,145.0,145.0,1.0,0.5894900895622165,Erratic
157,1207,145.0,145.0,1.0,0.33936440604651047,Smooth
157,1216,145.0,138.0,1.0507246376811594,0.356452312279427,Smooth
157,1230,145.0,145.0,1.0,0.3552770770800102,Smooth
157,1247,145.0,81.0,1.7901234567901234,0.3117406163434902,Intermittent
157,1248,145.0,144.0,1.0069444444444444,0.8486640138140096,Erratic
157,1445,145.0,140.0,1.0357142857142858,0.9647676979294265,Erratic
157,1525,145.0,102.0,1.4215686274509804,0.4635381213864068,Intermittent
157,1543,145.0,127.0,1.141732283464567,0.3880529199482114,Smooth
157,1558,145.0,145.0,1.0,0.5278758877628612,Erratic
157,1571,145.0,86.0,1.686046511627907,0.4580236438309972,Intermittent
157,1727,145.0,145.0,1.0,0.8629692046529154,Erratic
157,1754,145.0,145.0,1.0,0.9307406862551137,Erratic
157,1770,145.0,97.0,1.4948453608247423,0.4141431403240862,Intermittent
157,1778,145.0,145.0,1.0,0.20470878404608767,Smooth
157,1878,145.0,145.0,1.0,0.22851766864545242,Smooth
157,1885,145.0,145.0,1.0,0.7313404936122795,Erratic
157,1902,145.0,74.0,1.9594594594594594,0.24171709730859156,Intermittent
157,1962,145.0,145.0,1.0,0.48181402380423427,Smooth
157,1971,145.0,145.0,1.0,1.019998976677217,Erratic
157,1993,145.0,145.0,1.0,0.24961280147991396,Smooth
157,2104,145.0,81.0,1.7901234567901234,0.41593736367305595,Intermittent
157,2126,145.0,130.0,1.1153846153846154,0.32167142036235163,Smooth
157,2139,145.0,112.0,1.2946428571428572,0.4797318497286364,Smooth
157,2290,145.0,145.0,1.0,1.0310947408423505,Erratic
157,2304,145.0,128.0,1.1328125,0.44146981148171366,Smooth
157,2306,145.0,123.0,1.1788617886178863,0.6247865622175522,Erratic
157,2322,145.0,145.0,1.0,0.3111839477369673,Smooth
157,2444,145.0,140.0,1.0357142857142858,1.2369958926863458,Erratic
157,2490,145.0,118.0,1.228813559322034,1.1334041885727844,Erratic
157,2492,145.0,133.0,1.0902255639097744,0.7932182745703105,Erratic
157,2539,145.0,145.0,1.0,0.41453211836616716,Smooth
157,2569,145.0,129.0,1.124031007751938,0.45397647467331564,Smooth
157,2581,145.0,145.0,1.0,0.6142394782313766,Erratic
157,2631,145.0,141.0,1.0283687943262412,0.6290091106838515,Erratic
157,2640,145.0,145.0,1.0,0.24736809671757298,Smooth
157,2664,145.0,133.0,1.0902255639097744,0.31765407822182906,Smooth
157,2704,145.0,128.0,1.1328125,0.4249033959431369,Smooth
157,2707,145.0,145.0,1.0,0.11304521045895659,Smooth
157,2760,145.0,140.0,1.0357142857142858,0.3217399325479457,Smooth
157,2826,145.0,144.0,1.0069444444444444,0.6500852014648763,Erratic
157,2867,145.0,114.0,1.2719298245614035,0.9860503861719868,Erratic
157,2956,145.0,83.0,1.7469879518072289,0.4690614838524026,Intermittent
161,1062,145.0,144.0,1.0069444444444444,0.13409563854216985,Smooth
161,1109,145.0,145.0,1.0,0.30068889710409163,Smooth
161,1207,145.0,134.0,1.0820895522388059,0.3783726623767503,Smooth
161,1216,145.0,117.0,1.2393162393162394,0.2828576244974408,Smooth
161,1230,145.0,136.0,1.0661764705882353,0.42836442090139054,Smooth
161,1247,145.0,94.0,1.5425531914893618,0.33080986096015425,Intermittent
161,1248,145.0,96.0,1.5104166666666667,0.4798813191219219,Intermittent
161,1445,145.0,133.0,1.0902255639097744,0.9825870903844516,Erratic
161,1525,145.0,145.0,1.0,0.3184980377776732,Smooth
161,1543,145.0,125.0,1.16,0.5618969500273757,Erratic
161,1558,145.0,141.0,1.0283687943262412,0.6812662451235403,Erratic
161,1571,145.0,78.0,1.858974358974359,0.532667504544076,Lumpy
161,1727,145.0,145.0,1.0,1.2772385556002301,Erratic
161,1754,145.0,145.0,1.0,0.5385190398938602,Erratic
161,1770,145.0,82.0,1.7682926829268293,0.20765327302186234,Intermittent
161,1778,145.0,145.0,1.0,0.20862487284058262,Smooth
161,1878,145.0,145.0,1.0,0.16407884091895572,Smooth
161,1885,145.0,145.0,1.0,0.11340882448391737,Smooth
161,1902,145.0,80.0,1.8125,0.2149671289312678,Intermittent
161,1962,145.0,145.0,1.0,0.3365240747995105,Smooth
161,1971,145.0,145.0,1.0,0.867808346895139,Erratic
161,1993,145.0,145.0,1.0,0.11853627453000348,Smooth
161,2104,145.0,74.0,1.9594594594594594,0.5722762831031738,Lumpy
161,2126,145.0,129.0,1.124031007751938,0.3495780347712721,Smooth
161,2139,145.0,100.0,1.45,0.26491446743994124,Intermittent
161,2290,145.0,145.0,1.0,0.555152111859265,Erratic
161,2304,145.0,104.0,1.3942307692307692,0.8261650090524293,Lumpy
161,2306,145.0,112.0,1.2946428571428572,0.5424892808809655,Erratic
161,2322,145.0,143.0,1.013986013986014,0.297008432085206,Smooth
161,2444,145.0,120.0,1.2083333333333333,1.568240509397457,Erratic
161,2490,145.0,117.0,1.2393162393162394,0.6713674379437101,Erratic
161,2492,145.0,116.0,1.25,0.6312827033970392,Erratic
161,2539,145.0,114.0,1.2719298245614035,0.2795622042757132,Smooth
161,2569,145.0,128.0,1.1328125,0.2710056235366167,Smooth
161,2577,145.0,143.0,1.013986013986014,0.21507097837065753,Smooth
161,2581,145.0,143.0,1.013986013986014,0.41157535400151024,Smooth
161,2631,145.0,118.0,1.228813559322034,0.5568732841778441,Erratic
161,2640,145.0,145.0,1.0,0.13689869076980157,Smooth
161,2664,145.0,130.0,1.1153846153846154,0.20313788370808863,Smooth
161,2704,145.0,142.0,1.0211267605633803,0.47338923564434926,Smooth
161,2707,145.0,145.0,1.0,0.17382058387240548,Smooth
161,2760,145.0,144.0,1.0069444444444444,0.30207409748973346,Smooth
161,2826,145.0,145.0,1.0,0.35578468424315285,Smooth
161,2867,145.0,124.0,1.1693548387096775,0.8693953713308237,Erratic
162,1062,145.0,145.0,1.0,0.1906532078057776,Smooth
162,1109,145.0,144.0,1.0069444444444444,0.562724544386041,Erratic
162,1207,145.0,141.0,1.0283687943262412,0.2477104899755937,Smooth
162,1216,145.0,83.0,1.7469879518072289,0.5473765475732546,Lumpy
162,1230,145.0,140.0,1.0357142857142858,0.1957323774298804,Smooth
162,1247,145.0,61.0,2.377049180327869,0.11153402537485584,Intermittent
162,1248,145.0,4.0,36.25,1.0063499486307437,Lumpy
162,1445,145.0,75.0,1.9333333333333333,1.4384320016188152,Lumpy
162,1525,145.0,40.0,3.625,0.22122539998191249,Intermittent
162,1543,145.0,135.0,1.0740740740740742,0.3230626964773038,Smooth
162,1558,145.0,143.0,1.013986013986014,0.45591167038121116,Smooth
162,1727,145.0,144.0,1.0069444444444444,0.3151750906163056,Smooth
162,1754,145.0,145.0,1.0,0.6967615378426828,Erratic
162,1770,145.0,40.0,3.625,0.25856766315382634,Intermittent
162,1778,145.0,140.0,1.0357142857142858,0.396488578019788,Smooth
162,1878,145.0,122.0,1.1885245901639345,0.8520919752258295,Erratic
162,1885,145.0,142.0,1.0211267605633803,0.3672548090867549,Smooth
162,1902,145.0,31.0,4.67741935483871,0.059455881809787635,Intermittent
162,1962,145.0,145.0,1.0,0.43845452434379245,Smooth
162,1971,145.0,145.0,1.0,0.9522134281425647,Erratic
162,1993,145.0,138.0,1.0507246376811594,0.3143865362775783,Smooth
162,2126,145.0,104.0,1.3942307692307692,0.6389490577032094,Lumpy
162,2139,145.0,49.0,2.9591836734693877,0.32165749314695846,Intermittent
162,2290,145.0,145.0,1.0,0.7157215928928584,Erratic
162,2304,145.0,122.0,1.1885245901639345,0.4867401311678101,Smooth
162,2306,145.0,58.0,2.5,0.5886749777971576,Lumpy
162,2322,145.0,142.0,1.0211267605633803,0.2522688485636676,Smooth
162,2444,145.0,84.0,1.7261904761904763,0.7606188717235609,Lumpy
162,2490,145.0,118.0,1.228813559322034,0.7635563641849643,Erratic
162,2492,145.0,35.0,4.142857142857143,0.4842528235354824,Intermittent
162,2539,145.0,118.0,1.228813559322034,0.4672143971462489,Smooth
162,2569,145.0,128.0,1.1328125,0.23471380535309522,Smooth
162,2577,145.0,9.0,16.11111111111111,0.10992938906188325,Intermittent
162,2581,145.0,141.0,1.0283687943262412,0.43042367405549586,Smooth
162,2631,145.0,9.0,16.11111111111111,0.9085123966942149,Lumpy
162,2640,145.0,130.0,1.1153846153846154,0.44868855138289054,Smooth
162,2664,145.0,127.0,1.141732283464567,0.30345092056247674,Smooth
162,2704,145.0,108.0,1.3425925925925926,0.4906324309018938,Lumpy
162,2707,145.0,142.0,1.0211267605633803,0.2274276562119695,Smooth
162,2760,145.0,113.0,1.2831858407079646,0.2704728178770446,Smooth
162,2826,145.0,145.0,1.0,0.5756188340213141,Erratic
162,2867,145.0,36.0,4.027777777777778,0.5088937463622842,Lumpy
174,1062,145.0,145.0,1.0,0.07533404824171487,Smooth
174,1109,145.0,145.0,1.0,0.43379647733633875,Smooth
174,1198,145.0,112.0,1.2946428571428572,0.6636291665471646,Erratic
174,1207,145.0,141.0,1.0283687943262412,0.952083212663314,Erratic
174,1216,145.0,142.0,1.0211267605633803,0.3200908603451631,Smooth
174,1230,145.0,143.0,1.013986013986014,0.8186587933994952,Erratic
174,1247,145.0,137.0,1.0583941605839415,0.3151641052475415,Smooth
174,1248,145.0,143.0,1.013986013986014,0.507048632555086,Erratic
174,1311,145.0,121.0,1.1983471074380165,0.1910455509563554,Smooth
174,1438,145.0,145.0,1.0,0.2457051992104139,Smooth
174,1445,145.0,144.0,1.0069444444444444,1.3483530884127437,Erratic
174,1525,145.0,141.0,1.0283687943262412,0.17284222352019454,Smooth
174,1543,145.0,141.0,1.0283687943262412,0.30132759031047396,Smooth
174,1558,145.0,145.0,1.0,0.9769476828338476,Erratic
174,1571,145.0,82.0,1.7682926829268293,0.27282817147252514,Intermittent
174,1727,145.0,145.0,1.0,1.0815820090389816,Erratic
174,1754,145.0,145.0,1.0,0.9560887144031935,Erratic
174,1770,145.0,115.0,1.2608695652173914,0.2900982690038854,Smooth
174,1778,145.0,145.0,1.0,0.09647832419855622,Smooth
174,1803,145.0,119.0,1.218487394957983,0.2512486830163732,Smooth
174,1847,145.0,142.0,1.0211267605633803,0.41982815744894564,Smooth
174,1878,145.0,145.0,1.0,0.279063346746489,Smooth
174,1885,145.0,145.0,1.0,0.04294836333464772,Smooth
174,1902,145.0,137.0,1.0583941605839415,0.29938509821760617,Smooth
174,1962,145.0,145.0,1.0,0.6704907062815874,Erratic
174,1971,145.0,145.0,1.0,1.7478350265514218,Erratic
174,1993,145.0,145.0,1.0,0.10963205397454952,Smooth
174,2104,145.0,31.0,4.67741935483871,0.4223270414972909,Intermittent
174,2126,145.0,139.0,1.0431654676258992,0.3345961297507323,Smooth
174,2139,145.0,137.0,1.0583941605839415,0.34376920081948087,Smooth
174,2290,145.0,145.0,1.0,0.8666349878922579,Erratic
174,2304,145.0,139.0,1.0431654676258992,0.3515411212525368,Smooth
174,2306,145.0,137.0,1.0583941605839415,0.754459684523268,Erratic
174,2322,145.0,144.0,1.0069444444444444,0.6707390426321823,Erratic
174,2444,145.0,144.0,1.0069444444444444,1.7474006304554264,Erratic
174,2490,145.0,123.0,1.1788617886178863,0.7265007861954862,Erratic
174,2492,145.0,138.0,1.0507246376811594,0.4891793782866689,Smooth
174,2494,145.0,145.0,1.0,0.15018355107533288,Smooth
174,2539,145.0,145.0,1.0,0.13914618929528552,Smooth
174,2569,145.0,119.0,1.218487394957983,0.4888437652027409,Smooth
174,2577,145.0,145.0,1.0,0.1771041062878131,Smooth
174,2581,145.0,145.0,1.0,0.6788173747365932,Erratic
174,2631,145.0,145.0,1.0,0.3452060437954285,Smooth
174,2640,145.0,145.0,1.0,0.3053119266301132,Smooth
174,2664,145.0,128.0,1.1328125,0.30718646999003896,Smooth
174,2704,145.0,140.0,1.0357142857142858,0.1993152012517375,Smooth
174,2707,145.0,145.0,1.0,0.08889051691993213,Smooth
174,2760,145.0,145.0,1.0,0.981823301158668,Erratic
174,2826,145.0,145.0,1.0,0.3341252116853434,Smooth
174,2867,145.0,142.0,1.0211267605633803,1.4405217047670908,Erratic
174,2956,145.0,80.0,1.8125,0.4704363174659874,Intermittent
177,1062,145.0,145.0,1.0,0.08217075376824864,Smooth
177,1109,145.0,145.0,1.0,1.026899522482399,Erratic
177,1207,145.0,144.0,1.0069444444444444,0.40754191223139,Smooth
177,1216,145.0,118.0,1.228813559322034,0.4674636792758061,Smooth
177,1230,145.0,145.0,1.0,0.35334063026705154,Smooth
177,1247,145.0,54.0,2.685185185185185,0.18151375171597753,Intermittent
177,1248,145.0,128.0,1.1328125,0.9758719732839941,Erratic
177,1445,145.0,112.0,1.2946428571428572,1.4197964755690606,Erratic
177,1525,145.0,131.0,1.1068702290076335,0.3729315609125266,Smooth
177,1543,145.0,118.0,1.228813559322034,0.5563019751400744,Erratic
177,1558,145.0,142.0,1.0211267605633803,0.6065673861983968,Erratic
177,1571,145.0,72.0,2.013888888888889,0.9214033444114937,Lumpy
177,1727,145.0,145.0,1.0,0.7425300280253091,Erratic
177,1754,145.0,145.0,1.0,1.680392747375565,Erratic
177,1770,145.0,71.0,2.0422535211267605,0.1930647612467606,Intermittent
177,1778,145.0,145.0,1.0,0.18746032307479046,Smooth
177,1878,145.0,145.0,1.0,0.22191545657124237,Smooth
177,1885,145.0,145.0,1.0,0.5098173866785847,Erratic
177,1902,145.0,79.0,1.8354430379746836,0.21271416402146995,Intermittent
177,1962,145.0,143.0,1.013986013986014,0.9287487551564487,Erratic
177,1971,145.0,145.0,1.0,1.8655379888853558,Erratic
177,1993,145.0,143.0,1.013986013986014,0.24342841142521102,Smooth
177,2126,145.0,124.0,1.1693548387096775,0.40623638457878264,Smooth
177,2139,145.0,110.0,1.3181818181818181,0.2765161565580891,Smooth
177,2290,145.0,145.0,1.0,1.1470355457487402,Erratic
177,2304,145.0,98.0,1.4795918367346939,0.5591609700288434,Lumpy
177,2306,145.0,106.0,1.3679245283018868,0.783983845579217,Lumpy
177,2322,145.0,145.0,1.0,0.3296814655647754,Smooth
177,2444,145.0,97.0,1.4948453608247423,1.671645224309386,Lumpy
177,2490,145.0,118.0,1.228813559322034,1.2269350144216953,Erratic
177,2492,145.0,101.0,1.4356435643564356,0.941305003598138,Lumpy
177,2539,145.0,145.0,1.0,0.4619348237626128,Smooth
177,2569,145.0,126.0,1.1507936507936507,0.19830476897206417,Smooth
177,2577,145.0,57.0,2.543859649122807,0.26564234005832155,Intermittent
177,2581,145.0,139.0,1.0431654676258992,0.6984447501964957,Erratic
177,2631,145.0,133.0,1.0902255639097744,0.5084668875833462,Erratic
177,2640,145.0,143.0,1.013986013986014,0.3493629746478873,Smooth
177,2664,145.0,129.0,1.124031007751938,0.2884136547628582,Smooth
177,2704,145.0,132.0,1.0984848484848484,0.43750662153798114,Smooth
177,2707,145.0,145.0,1.0,0.14708189330976162,Smooth
177,2760,145.0,129.0,1.124031007751938,0.42291042556916125,Smooth
177,2826,145.0,145.0,1.0,0.56197474782968,Erratic
177,2867,145.0,69.0,2.101449275362319,1.1861577378184556,Lumpy
186,1062,145.0,145.0,1.0,0.10211017231667059,Smooth
186,1109,145.0,145.0,1.0,0.38857559660228214,Smooth
186,1207,145.0,145.0,1.0,0.3819705687483526,Smooth
186,1216,145.0,129.0,1.124031007751938,0.39616657468665334,Smooth
186,1230,145.0,144.0,1.0069444444444444,0.41320606517783315,Smooth
186,1247,145.0,77.0,1.8831168831168832,0.2229467903277769,Intermittent
186,1248,145.0,131.0,1.1068702290076335,0.5742404752109124,Erratic
186,1445,145.0,123.0,1.1788617886178863,1.2001658469831293,Erratic
186,1525,145.0,110.0,1.3181818181818181,0.42557963956495876,Smooth
186,1543,145.0,118.0,1.228813559322034,0.6522841010232412,Erratic
186,1558,145.0,144.0,1.0069444444444444,0.738412062205295,Erratic
186,1571,145.0,77.0,1.8831168831168832,0.4646921254632373,Intermittent
186,1727,145.0,145.0,1.0,1.0096295109364724,Erratic
186,1754,145.0,145.0,1.0,0.6792275461252609,Erratic
186,1770,145.0,70.0,2.0714285714285716,0.2484478317329248,Intermittent
186,1778,145.0,145.0,1.0,0.24613790376461384,Smooth
186,1878,145.0,143.0,1.013986013986014,0.20038608446906686,Smooth
186,1885,145.0,145.0,1.0,0.2510439749937544,Smooth
186,1902,145.0,64.0,2.265625,0.33672654594026863,Intermittent
186,1962,145.0,145.0,1.0,0.49644052972344976,Erratic
186,1971,145.0,145.0,1.0,1.0990967138520922,Erratic
186,1993,145.0,145.0,1.0,0.2533613181439808,Smooth
186,2104,145.0,66.0,2.196969696969697,0.32242099075798675,Intermittent
186,2126,145.0,131.0,1.1068702290076335,0.3031037899917797,Smooth
186,2139,145.0,109.0,1.3302752293577982,0.3398348232566006,Intermittent
186,2290,145.0,145.0,1.0,0.6860587877599877,Erratic
186,2304,145.0,113.0,1.2831858407079646,0.9215464568022929,Erratic
186,2306,145.0,93.0,1.5591397849462365,0.5625181849561195,Lumpy
186,2322,145.0,144.0,1.0069444444444444,0.31257128772474596,Smooth
186,2444,145.0,117.0,1.2393162393162394,1.1282746268734123,Erratic
186,2490,145.0,117.0,1.2393162393162394,1.0367913786265501,Erratic
186,2492,145.0,129.0,1.124031007751938,0.6687536312082035,Erratic
186,2539,145.0,144.0,1.0069444444444444,1.5813850559301963,Erratic
186,2569,145.0,127.0,1.141732283464567,0.27745690164997244,Smooth
186,2577,145.0,44.0,3.2954545454545454,0.37380357914351925,Intermittent
186,2581,145.0,144.0,1.0069444444444444,0.5517780330264594,Erratic
186,2631,145.0,138.0,1.0507246376811594,0.3465568355817209,Smooth
186,2640,145.0,145.0,1.0,0.19818818137991026,Smooth
186,2664,145.0,131.0,1.1068702290076335,0.19558235592402942,Smooth
186,2704,145.0,138.0,1.0507246376811594,0.4299044323596259,Smooth
186,2707,145.0,145.0,1.0,0.14130225731810717,Smooth
186,2760,145.0,141.0,1.0283687943262412,0.48698450354985784,Smooth
186,2826,145.0,143.0,1.013986013986014,0.298794411651298,Smooth
186,2867,145.0,99.0,1.4646464646464648,0.8547251346864279,Lumpy
186,2956,145.0,45.0,3.2222222222222223,0.3933972786853446,Intermittent
