center_meal,r2_score,mape,Error
55_1885,0.5245433558119763,0.3717246096786093,
55_1993,0.6226599936689772,0.3463845630500509,
55_2539,0.5170474800479312,0.40514610332436435,
55_2631,0.33223161720762107,0.6763242126207104,
55_1248,0.6058610013367147,0.4623577311528247,
55_1778,0.25534071979912454,0.5316120651507215,
55_1062,0.22027670128105004,0.42850736613498314,
55_2707,0.4965325011247558,0.40589206915484394,
55_1207,0.7267718434807304,0.6405833565203214,
55_1230,0.667864971439484,0.8838037714778006,
55_2322,0.6987173256527521,0.7137401556075719,
55_2290,0.7481455729629578,0.6248010717738811,
55_1727,0.7213132360621393,0.27478687848651867,
55_1109,0.6120359222928746,0.2863528729509539,
55_2577,0.5029666062265654,0.36311090903540494,
55_2640,0.46101899425416304,0.5176618369544138,
55_2826,0.5196000954570081,0.3160043012110697,
55_1754,0.7977670892362458,1.0976441262715646,
55_1971,0.8513635190960354,0.9638810215906354,
55_1198,0.2266014973322581,0.5375194445615572,
55_1311,0.14983445201732815,0.5053705376720063,
55_1803,0.17332428777824838,0.6260971939152622,
55_1558,0.646740839604414,0.7039100874702818,
55_2581,0.6545829006863948,0.7192169078937907,
55_1962,0.7017046201922688,0.5560570458097636,
55_2444,0.5879087676436746,0.8344228632360094,
55_2867,0.6776613618626661,0.5408337482534004,
55_1525,0.4726492569281586,0.4507342571236114,
55_2704,0.20719161838183953,0.4889560572093438,
55_2492,0.3021862719919929,0.4707719600424745,
55_1543,0.19136810839245055,0.5962027960407114,
55_2304,0.24959597745153694,0.43880081288276784,
55_2664,0.15963104945569984,0.4154360072760845,
55_2569,0.5229037658625288,0.4903696573573917,
55_2490,0.7839885944332468,0.7410145565196176,
24_1885,0.6669032859283109,0.12471315308633309,
24_1993,0.689972613271456,0.15898023577897671,
24_2539,0.7158682880365188,0.19628202006532697,
24_2139,0.3156375330476304,0.4343488254018543,
24_1778,0.49294291848342164,0.24155620578988085,
24_1062,0.37821261107490434,0.26212059551661376,
24_2707,0.41327321714628096,0.24056806984394147,
24_1207,0.7163983596202468,0.6129156411791284,
24_1230,0.7322211815111861,0.5538971932904424,
24_2322,0.6357509589142794,0.5045758276308481,
24_2290,0.8268200006874874,0.16559834572924595,
24_1727,0.8029346000022561,0.24677345188151237,
24_1109,0.6910269464564232,0.22685034172858576,
24_1571,0.5530675245513685,0.542320254824555,
24_2956,0.3620838726512453,0.5871142138769585,
24_2577,0.46410017348349064,0.3486917878651289,
24_2640,0.6255707511779198,0.305357701288427,
24_1878,0.6438971512624769,0.303824143449573,
24_2306,0.7830299984182358,0.5927320132623058,
24_1216,0.8229992817907597,0.3167820951699567,
24_2126,0.335627266361733,0.5415684450370097,
24_2826,0.5349320901505733,0.31342766670530603,
24_1754,0.733422186938562,0.40189361416115893,
24_1971,0.8901911712139741,0.3533391255873134,
24_1902,0.20519556197371291,0.6104318310350105,
24_1770,0.18047156004566967,0.5832209274335448,
24_1198,0.5436901338289747,0.35237771803955975,
24_1311,0.3992183011793783,0.31738738192577826,
24_1803,0.2946729356044986,0.36594169768342233,
24_1438,0.3118549486324448,0.2963322754768055,
24_2494,0.42726814347160624,0.231264192303111,
24_1847,0.35065393637646614,0.35759487828739317,
24_1558,0.8379568891392007,0.5496165213270516,
24_2581,0.8464177837440082,0.35149014637184617,
24_1962,0.8137894352511404,0.3302484586976394,
24_1445,0.7425865728809766,0.7028769777965753,
24_2867,0.772425618543953,0.5849788282529604,
24_2760,0.6963832427884004,0.2702715565413155,
24_1525,0.7719589620597114,0.22427082374169333,
24_2704,0.692585060350345,0.28464760016146995,
24_1543,0.4684418031079097,0.42739123987427635,
24_2304,0.29559125771286376,0.48276468800422423,
24_2664,0.7334754894150256,0.23573293166014062,
24_2569,0.6980252927632016,0.24528583285696265,
24_2490,0.8468260801839879,0.32137072831532365,
11_1885,0.6478087645940485,0.14599472318713655,
11_1993,0.5827820297891855,0.20521352564792927,
11_2539,0.7303175008691585,0.26330966745026996,
11_2139,0.29962374913164613,0.5671444197638686,
11_2631,0.6291748880018244,0.5925119354161564,
11_1248,0.727190369522748,0.4704685574877183,
11_1778,0.41637336484402077,0.24584873752182035,
11_1062,0.5035165728411244,0.17493209075672198,
11_2707,0.5637217218335895,0.19948899675924886,
11_1207,0.6601267475765951,0.6587922415840498,
11_1230,0.7035137675696045,0.5868865561932171,
11_2322,0.7078329101553368,0.4715920755018066,
11_2290,0.811897196164203,0.33482730633770713,
11_1727,0.8664713393712273,0.24990821512529204,
11_1109,0.8267449207060922,0.2300053903686162,
11_1571,0.38658051502447377,0.582793038944318,
11_2956,0.3124269380690178,0.5671096264656023,
11_2577,0.5322139236922363,0.45908158516458075,
11_2640,0.6546738593282028,0.3368227812594455,
11_1878,0.6624363654035041,0.5711160020231975,
11_2306,0.7858183222594393,0.5979612623191897,
11_1216,0.28022869378084514,0.6390962540394448,
11_2126,0.38592359611360016,0.6441827217443119,
11_2826,0.816750143435314,0.21993052049098089,
11_1754,0.831160828336477,0.5193059797225414,
11_1971,0.8375276131934858,0.6846798108216162,
11_1902,0.1381412908108588,0.5636830500310515,
11_1247,0.28197891838925326,0.4501020366031453,
11_1770,0.30396775831917167,0.4574773917948331,
11_1198,0.48071198554640204,0.22173258437245888,
11_1311,0.4369265636710997,0.2558361928341656,
11_1803,0.24409798164862262,0.22406961220053961,
11_1438,0.6784736545918844,0.3988857160045927,
11_2494,0.48722278402736263,0.4496784024555765,
11_1847,0.3721451697844904,0.5684324265756319,
11_1558,0.7166391785674315,0.6696782272298274,
11_2581,0.765334058597893,0.5757237516491067,
11_1962,0.7703832073569903,0.4166674384848965,
11_1445,0.7778006369063144,0.6209253590202443,
11_2444,0.8272958864378728,0.766448238638012,
11_2867,0.7901471143330302,0.7543180585691225,
11_2760,0.5553523088343326,0.4402754759941736,
11_1525,0.7029578769104872,0.3156100239859284,
11_2704,0.7292401728268627,0.36078339119448616,
11_2492,0.5746319899452648,0.4821166192558616,
11_1543,0.535062014531869,0.49143670925672617,
11_2304,0.4549385877077867,0.5806188177064767,
11_2664,0.6952316412830648,0.2149406757288477,
11_2569,0.7862831616425386,0.2717982073017547,
11_2490,0.8568589925319239,0.38246199031582434,
83_1885,0.61219995026331,0.17284180421469664,
83_1993,0.6562526265886566,0.1706759020959071,
83_2539,0.4085191759235116,0.3386982528005726,
83_2139,0.32412368896792254,0.6079081135322606,
83_2631,0.4844052782235707,0.7192744572603905,
83_1248,0.5260683414162324,0.7744828650973898,
83_1778,0.37003544824642687,0.27030710599275715,
83_1062,0.3300481913821677,0.17163853564625942,
83_2707,0.5241437586987366,0.20373706607216438,
83_1207,0.4180884451734177,0.3381270918636436,
83_1230,0.39977057319313314,0.27986671845980016,
83_2322,0.4358601744456817,0.3847229926096807,
83_2290,0.8163281762627197,0.26221958088350256,
83_1727,0.8363898815344434,0.20212968180576227,
83_1109,0.7312402201165669,0.2676797323342257,
83_1571,0.7713103183331336,0.615072274958543,
83_2956,0.6886330699577062,0.4941491982687676,
83_2104,0.7932812656275069,0.525888439918962,
83_2577,0.41800322318941907,0.4204413384416765,
83_2640,0.5953767341301286,0.2498805419248629,
83_1878,0.5699018844508279,0.367993381874531,
83_2306,0.6906257483897429,0.5663258866363066,
83_1216,0.3602729736973005,0.5552223553171018,
83_2126,0.27887364904473244,0.5204981999645223,
83_2826,0.728578440049083,0.2441207433993228,
83_1754,0.7612593272048105,0.3023325282075405,
83_1971,0.7921299750479474,0.42313229496695337,
83_1902,0.19389505284147768,0.47451758667381877,
83_1247,0.25522559392063926,0.5061342341951447,
83_1770,0.3191585296759457,0.3876991587290888,
83_1558,0.644381758676752,0.6561095976065546,
83_2581,0.7744742895325407,0.338043961691489,
83_1962,0.675184754033602,0.41120675048023325,
83_1445,0.7359776025179312,0.5572213425001297,
83_2867,0.6264866641178929,0.5677508225401987,
83_2760,0.4646845657069979,0.5815009083186008,
83_1525,0.5701017883850679,0.5137315451397073,
83_2704,0.6809753364063268,0.22276840519624605,
83_2492,0.711608655376073,0.48369063374719296,
83_1543,0.48217839385635486,0.5224665411779257,
83_2304,0.45620721317841284,0.6116017291818178,
83_2664,0.766616203241087,0.21619511586962778,
83_2569,0.7960689127826418,0.2846026273542189,
83_2490,0.7203823820204609,0.3330592342705026,
32_1885,0.5469617100162908,0.3065856536846611,
32_1993,0.5226114132935995,0.23887690150277419,
32_2539,0.6471896632344485,0.41713127540350387,
32_2139,0.32597892930518435,0.4907755778418494,
32_2631,0.4586668727182722,0.8000463786429727,
32_1778,0.3660643897818324,0.3158061171284134,
32_1062,0.3223284219104807,0.20682780332164055,
32_2707,0.38475663027995144,0.2116835215928559,
32_1207,0.32790804674027607,0.43393976136775525,
32_1230,0.3309593221770636,0.37373055372753927,
32_2322,0.35006051484205003,0.4363967290796775,
32_2290,0.8228645021019392,0.21343184229876766,
32_1727,0.8099416426707701,0.2523897871339921,
32_1109,0.6850443209378638,0.24074416655748831,
32_1571,0.3831574926260217,0.606330374452899,
32_2956,0.2003607150770046,0.6507526161365667,
32_2104,0.6203752594345926,0.8052460748319417,
32_2577,0.18366146768778102,0.5663877532054064,
32_2640,0.7027516928401234,0.2969878453473515,
32_1878,0.5447821729501023,0.4706724516735837,
32_1216,0.39724945826336133,0.5573615932409841,
32_2126,0.3598603401046372,0.4899326887211865,
32_2826,0.5970936180875859,0.2897996066139409,
32_1754,0.7738479122039951,0.24264263139096826,
32_1971,0.7178037473234666,0.3594530711399605,
32_1902,0.3754265992251389,0.3263052016251431,
32_1247,0.2914259545300837,0.404141089277857,
32_1770,0.35357913768151905,0.39717812258311463,
32_1558,0.6772857775695604,0.3039365742871878,
32_2581,0.7040023799310162,0.29814710361279845,
32_1962,0.7085241524345953,0.2721316720712944,
32_1445,0.6013946962782155,0.6220955224690653,
32_2444,0.7319745265102491,0.6911011778516235,
32_2867,0.6401216219895896,0.6439447831027829,
32_2760,0.43626795901762927,0.5421093720250529,
32_1525,0.4286585686853034,0.5163392104590786,
32_2704,0.4885401851391117,0.3642017753293506,
32_2492,0.5773588793182218,0.5156061157769528,
32_1543,0.5728632459866547,0.5379606989931103,
32_2304,0.4321295841741445,0.5721876840344765,
32_2664,0.6250369079752249,0.24124851726793697,
32_2569,0.7201884654884045,0.19221026009346265,
32_2490,0.8153714608969286,0.2974083093473013,
13_1885,0.5626702304910951,0.13321044307943458,
13_1993,0.5213171130162374,0.15190263552898203,
13_2539,0.5542035453147436,0.1910591855281724,
13_2139,0.23510446959678177,0.49541116396114043,
13_2631,0.7358115255574804,0.35030667998008647,
13_1248,0.744837772555844,0.38519057972201537,
13_1778,0.2913997729599995,0.23762861117405776,
13_1062,0.46250703845078855,0.1887937158893394,
13_2707,0.48825132869438304,0.1862829037234651,
13_1207,0.6781941863761509,0.5498774382381533,
13_1230,0.587010881615563,0.6781344876055159,
13_2322,0.634477193860083,0.40414564757807586,
13_2290,0.8244116517910457,0.19157629040292065,
13_1727,0.7816523817331107,0.25010799047123594,
13_1109,0.753023360331642,0.22171167705580003,
13_1571,0.6431927053238755,0.3386587983227269,
13_2956,0.4486343176812545,0.3192399298087475,
13_2104,0.3491099473245166,0.40282498174969295,
13_2577,0.4726852340673716,0.24969475797563165,
13_2640,0.6790220016040317,0.20619776547057175,
13_1878,0.6414783232829104,0.2792219768962653,
13_2306,0.6285609723701375,0.5219384266468287,
13_1216,0.4655280141630924,0.4563344855172325,
13_2126,0.3168910433493056,0.7157891143821471,
13_2826,0.7682246228587152,0.19638236204018666,
13_1754,0.7736531044907602,0.30889059534365926,
13_1971,0.6981155639903263,0.7405076636161638,
13_1902,0.2668244293758709,0.4648611333930402,
13_1247,0.30797819596969367,0.42791466914721166,
13_1770,0.355506180599957,0.5937198292863199,
13_1198,0.44846125694734174,0.21382933056863426,
13_1311,0.6537614902685497,0.20364377927792485,
13_1803,0.5013282284218615,0.19938439785192205,
13_1438,0.6993605420017208,0.34004211222763137,
13_2494,0.49289817769977173,0.33236597972963566,
13_1847,0.6580796933078906,0.44554544734221957,
13_1558,0.7184800426330656,0.5637224641908105,
13_2581,0.8153254337766087,0.3092132157189926,
13_1962,0.8329669061435995,0.24065206702075567,
13_1445,0.8503248854042289,0.41495196140323853,
13_2444,0.8147294738813781,0.46097717688057865,
13_2867,0.8576893651279477,0.38603589927471105,
13_2760,0.7598235167907307,0.28909179710009353,
13_1525,0.7103783887446424,0.221103330848115,
13_2704,0.7749556163498991,0.19986735529515653,
13_2492,0.6788150394285775,0.38163103794469855,
13_1543,0.6170245624039286,0.37937422802253334,
13_2304,0.5123597651229269,0.33573990179751567,
13_2664,0.7311622570951151,0.242323220225548,
13_2569,0.8043656123913256,0.25631796354973624,
13_2490,0.8681574368429636,0.2534166962073561,
109_1885,0.524952416131653,0.15641805938140108,
109_1993,0.499332807651934,0.19217855930335367,
109_2539,0.33034014324174665,0.29863218620029613,
109_2631,0.5366721604855644,0.556302667284911,
109_1248,0.5551315498508411,0.6875493168140304,
109_1778,0.28487319250477405,0.3824866121681125,
109_1062,0.4776796803038804,0.23037451393088226,
109_2707,0.49799702888970365,0.24093619931554938,
109_1207,0.7471421634967117,0.614734626978161,
109_1230,0.6506736202158134,0.6104958136340409,
109_2322,0.7298743594268515,0.6357986691532631,
109_2290,0.7912355584178404,0.4410568157745741,
109_1727,0.8209292358980222,0.36736248814775974,
109_1109,0.805381928257588,0.2448074153134937,
109_2577,0.43277737330934385,0.49406686566064095,
109_2640,0.7229079566937715,0.40518286353970373,
109_1878,0.7146786690921,0.4973530393354489,
109_2306,0.6561830712659849,0.6300904304582167,
109_1216,0.33594878481179324,0.5537269210633943,
109_2126,0.24082757759723472,0.7557617717197929,
109_2826,0.7804453224265906,0.21927023190218672,
109_1754,0.7709633901123643,0.5255765857402505,
109_1971,0.8273966721505537,0.6577962261284619,
109_1902,0.26555930111896753,0.3765760102100972,
109_1770,0.39528968731384306,0.3807985015612046,
109_1198,0.27732013394326593,0.44982383744784626,
109_1311,0.6014133731132745,0.2207497003039295,
109_1803,0.5983114214355183,0.2745489162839385,
109_1438,0.239173221235378,0.5659193271834704,
109_2494,0.23575629722465075,0.45418054189208024,
109_1847,0.3275350527137333,0.5505687877988462,
109_1558,0.7222218744506707,0.5921812351019574,
109_2581,0.7670298763542522,0.4942060392937343,
109_1962,0.7188531057413292,0.4649120373926629,
109_1445,0.7792383434399989,0.8701006975954287,
109_2867,0.7994325424085431,0.7617719917240329,
109_2760,0.5892793987486159,0.4797019946577619,
109_1525,0.6523706074547557,0.4040929635021317,
109_2704,0.4999611278585876,0.4539540898990642,
109_2492,0.43827856305036217,0.5963527060649635,
109_1543,0.5213068461376433,0.5602838002307119,
109_2304,0.46525417035544925,0.5747425132344345,
109_2664,0.7522373993804166,0.3455400473568516,
109_2569,0.7917645046096541,0.46562791424768063,
109_2490,0.8589847232797524,0.3403145869863461,
52_1885,0.7068786291217863,0.14332844770821113,
52_1993,0.3946001143964254,0.1945099229555015,
52_2539,0.7467740757638309,0.2254077561644653,
52_2139,0.357397456212995,0.5133528487122944,
52_2631,0.673156181839193,0.48533685419929457,
52_1248,0.6876979791315622,0.390651850370183,
52_1778,0.39171533913430956,0.2484480019107098,
52_1062,0.4067660464967354,0.20477314612988817,
52_2707,0.4619639822374104,0.2065145228466441,
52_1207,0.6669041558576322,0.5590329502009116,
52_1230,0.6958835774831178,0.5320064953482897,
52_2322,0.6969550342734793,0.5133617838230949,
52_2290,0.8613321542513469,0.2863947972237427,
52_1727,0.7043442009835565,0.3128881950444809,
52_1109,0.7980440605389176,0.21905755837882285,
52_1571,0.5262287491619593,0.6314493403634859,
52_2104,0.6631190170877945,0.5873066215679837,
52_2577,0.5842329947358335,0.2663689870309902,
52_2640,0.8358163582588474,0.2295761596492005,
52_1878,0.7694017080172935,0.5422746055083941,
52_2306,0.6826931930428659,0.6960911702682017,
52_1216,0.44940018933990655,0.4652416602531656,
52_2126,0.4030518021586289,0.5856450496420064,
52_2826,0.73376735410175,0.21139941938073095,
52_1754,0.8202827757629234,0.34924141611950293,
52_1971,0.9092646986741055,0.41092271779430806,
52_1902,0.2855864952169592,0.5374811776401113,
52_1247,0.3166131506901084,0.568729532127171,
52_1770,0.31379585067145443,0.5880739853384781,
52_1198,0.317844125096594,0.2235902562064305,
52_1311,0.4547277125024345,0.13985439460326957,
52_1803,0.4604663919123263,0.1762481613460237,
52_1438,0.4313206632954888,0.5849801929781786,
52_2494,0.5453797614829212,0.36494063181248576,
52_1847,0.3302012500954099,0.5833711919344765,
52_1558,0.7938737215172568,0.6277788605252462,
52_2581,0.810558164358623,0.49538843697450946,
52_1962,0.85518668574528,0.3242458796995777,
52_1445,0.7850552639232178,0.7585371230803784,
52_2444,0.8027934496937857,0.7263471514059333,
52_2867,0.8183241947367019,0.6562008782937078,
52_2760,0.5815465556516477,0.30798597006048056,
52_1525,0.6783741498715181,0.1865444141444937,
52_2704,0.5783843201737044,0.22806116492107492,
52_2492,0.7202400183485493,0.4974856956865815,
52_1543,0.654654203288161,0.3841884837371425,
52_2304,0.605922925043744,0.48008594067535576,
52_2664,0.7636518840361456,0.21781802388724444,
52_2569,0.8237601538395042,0.26806090391483905,
52_2490,0.8494995154336022,0.3731250961945779,
93_1885,0.6387165996954454,0.20266246913507685,
93_1993,0.5586784079709929,0.36349469946896684,
93_2539,0.5047113177291284,0.3733629904105971,
93_2139,0.2810362849678236,0.5684020138859948,
93_2631,0.5902241730810327,0.5665539852570067,
93_1248,0.49420134060122944,0.6544104409535219,
93_1778,0.436741192453001,0.3613203028969839,
93_1062,0.41557665598748594,0.23488826996732287,
93_2707,0.47368271070708134,0.26170923365935855,
93_1207,0.4973314492570621,0.3440698548031171,
93_1230,0.4114327559367682,0.38922700338645116,
93_2322,0.5425822919836572,0.3287687965386817,
93_2290,0.7756995691886515,0.25185139940702306,
93_1727,0.8612313564468482,0.2554583541530744,
93_1109,0.7525282091886467,0.21875610627979214,
93_1571,0.4547768692709274,0.6222966110149623,
93_2956,0.2659280989414752,0.8711036180887074,
93_2104,0.09520299139962907,0.5830064296298458,
93_2640,0.6929617034375721,0.27285127784672036,
93_1878,0.5841963164007011,0.4687880079825041,
93_2306,0.5825672984888881,0.6267775066306691,
93_1216,0.307438207795123,0.5662166357615356,
93_2126,0.29172963117672956,0.6490015825072346,
93_2826,0.5121493223305349,0.321116064525152,
93_1754,0.735581070309744,0.31116040199822825,
93_1971,0.7881018600170652,0.4364625521861053,
93_1902,0.34011243459589213,0.23920254263262672,
93_1558,0.6089215265421499,0.4685401480518399,
93_2581,0.6398063082178365,0.41331945999053654,
93_1962,0.7541591191125834,0.29994929220833844,
93_1445,0.6472846817398131,0.8660765414662402,
93_2444,0.6614567958163275,0.8859612453995129,
93_2867,0.5577321630818518,0.6003707674155908,
93_2760,0.48277845282209053,0.5473788596375491,
93_1525,0.5339733673625564,0.5435366037666732,
93_2704,0.5688771526377185,0.47301167078119466,
93_2492,0.6552409999220361,0.5293280399089965,
93_1543,0.4925455411744284,0.553872383165822,
93_2304,0.5042132283582812,0.6017447670373265,
93_2664,0.687046341588032,0.253943543486019,
93_2569,0.6659347703911396,0.2707962929330661,
93_2490,0.7599580892972887,0.3482524740981722,
186_1885,0.6304268705891429,0.22701149692804382,
186_1993,0.5137450938245957,0.3628355515273316,
186_2539,0.6007504185469288,0.7838041649402655,
186_2139,0.284199226704409,0.4781403962960856,
186_2631,0.4805253137730007,0.4850297990299485,
186_1248,0.45719840967406455,0.7095879659618312,
186_1778,0.33988447357242635,0.4922214103076979,
186_1062,0.39518251443455565,0.23252014772383703,
186_2707,0.3831146226129538,0.2952885252544415,
186_1207,0.532674880909106,0.42520075292579373,
186_1230,0.5761801347346999,0.5408823444160983,
186_2322,0.5269209589897168,0.4728139484605115,
186_2290,0.7567436517999098,0.30789836331120307,
186_1727,0.7768220607525043,0.46714344900246335,
186_1109,0.6713110288543782,0.31024967295348094,
186_1571,0.4042753518359796,0.5996540886751971,
186_2104,0.32542119151246973,0.44866767734502344,
186_2577,0.6551771838554751,0.4529113322300192,
186_2640,0.46687375109224805,0.3148362104555439,
186_1878,0.42671802758247945,0.4499050636557869,
186_1216,0.30365904133356525,0.5376321328858567,
186_2826,0.6014144133965417,0.38786368201197113,
186_1754,0.7406774210625057,0.28956861649145915,
186_1971,0.7203068368730768,0.45097647884169484,
186_1247,0.2902232065811038,0.3392842337431347,
186_1770,0.32236048121742555,0.3178458880575354,
186_1558,0.7424771282508301,0.5318340004566394,
186_2581,0.7166040256073852,0.49367284284558444,
186_1962,0.7355200699047717,0.43125611571442096,
186_1445,0.6415614760646762,0.7183287244409509,
186_2444,0.6148539698554841,0.7481175011462228,
186_2867,0.648526767240897,0.6068568024783166,
186_2760,0.4892301073687759,0.5386554555839634,
186_2704,0.40166688661565,0.6301883014065051,
186_1543,0.38371892145304665,0.668733449112132,
186_2304,0.47032884543372866,0.7749293152509457,
186_2664,0.5099858457544499,0.3428137458832081,
186_2569,0.6206081738252276,0.2992885677008909,
186_2490,0.7606102174398501,0.4664960961128603,
146_1885,0.5915022061569953,0.38287245853263313,
146_1993,0.46598183556132633,0.2598403167054023,
146_2539,0.5620149168122428,0.21474194925524212,
146_2139,0.42198354188903775,0.5445956722102946,
146_2631,0.48821425644139105,0.49300202740112786,
146_1248,0.6450124366807792,0.5664896522076903,
146_1778,0.6330008925686782,0.3433224139425984,
146_1062,0.6084674142714899,0.19350417866237402,
146_2707,0.4476228361098371,0.18341311587244616,
146_1207,0.516819207179285,0.45070834372061563,
146_1230,0.3129344768669783,0.7715077150288162,
146_2322,0.48962499142944893,0.6535285257208364,
146_2290,0.8025960664439731,0.19269286465552876,
146_1727,0.8859664128540073,0.17754280291000094,
146_1109,0.7537761392344793,0.18117724652599948,
146_1571,0.6453738773046007,0.4505090742693093,
146_2956,0.6545922813435388,0.3805652752213337,
146_2104,0.46552926862582833,0.6602739919315135,
146_2577,0.6911975749458643,0.21671472398579525,
146_2640,0.6471826121388307,0.16251892402433912,
146_1878,0.6010154276279736,0.15741424354904435,
146_2306,0.6324003641515833,0.6060853458679328,
146_1216,0.4459438320772292,0.49105818823312763,
146_2826,0.7589518269545402,0.2018426639621029,
146_1754,0.3976629332922711,0.4428672430109808,
146_1971,0.4169751024420023,0.6587630420814359,
146_1902,0.1954645930390243,0.5686661869517146,
146_1247,0.20526894468283496,0.608359401174671,
146_1770,0.317896798275374,0.4839968992668526,
146_1558,0.6193271943781068,0.4212328911221717,
146_2581,0.7291753465422035,0.3099566986619566,
146_1962,0.7150003012875322,0.28383960845403167,
146_1445,0.6629325191360659,0.7570268887013475,
146_2444,0.6251374155795371,0.7209916228984778,
146_2760,0.5657470435345913,0.24439732761059244,
146_1525,0.3983221802977118,0.24182709217074377,
146_2704,0.4280316289823819,0.19195806582156336,
146_2492,0.6426623874493526,0.41694344164409347,
146_1543,0.713972349823087,0.34638342148992257,
146_2304,0.7048668387566637,0.4397511874273421,
146_2664,0.6858539194849831,0.19075427062019237,
146_2569,0.8129478639435733,0.21875510150092048,
146_2490,0.7493230995321145,0.3120147974464953,
57_1885,0.7296047868473632,0.5465441474290935,
57_1993,0.5433132168535498,0.6437198045575052,
57_2539,0.6000379275924888,0.7218028304299404,
57_1248,0.6065908768866878,0.4740786324612335,
57_1778,0.3678961451408227,0.4033314379032286,
57_1062,0.24729046180585035,0.20586075639056747,
57_1207,0.7641274209932504,0.5068092720454986,
57_1230,0.6012135123634934,0.42482191306214984,
57_2322,0.5268544202885963,0.46654531646609265,
57_2290,0.7901439510060813,0.38726929481775607,
57_1727,0.6716662136852176,0.4291107027451688,
57_1109,0.637874035381981,0.4430029324323388,
57_2640,0.2684295838928211,0.6050339733744826,
57_1878,0.3171637973123266,0.5879826141730149,
57_1216,0.3740965594653588,0.5108542839350677,
57_2826,0.6392911323055437,0.5229524505006685,
57_1754,0.8501736511036666,0.4496539243532456,
57_1971,0.7979723991413958,0.6273812054730645,
57_1558,0.7117613621335683,0.5674201327995957,
57_2581,0.6424101940606768,0.4071545994464206,
57_1962,0.7109010012487653,0.5757213084462528,
57_2444,0.7310935538700132,1.0485297764686496,
57_2704,0.879562416772418,0.17942956510799657,
57_2492,0.5335891835937282,0.4918359097901779,
57_1543,0.4684453059066568,0.5337072831331786,
57_2664,0.4537600694238547,0.3670842441116494,
57_2569,0.5189812258037624,0.3485310232273998,
57_2490,0.8728206965578595,0.39931307038919867,
149_1885,0.37476549049863583,0.23819825067813438,
149_1993,0.42981990413408555,0.2899555958645451,
149_2539,0.4604366541786129,0.4773253045016204,
149_2631,0.616835007562347,0.42370229553269523,
149_1248,0.6596441779839265,0.6937059471463105,
149_1778,0.47915653847671746,0.3472784168739847,
149_1062,0.46667219287605866,0.26310938420102314,
149_2707,0.45585111257472133,0.3306905843891653,
149_1230,0.2721461253268447,0.5831559259216137,
149_2322,0.30350085394445525,0.48029281345399116,
149_2290,0.7379552050834015,0.4494758918622388,
149_1727,0.8034343983511241,0.4538219995784406,
149_1109,0.6697641688672238,0.38118703666738735,
149_2640,0.47700174883492785,0.42922464267572297,
149_1878,0.5241073616830205,0.5576973522147145,
149_2306,0.5083130384877813,0.533591899304331,
149_1216,0.45206409409156223,0.45066994372747304,
149_2126,0.22985373521852936,0.5253354100294053,
149_2826,0.6153658026861222,0.4541944588466014,
149_1754,0.772211956672022,0.5132385294166234,
149_1971,0.8192662622527187,0.806803100087688,
149_1247,0.45426801457539023,0.17763549347279325,
149_1770,0.03322867740418012,0.3733600027814331,
149_1558,0.661538344285894,0.7763138945855697,
149_2581,0.6086900368862456,0.6540300434973342,
149_1962,0.6065916840659562,0.5774323677025032,
149_2444,0.6602686472563566,0.7386568323883136,
149_2760,0.27934797463091,0.6166233530598217,
149_2704,0.45238237434087214,0.5174057814372786,
149_2492,0.5878275989024144,0.519255104830354,
149_1543,0.4860515979333978,0.506508234256733,
149_2304,0.40814449465848046,0.5797510112784117,
149_2664,0.6165606508247521,0.45150426904969926,
149_2569,0.5541139886075577,0.3093736648949786,
89_1885,0.549743054056411,0.15433632703071795,
89_1993,0.5151134399503294,0.22484362680020642,
89_2539,0.7639197037568282,0.2315119514625258,
89_2139,0.27673709699914595,0.5108396573367192,
89_2631,0.6100036005032228,0.6461660959403632,
89_1248,0.5659091976042172,0.776761561770717,
89_1778,0.4528705303603744,0.4160794870406218,
89_1062,0.4581353620885924,0.2767924399693776,
89_2707,0.4861285352467526,0.22176800019782275,
89_1207,0.7487740926509396,0.6805798291234862,
89_1230,0.6092265713774473,0.7925055705627346,
89_2322,0.6922846763956996,0.46032683611880726,
89_2290,0.7534929779083862,0.5495736319794008,
89_1727,0.847501593243474,0.3130324951098593,
89_1109,0.8412732573468945,0.2569629855483259,
89_1571,0.4662717365651311,0.5795953426109866,
89_2956,0.6551461024936156,0.514313767181781,
89_2104,0.6656477917615548,0.5760762997815504,
89_2577,0.6958262592711528,0.5612000726295309,
89_2640,0.8420688754576309,0.5048512068365002,
89_1878,0.7955200804713851,0.574857495746348,
89_2306,0.6515647178781276,0.8288378520722557,
89_1216,0.40795992976354845,0.5329208209835712,
89_2126,0.2967814459698146,0.546272100326757,
89_2826,0.7894746941340112,0.2805997771921268,
89_1754,0.8031696015170623,0.5846397109644068,
89_1971,0.832084202331671,1.371085027211485,
89_1902,0.3157103846667648,0.49227453776901875,
89_1247,0.24011868888940935,0.49560064795811254,
89_1198,0.26694402445323284,0.3445230114636826,
89_1311,0.2358914700957072,0.31726985101428745,
89_1803,0.28967416090967846,0.2651492136840799,
89_1438,0.7056017350027448,0.43251629027982674,
89_2494,0.457599924151888,0.4346999396976864,
89_1847,0.6714415804343223,0.6164668262859413,
89_1558,0.7771642143703457,0.5138900655946887,
89_2581,0.740413705488085,0.5152695732521655,
89_1962,0.7159166380592898,0.527006344260799,
89_1445,0.7849173170511226,0.8005754068037148,
89_2444,0.7653207802228972,1.288055706245818,
89_2867,0.7009342991086942,0.9269461369484491,
89_2760,0.5746175677009921,0.5509381691972087,
89_1525,0.5416059978855094,0.3472004523732402,
89_2704,0.5203033209103471,0.4784521416266867,
89_2492,0.6559901628192042,0.475221659505322,
89_1543,0.5230350000018165,0.5774671770974911,
89_2664,0.7257388409447666,0.31406529104072833,
89_2569,0.6934110303486049,0.4378199446708819,
89_2490,0.8448478023400023,0.5319540540047151,
124_1885,0.4575961762634948,0.23585396418528012,
124_1993,0.1919483340667707,0.25191515356568644,
124_2539,0.48442684305185146,0.4093555450685496,
124_2139,0.14306835223941905,0.4797048119665789,
124_2631,0.647730184305215,0.6232107907179231,
124_1248,0.5808233184979027,0.6038878012024231,
124_1778,0.27524133242207915,0.6330055612110375,
124_1062,0.4195702875662817,0.3670172372279859,
124_2707,0.3830596031179413,0.3641212957277475,
124_1207,0.7237669296505518,0.6331739108556537,
124_1230,0.6613165364633999,0.6070640782114125,
124_2322,0.6451097556639245,0.6568433901358753,
124_2290,0.6521717439650568,0.742860075871009,
124_1727,0.8344427772947803,0.2864407565033035,
124_1109,0.7145220558951291,0.2691958363409506,
124_1571,0.10310563254121963,0.5500371022390335,
124_2956,0.1249939974332186,0.49474103022440086,
124_2104,0.12140983167397035,0.6145783107491376,
124_2640,0.7111575236265396,0.6033734270564562,
124_1878,0.6370189256599823,0.5660451816310912,
124_2306,0.40314117022745355,0.553353863229479,
124_1216,0.3462929739245878,0.4749406584274003,
124_2126,0.2244150731012382,0.48621339186014095,
124_2826,0.5380056673573967,0.38293695456391047,
124_1754,0.7139933859123988,1.0105291807471881,
124_1971,0.85649089178984,1.2034713090547937,
124_1902,0.3764774702834214,0.31641650727182474,
124_1311,0.463484244207497,0.3822086349733052,
124_1803,0.40144586862729237,0.420802835297714,
124_1438,0.3867030049028676,0.36114266598177797,
124_2494,0.368187880334811,0.3243572668488924,
124_1558,0.6777396676094722,0.6189463080955578,
124_2581,0.6295251415143286,0.7018234828633597,
124_1962,0.5875912636456282,0.6692078683997571,
124_2760,0.7505215676639536,1.0748757084846627,
124_1525,0.31842790799376874,0.5596412493096965,
124_2492,0.4033419864424578,0.783600280747042,
124_1543,0.3030138588094927,0.609404463562082,
124_2664,0.36169330630686225,0.39878881654056175,
124_2569,0.33717573884979224,0.43070510072824203,
124_2490,0.7652566575955034,0.5653576137958939,
152_1885,0.4841076083986874,0.25040904239284745,
152_1993,0.5070966459466376,0.34645779118426506,
152_2539,0.5840299126822719,0.6227575074284865,
152_2139,0.25329647136185507,0.5404176628880933,
152_2631,0.6651257901829929,0.7811084854100991,
152_1248,0.649217803599907,0.9109886510493405,
152_1778,0.3616150275984017,0.29274310802529574,
152_1062,0.526957977610679,0.28400531605597523,
152_2707,0.2887644696465871,0.2624886988224744,
152_1207,0.3901544218020804,0.586320164070598,
152_1230,0.4111689851099076,0.625750107573634,
152_2322,0.5056907240839026,0.5299949570308251,
152_2290,0.7468331424206472,0.3156315273551309,
152_1727,0.8765271338337656,0.23487067671168693,
152_1109,0.6871800239955727,0.20294915252074872,
152_1571,0.4193700405398578,0.5029715598429002,
152_2956,0.14807242852608615,0.2026675465865944,
152_2104,0.35756275399961157,0.714265595249741,
152_2577,0.45254607305453487,0.3379964527540458,
152_2640,0.6331685906165473,0.21410578207256065,
152_1878,0.5265281165393162,0.24528179304850314,
152_2306,0.5177629845695639,0.5526115009151401,
152_1216,0.35003421923901945,0.5563259208852313,
152_2126,0.2744728790408275,0.5117422518050989,
152_2826,0.6642109398415955,0.26663909445227046,
152_1754,0.5895069797612539,0.3281660385650992,
152_1971,0.6662480137836531,0.49509269497497116,
152_1902,0.22142579924262173,0.4864833351015971,
152_1247,0.2794159951392625,0.4629042279588454,
152_1770,0.09272908825952608,0.5448790452648941,
152_1558,0.5894439009151451,0.5573817681662776,
152_2581,0.6383237644296249,0.41441838376636436,
152_1962,0.6645650466978332,0.34524360823023287,
152_1445,0.7359103398645475,0.6716879294617033,
152_2444,0.6498044725043965,0.9846563604113235,
152_2867,0.6600836603236522,0.673223568445738,
152_2760,0.5773643466975594,0.38516401601745553,
152_1525,0.5588894115862568,0.5169355761380755,
152_2704,0.6392417155665641,0.3917324652336632,
152_2492,0.5674905067284535,0.5375406280090049,
152_1543,0.6378968471443882,0.5164219656985823,
152_2304,0.5824191274911679,0.579213445546576,
152_2664,0.7617271742005722,0.24816676949535554,
152_2569,0.7831721237228905,0.2203706851198344,
152_2490,0.67508690889341,0.5544173107343947,
97_1885,0.669639779519714,0.1901936898974895,
97_1993,0.5051211004272779,0.2166593539603955,
97_2539,0.6628463278741845,0.1971293463753367,
97_2139,0.2552942268060163,0.5921849395228891,
97_2631,0.6383207337679004,0.55837927154697,
97_1248,0.5456550781503622,0.7054744775839757,
97_1778,0.501849322781853,0.2697474228201799,
97_1062,0.5301623508105815,0.18857364196717513,
97_2707,0.5212128831777798,0.18188391309885624,
97_1207,0.6356794003524954,0.3254262389463131,
97_1230,0.693000315950595,0.3207711596630454,
97_2322,0.5464247792061095,0.35429362724491115,
97_2290,0.8551219814139699,0.2476640980156386,
97_1727,0.8822665360248226,0.2600645511560777,
97_1109,0.6291031621178631,0.2504572898352344,
97_1571,0.8034693764054208,0.4623055525263359,
97_2104,0.7816729812165344,0.49783945985853106,
97_2577,0.3170547068593489,0.4304492176207418,
97_2640,0.685782315964875,0.28940952710161066,
97_1878,0.6950978140925552,0.2649333031597229,
97_2306,0.5883646089997105,0.6622025854723238,
97_1216,0.3454832663179035,0.646769515740923,
97_2126,0.3104575166301259,0.6003292270017004,
97_2826,0.6802294319973725,0.26567392877096074,
97_1754,0.6810875116365034,0.36712634692507656,
97_1971,0.8353223594060704,0.3945513218490105,
97_1902,0.24690992991625704,0.45846331453063555,
97_1247,0.19818851132577064,0.5058671895585453,
97_1770,0.2422226129685746,0.4687841304001832,
97_1558,0.7482235106883568,0.35242193569223895,
97_2581,0.6932831354979949,0.462054212314885,
97_1962,0.7516466922057511,0.3135449893603441,
97_1445,0.7545814932802478,0.667060729046181,
97_2444,0.7190770468337202,0.8804561890394822,
97_2867,0.7275934802309787,0.6519295438404401,
97_2760,0.44768703730772574,0.4080194899201307,
97_1525,0.49247247298238284,0.3343855951056224,
97_2704,0.6233895506534453,0.305542082513242,
97_2492,0.7347598726965766,0.637535438747176,
97_1543,0.5892308390214731,0.5717641078840735,
97_2304,0.6528158286466527,0.7161748669614852,
97_2664,0.7503940843921157,0.29651280909986555,
97_2569,0.7496757771522686,0.2540020560072955,
97_2490,0.807838037717604,0.3375435682886171,
74_1885,0.5438437350764093,0.37202189349288683,
74_1993,0.5941137310825735,0.29415398394772196,
74_2539,0.4588138998718403,0.6417349176588195,
74_2139,0.19160753257125596,0.44843904113160793,
74_2631,0.48361374417439285,0.6284496335542001,
74_1248,0.3064296707114872,0.6005020263586911,
74_1778,0.5170114263912811,0.47560885155721955,
74_1062,0.6353469360000554,0.2680728016689694,
74_2707,0.38338068412403736,0.2957335042684851,
74_1207,0.4119018976607892,0.5060111007037853,
74_1230,0.3680263385260689,0.6783690545429361,
74_2322,0.430011743888862,0.4241440787843606,
74_2290,0.8461479655264798,0.28028891189887667,
74_1727,0.723689713103735,0.4506929021160195,
74_1109,0.5588581575981044,0.5854873038605732,
74_1571,0.2745107176369066,0.5136835053836375,
74_2956,0.43643639861908357,0.5088730461842137,
74_2104,0.17640121259594432,0.4720093092300109,
74_2640,0.5332587362241556,0.44369025948587315,
74_1878,0.4611511137383364,0.4651182469104735,
74_2306,0.44547540056718504,0.6156501207322626,
74_1216,0.3380196446247141,0.47617597867629796,
74_2126,0.30347712602206944,0.532262615854357,
74_2826,0.5853061206738412,0.5030917278882183,
74_1754,0.623794418424211,0.38985946295153023,
74_1971,0.6350002438187341,0.6690610732522668,
74_1558,0.7441612729862594,0.43921680973756144,
74_2581,0.6386647433353289,0.46758054655766595,
74_1962,0.608985431888994,0.3437697296860573,
74_2760,0.32133796243301094,0.5579290011734119,
74_2704,0.44720957930063365,0.5638954592685061,
74_1543,0.3019303410851881,0.5128050749079611,
74_2304,0.3582310470568473,0.4810177038416497,
74_2664,0.7209015626048071,0.2773831734504065,
74_2569,0.65918098453652,0.3527359993367515,
74_2490,0.7803687797719312,0.4845564092923206,
108_1885,0.6173754147724944,0.1431458066698773,
108_1993,0.5470685274369324,0.1785406722150332,
108_2539,0.5856380998558739,0.2546642423453942,
108_2139,0.25269992726794066,0.5811805220712007,
108_2631,0.5535396097256224,0.5404707649017179,
108_1248,0.5225137739038173,0.44877029085577597,
108_1778,0.37162212135568007,0.27095423224205795,
108_1062,0.5062177975204863,0.22770850858051941,
108_2707,0.39365556222150677,0.23296846586901204,
108_1207,0.615799911056,0.5463455136052953,
108_1230,0.7060287903412041,0.6475619408946214,
108_2322,0.65610393636476,0.6780281055735315,
108_2290,0.745371192662481,0.28970936591996493,
108_1727,0.8002955806687466,0.37094623845031865,
108_1109,0.7910646338234368,0.22316968691168979,
108_1571,0.6257209652313356,0.4168482457303005,
108_2956,0.7644984260014952,0.5444335426389253,
108_2577,0.5642320014864235,0.22760301284645176,
108_2640,0.7831747302334218,0.22154486352252464,
108_1878,0.6969673325665438,0.2759180887737563,
108_2306,0.6034233238319975,0.6511254220362628,
108_1216,0.27617317533692765,0.6171515301256755,
108_2126,0.3268411642523492,0.5474762909264935,
108_2826,0.7463898828239208,0.24403337127587674,
108_1754,0.7735345269570308,0.4531141074194064,
108_1971,0.8270340183676336,0.4797922944901039,
108_1902,0.2050819352089711,0.5336222863176997,
108_1247,0.2059035047524852,0.48891825161959623,
108_1770,0.3132658506398468,0.5519630752988511,
108_1198,0.31167951552337203,0.45649348360225633,
108_1311,0.4009587808200087,0.35608132094821915,
108_1803,0.3241149827157964,0.3728972664671363,
108_1438,0.6622756120603477,0.5273530880053767,
108_2494,0.23843086285915027,0.5898679843846508,
108_1847,0.644395677352005,0.5184093736051415,
108_1558,0.688289342698511,0.6084432120285979,
108_2581,0.6744950989218794,0.5175215700636607,
108_1962,0.7935440016860645,0.3125724596793272,
108_1445,0.7930371794839511,0.4487052989902247,
108_2867,0.8619826808868764,0.5540196177584858,
108_2760,0.5130391738009566,0.3873611278857065,
108_1525,0.5134740228433994,0.4342832911278154,
108_2704,0.47238967555225997,0.27471384906548363,
108_2492,0.36520654633968463,0.7478570580244832,
108_1543,0.3703424884284664,0.46903971983244686,
108_2304,0.27034594009817614,0.5794801824424991,
108_2664,0.7279895444050566,0.24817921314655406,
108_2569,0.7627098680111355,0.30830069688282985,
108_2490,0.8632678962981146,0.3605208115561643,
99_1885,0.4222680648757037,0.1531028450518133,
99_1993,0.399691373626043,0.2076741698150979,
99_2539,0.61253268602938,0.29264125219075376,
99_2139,0.19898940331375536,0.5674489063845237,
99_2631,0.7214723059481826,0.5111411270226058,
99_1248,0.6158950456327659,0.8178230499559411,
99_1778,0.30667257874385734,0.3250286850050447,
99_1062,0.4789590540417695,0.24319735971328982,
99_2707,0.591709602417664,0.2569563721747969,
99_1207,0.7332828649763482,0.6711098726463477,
99_1230,0.7807402464819484,0.5056985427836911,
99_2322,0.6907510636079991,0.5617292282186185,
99_2290,0.829671534613174,0.621988557525196,
99_1727,0.9317564564823504,0.31890747385652646,
99_1109,0.7076036973568969,0.35424408606807,
99_1571,0.3700967159971863,0.5986842159814597,
99_2956,0.392906131199414,0.5088522385823082,
99_2577,0.650060454101179,0.39411727411621034,
99_2640,0.7645126982482783,0.6077764942312074,
99_1878,0.6893432180698374,0.6757169973306698,
99_2306,0.5156874858857552,0.7379527407243419,
99_1216,0.3796917332617834,0.5051670900007278,
99_2126,0.3556395780844299,0.5318478489735181,
99_2826,0.742098705368117,0.3873780722343685,
99_1754,0.7150067484022642,0.9296614615434572,
99_1971,0.8499794381703203,1.4814593517820587,
99_1902,0.2636527760359334,0.4950212946043295,
99_1247,0.3383867836198221,0.35226628395979753,
99_1770,0.22603924871828118,0.4851529052155981,
99_1198,0.36842457741484635,0.37179787199130226,
99_1311,0.14663124293747332,0.48868267581239844,
99_1803,0.42140339957111683,0.4926966350792784,
99_1438,0.4976993600633729,0.5697860234514209,
99_2494,0.2245640952800002,0.5231058398435751,
99_1558,0.7572342080366076,1.2266953811047507,
99_2581,0.7127721576201272,0.8135118920002673,
99_1962,0.7452962590316536,0.8796215386610462,
99_1445,0.7618424135505225,1.2490346933256085,
99_2760,0.6390767256976808,0.45291118674202296,
99_1525,0.3986955031698508,0.415850033421314,
99_2704,0.36949389311066405,0.46290192723349693,
99_2492,0.7239441436185492,0.5531849490942021,
99_1543,0.47476901233735025,0.5441101698451918,
99_2304,0.49214002840938764,0.5322344256233003,
99_2664,0.836691489155398,0.2770376337695438,
99_2569,0.8467538044233385,0.31444365986807526,
99_2490,0.8387137236444123,0.5494642480164441,
66_1885,0.5599880055148975,0.16258704401745674,
66_1993,0.5717500143285499,0.18049570514993393,
66_2539,0.6462112242127472,0.19129808284119998,
66_2139,0.48797269477681426,0.45895590026523847,
66_2631,0.6045076244048164,0.6805423499271678,
66_1248,0.6820479220484539,0.7970448575416251,
66_1778,0.45815977220867743,0.2856937533748245,
66_1062,0.4372736904140091,0.17315567954652286,
66_2707,0.45727411438860044,0.1846794782460191,
66_1207,0.4104642415777737,0.40215798793495966,
66_1230,0.22907039795196038,0.41420052030046633,
66_2322,0.4325919720154672,0.35530688853013076,
66_2290,0.8055197121717269,0.25649807944036385,
66_1727,0.8184385346561556,0.3629208587709365,
66_1109,0.6760526562719815,0.23597857177408119,
66_1571,0.4924309507625202,0.5199684108542695,
66_2956,0.46319405634890876,0.6458974376185217,
66_2104,0.615211604577738,0.5216582979631408,
66_2577,0.19912542837008407,0.3125343223875724,
66_2640,0.6959790059951769,0.16189479443013313,
66_1878,0.5989533145399613,0.1852775785666532,
66_2306,0.5853336420398993,0.6662815855714718,
66_1216,0.4462714876293279,0.5380066129177995,
66_2126,0.3211571998011664,0.507098099715734,
66_2826,0.5379714392137769,0.24239957614643157,
66_1754,0.551631304420155,0.3312099454933266,
66_1971,0.6113274378246305,0.45835834398689157,
66_1247,0.17800270918879324,0.5090747893285319,
66_1770,0.21843850020348132,0.4653823218880549,
66_1558,0.6927890272398076,0.4368979505152294,
66_2581,0.6726753163627543,0.3851127507424745,
66_1962,0.7197388337043724,0.3091463144821365,
66_1445,0.7527664224788517,0.5728522353706901,
66_2444,0.7117104609328676,0.7041835547431963,
66_2867,0.7006905019837457,0.5950070764079818,
66_2760,0.3417574365006054,0.3819956232763362,
66_1525,0.4135471861774678,0.4221930776414852,
66_2704,0.5364896079486783,0.3359409191296723,
66_2492,0.5452041949731974,0.604088792363899,
66_1543,0.6199980254524691,0.6916398823936534,
66_2304,0.6959494971821407,0.5424153027466396,
66_2664,0.7143017505191991,0.2118469839416317,
66_2569,0.8489891611813014,0.2141378642091662,
66_2490,0.7694531554632917,0.3892917118057369,
94_1885,0.7238851946879703,0.2251405268199869,
94_1993,0.5859042311840996,0.2339526073618616,
94_2539,0.6236576601949132,0.3168897737090654,
94_2139,0.17330973658402604,0.46664350887022715,
94_2631,0.48383098213953013,0.5736648498272247,
94_1248,0.47800135978133096,0.5757527063351311,
94_1778,0.3567169222026495,0.4447808480981078,
94_1062,0.311989790886139,0.2667410246748074,
94_2707,0.5264607566781163,0.24418454139227175,
94_1207,0.5586623087125255,0.34450539474899755,
94_1230,0.6165136935155072,0.44858539533847996,
94_2322,0.5429623839859871,0.37690354257197706,
94_2290,0.7081957385550086,0.27447066950218213,
94_1727,0.7501656354811052,0.3128765913179551,
94_1109,0.6730503800224044,0.3222548743047254,
94_2640,0.5925403361352423,0.4892272554051797,
94_1878,0.35368426057619085,0.5777382900323272,
94_1216,0.34090598300661934,0.5311540747286848,
94_2126,0.21544691081580836,0.4873901584133586,
94_2826,0.5088879384095195,0.3894038557549353,
94_1754,0.655017858238091,0.3670178253003128,
94_1971,0.7104950403017165,0.4551549134037564,
94_1247,0.29811097451560065,0.29968796997068065,
94_1558,0.7137339324028753,0.5366551541327605,
94_2581,0.7071273958949251,0.39328811332567154,
94_1962,0.7137228678399494,0.36213720769758545,
94_2760,0.474853183801781,0.5961073359266743,
94_1525,0.39011385860822867,0.6067187445695589,
94_2704,0.4812026846733569,0.5268509135840186,
94_2492,0.5338006150636763,0.5629384303268556,
94_1543,0.5487427237618816,0.5684226225036849,
94_2664,0.5241694700893129,0.3854003998088385,
94_2569,0.6154191021012465,0.29938528297237826,
94_2490,0.8137488034860204,0.4716875043952915,
91_1885,0.12018643322605616,0.6169919373448194,
91_1993,0.1969883553584193,0.6878971858832224,
91_2539,0.2008467738902161,0.7143255880963332,
91_1778,0.385417038149075,0.6335522637978152,
91_1062,0.4481647283576423,0.5601230663218004,
91_2707,0.195407466612183,0.586722887186983,
91_1207,0.5471219296377267,0.7566274253090762,
91_2322,0.5479761992411183,0.7253052211766762,
91_2290,0.6511973139053759,0.777760154007312,
91_1727,0.36194822758706224,0.6093558223738109,
91_1109,0.4843611953042095,0.47981936978981815,
91_1878,0.2903874177815704,0.39188377505799193,
91_2826,0.4035081993585521,0.6468284621214637,
91_1754,0.5230909649896516,0.5562094045885511,
91_1971,0.714555976861913,1.026569953632201,
91_1311,0.652114568378008,0.32861415423296736,
91_1558,0.42488185211723173,0.8570720629029974,
91_2581,0.46243237619710975,0.6135349367778323,
91_1962,0.46640251030572266,0.6985849984579486,
91_2664,0.17395642451068316,0.5287505370777225,
91_2569,0.4876710873413135,0.37864100886279317,
91_2490,0.5861385903648414,0.6640933199009995,
20_1885,0.6189370324323215,0.15517102100979216,
20_1993,0.5116211303901483,0.1961622480680045,
20_2539,0.6233476567108827,0.2883989883249634,
20_2139,0.23565353186458027,0.5122736613840371,
20_2631,0.4197653096742465,0.5395940843112309,
20_1248,0.5375660707251559,0.6041278476507368,
20_1778,0.2937938391764692,0.44924462264431536,
20_1062,0.2761785399344162,0.3213642690270772,
20_2707,0.43845121995711744,0.2622869876837871,
20_1207,0.5361932401400598,0.6203055133143255,
20_1230,0.545260811407819,0.9668220438255882,
20_2322,0.679727262054713,0.5503702166184617,
20_2290,0.8007542424281098,0.29941600820069064,
20_1727,0.759725627030694,0.5298154856477182,
20_1109,0.7574703200758437,0.25310812028903135,
20_1571,0.5189987495875048,0.48134342718610523,
20_2956,0.14655817076587563,0.5131163778702098,
20_2104,0.18827483314046567,0.5528150091344337,
20_2577,0.35107657982819196,0.5203375391929409,
20_2640,0.6489210782266742,0.33873711696298087,
20_1878,0.7052016187025116,0.43046674181773564,
20_2306,0.5192806040459559,0.738097145133488,
20_1216,0.2723012963100796,0.5948245435993702,
20_2126,0.20624230780919728,0.6114044491471085,
20_2826,0.6009300689905588,0.35519492892310156,
20_1754,0.6824017386387399,0.5394052862970802,
20_1971,0.8195145168907525,0.7866471934417381,
20_1247,0.4457187185195921,0.4103684749877402,
20_1770,0.3363335917669841,0.43039901044037004,
20_1198,0.2611902430207822,0.37666456443195595,
20_1311,0.37482730108776907,0.26675217869662243,
20_1803,0.25171833754903894,0.3054408698061798,
20_1438,0.5211761873944548,0.5327808747945123,
20_2494,0.44159064963819006,0.4999919768323983,
20_1847,0.5856378136441184,0.6602378906226346,
20_1558,0.7471682524984307,0.6750046720320722,
20_2581,0.7078618646974257,0.4510429485546399,
20_1962,0.7849718221048959,0.4926382496256379,
20_1445,0.7865763376113628,0.5468606374538894,
20_2867,0.7377650501412387,0.6107645254237842,
20_2760,0.5050563653367142,0.4266751203358676,
20_1525,0.4879252826958642,0.2760116460226997,
20_2704,0.43520682344248196,0.39706789527294356,
20_2492,0.4280474517146715,0.5502389875686079,
20_1543,0.40993646074309453,0.4735212104773733,
20_2304,0.327144315575151,0.5337409508687244,
20_2664,0.7007511060921322,0.4008685672703973,
20_2569,0.6752706261844397,0.4757625529172671,
20_2490,0.8238681427263425,0.4918689348238791,
34_1885,0.4097621670816711,0.1916820462611179,
34_1993,0.663303267745526,0.2505073876131059,
34_2539,0.6195561682066877,0.6358720113911644,
34_2139,0.22995316743885852,0.5233802795807275,
34_2631,0.3860785973613301,0.6832161418930461,
34_1248,0.4357657054507267,0.6172268444975512,
34_1778,0.2068711555614443,0.47844437338438983,
34_1062,0.2723291208207508,0.2594351899309458,
34_2707,0.4063678308748221,0.21809130076599,
34_1207,0.2950375170591354,0.6234271832028911,
34_1230,0.4241536624918726,0.6112484214253668,
34_2322,0.3057882105003644,0.509048619443481,
34_2290,0.853793555965638,0.21074988275039852,
34_1727,0.7982387126419797,0.30254338017532567,
34_1109,0.6964105643751808,0.21035886461747932,
34_1571,0.7916495364930103,0.44306187809840886,
34_2956,0.7230784543635392,0.5636380228350579,
34_2104,0.6581594811944791,0.38892253185866377,
34_2577,0.28756556878512674,0.46037282836660454,
34_2640,0.5280553943555585,0.2565671065813371,
34_1878,0.4753928222973294,0.2522474679601366,
34_2306,0.3704081399099395,0.5873369757777543,
34_1216,0.25465850836681114,0.6397831120536044,
34_2126,0.2756938230532435,0.6421024480177839,
34_2826,0.6670930956055541,0.2111864774221994,
34_1754,0.6666306867172899,0.26772097449350923,
34_1971,0.5743223298654291,0.4399584757230325,
34_1902,0.4002297045948612,0.3482792998559402,
34_1247,0.1407285046728014,0.566252019354428,
34_1770,0.2823028747743066,0.35876293676465326,
34_1558,0.5340720000337953,0.5027570755797708,
34_2581,0.5607543743814154,0.3815961948859028,
34_1962,0.6730379737581486,0.29384162664229774,
34_1445,0.7425352499966125,0.574700186288129,
34_2444,0.7200133602946845,0.63897120406489,
34_2867,0.6178616573318583,0.6108378740755687,
34_2760,0.590311014361173,0.3861413397824529,
34_1525,0.6181046286998408,0.33471174788936814,
34_2704,0.6960427446698351,0.20832614529467589,
34_2492,0.27230283100060737,0.5878754663085874,
34_1543,0.5096614710020165,0.5628868867161084,
34_2304,0.5450822366720596,0.5381838596548559,
34_2664,0.7413753541539575,0.2164282890474027,
34_2569,0.7150540992846681,0.28093939427957,
34_2490,0.6438623546924016,0.313669217563814,
137_1885,0.6235687857458221,0.1309338896050891,
137_1993,0.6245511601530853,0.16913114754590697,
137_2539,0.6262851915234899,0.19184950580290505,
137_2139,0.2157285987481774,0.6299812091103328,
137_2631,0.6613199869288036,0.6055788957992959,
137_1248,0.8160514218739156,0.45616759090001324,
137_1778,0.369298087632135,0.2893282520215405,
137_1062,0.40708059583253053,0.18536814697412712,
137_2707,0.5849887161606477,0.2116153385696153,
137_1207,0.7042431398171998,0.6064295384997701,
137_1230,0.7052959264347759,0.5681621316401286,
137_2322,0.7358095582093478,0.5405609658128028,
137_2290,0.8566883762969174,0.32617912475505734,
137_1727,0.8866912130758922,0.31743054989015906,
137_1109,0.8335054680490438,0.22325834143512904,
137_1571,0.4027999679111224,0.45892252188780464,
137_2956,0.5053367152096024,0.4359886300338421,
137_2104,0.6444749190799735,0.4466579692537065,
137_2577,0.5248142762759567,0.2925970343414973,
137_2640,0.7850890141507831,0.19847033949473206,
137_1878,0.7703242766981069,0.36139673056532917,
137_2306,0.6302378117269803,0.7009195414712632,
137_1216,0.5447964633137228,0.482491881615471,
137_2126,0.3694902137400585,0.6475079155570168,
137_2826,0.766325479397494,0.2998366641571771,
137_1754,0.8558314051223624,0.41917058238784205,
137_1971,0.7128035777749298,1.312214231941311,
137_1902,0.3001300429569246,0.5976135578377284,
137_1770,0.2498884282027385,0.5421145639484131,
137_1198,0.5214446648584923,0.24343073717998123,
137_1311,0.5714527138159762,0.212750987371034,
137_1803,0.45821383763367796,0.2501587029572058,
137_1438,0.5429010134473431,0.35530779731023787,
137_2494,0.4551227956989413,0.36457511133338055,
137_1847,0.7078477056760237,0.44323505103077704,
137_1558,0.7108130050645461,0.6340533817650543,
137_2581,0.734444269100234,0.5290910731804319,
137_1962,0.7709042773303346,0.3645487142418209,
137_1445,0.7815351914425114,0.7775452518478787,
137_2867,0.808477961551527,0.6458035658689384,
137_2760,0.6689208471714727,0.35001934788987266,
137_1525,0.6077606865104267,0.2531799818141257,
137_2704,0.7105923609785062,0.29870919436668664,
137_2492,0.5740484226626648,0.5148895452186194,
137_1543,0.5064243710142964,0.6573283790634296,
137_2304,0.5442549775061918,0.43950634027462665,
137_2664,0.8679401580610433,0.21819974410374204,
137_2569,0.7622005959785163,0.31680601276001946,
137_2490,0.8518494507105461,0.4886144554615333,
92_1885,0.6437820690226013,0.4988547186499865,
92_1993,0.6176216422959747,0.5016335146768014,
92_2539,0.5552212695218315,0.7266525586387247,
92_2139,0.311644517825014,0.4473446962440036,
92_2631,0.42243467542176194,0.712375016166082,
92_1248,0.6326172755589634,0.7731730653264803,
92_1778,0.4014866159514424,0.44206164035394446,
92_1062,0.3657812851210077,0.23966653868759394,
92_2707,0.28059560005136563,0.35472806728804457,
92_1207,0.5176882772687048,0.5081065015993462,
92_2322,0.3586445281969892,0.6629032312836183,
92_2290,0.7766147533875714,0.38931860445858946,
92_1727,0.6502184302381273,0.5261798685664023,
92_1109,0.7231664182276184,0.37169713030111234,
92_2640,0.6561003229099049,0.4372037720671177,
92_1216,0.4887626217878671,0.6135087019139644,
92_2126,0.26332422950910284,0.6035368605852883,
92_2826,0.4672644626372212,0.5436337646385797,
92_1754,0.7212664639130604,0.35760582466479984,
92_1971,0.7379286361964655,0.569206275084789,
92_1902,0.5534412051275366,0.16661090328478367,
92_1558,0.5648744755264964,0.5507578413459717,
92_2581,0.6609734841532784,0.6948715660960042,
92_1962,0.6446752564414894,0.5464736737523151,
92_2760,0.5043277717422859,0.5360591525302467,
92_2704,0.4005238877984584,0.38263415199225564,
92_2492,0.643410939606381,0.6498217159969858,
92_1543,0.5864756010498812,0.673224464051204,
92_2304,0.644929214064846,0.5554193451968131,
92_2664,0.5202961793660622,0.25951682151646044,
92_2569,0.4893263457760104,0.3088348410773962,
92_2490,0.7034007211331645,0.5782517457960172,
126_1885,0.539577376836242,0.1429204555774267,
126_1993,0.46275850875123814,0.17786195609561506,
126_2539,0.7928225560892302,0.23668860666567684,
126_2139,0.22798472907996592,0.5274017726264196,
126_2631,0.544946705752787,0.5897552041143189,
126_1248,0.5888856135245377,0.611414945482976,
126_1778,0.38728554433959284,0.2629679595410233,
126_1062,0.37830735960415307,0.21139483463513278,
126_2707,0.42228898438585316,0.2165321843399681,
126_1207,0.7091445416175842,0.6546335956855349,
126_1230,0.5811708691144608,0.728754438968194,
126_2322,0.7018048885229671,0.582764192489181,
126_2290,0.8403851305215971,0.34887153018489014,
126_1727,0.8897177695768101,0.31896714684628574,
126_1109,0.7616517168771961,0.315575733804581,
126_1571,0.6269932844910326,0.6220492900531642,
126_2956,0.47675385674030246,0.6561793548153333,
126_2577,0.6548011351251739,0.5601442876510825,
126_2640,0.7274981998130249,0.4398445937864639,
126_1878,0.8279311797690524,0.5104410391481295,
126_2306,0.5581716202723175,0.7388367262711544,
126_1216,0.3807893168336295,0.4940111457812411,
126_2126,0.2165025674718959,0.6858202633237493,
126_2826,0.6946591850267094,0.2916653648173788,
126_1754,0.6467999069816762,0.9188221001892865,
126_1971,0.8595540112250202,0.7310312105699956,
126_1198,0.3742895253050076,0.2596750341138279,
126_1311,0.5052577745097527,0.20548630220207678,
126_1803,0.6010644494570214,0.19625243560252342,
126_1438,0.5254557991704942,0.3643585101178874,
126_1847,0.5559864121866872,0.4200620847345954,
126_1558,0.7775506167329724,0.5202074909909054,
126_2581,0.7679347751820369,0.5131377713712019,
126_1962,0.7797567061295944,0.4043200143598532,
126_1445,0.800702116714723,0.8609443289857573,
126_2444,0.7941418320250393,0.773482844940383,
126_2867,0.744407261584626,0.8047984691224465,
126_2760,0.8397814433078694,0.3352054354388533,
126_1525,0.5322301652019321,0.39155606684387795,
126_2704,0.5755530353270326,0.3576572620302836,
126_2492,0.46341528890762873,0.6555731579207441,
126_1543,0.44726159127748455,0.5475209535701812,
126_2304,0.4331307205947722,0.6225652736246208,
126_2664,0.7473925774568586,0.2655707443272799,
126_2569,0.7887793779396904,0.3617887174336749,
126_2490,0.8571494772776432,0.43448342342043894,
36_1885,0.3368706941551505,0.16467346159418278,
36_1993,0.5021358177014428,0.2575075053076902,
36_2539,0.5516977378398866,0.24712982405017778,
36_2139,0.22113633253383103,0.6179709260564257,
36_2631,0.5349687473238959,0.5764839005167668,
36_1248,0.4944763184743224,0.5189151720862177,
36_1778,0.2598776177790999,0.348303012189884,
36_1062,0.48098457458832355,0.24616212229658688,
36_2707,0.4941508221468235,0.2640906310343693,
36_1207,0.6943374405609591,0.6380273958462751,
36_1230,0.6424796465463684,0.7021487540313898,
36_2322,0.6132258209913817,0.6106363071171749,
36_2290,0.8085926669068816,0.30294230380633397,
36_1727,0.8697335818781369,0.3732479932243063,
36_1109,0.812028383270974,0.23932435274061967,
36_1571,0.6610836314969457,0.43019047665903404,
36_2956,0.5957846960966775,0.3706809397925322,
36_2577,0.6270842253639515,0.3961453993360096,
36_2640,0.6169052326722383,0.32982515017981257,
36_1878,0.7360777420850411,0.2951044024919686,
36_2306,0.6188670232385909,0.706948296432701,
36_1216,0.22553369030671555,0.5839319224895256,
36_2126,0.22999889037281995,0.733191835036933,
36_2826,0.7352697667688064,0.23163222574268175,
36_1754,0.7406832764069289,0.5103058121232874,
36_1971,0.809688132281871,0.7609984018837692,
36_1247,0.3032205681527028,0.467495529518161,
36_1770,0.19739341158368084,0.3898271009675956,
36_1198,0.27993259983044505,0.43100019515081617,
36_1311,0.33496703758511626,0.24547307000883875,
36_1803,0.30496999877174347,0.24483860175598207,
36_1438,0.49135116180607064,0.5668333446369199,
36_2494,0.5509244801878947,0.4677114822274388,
36_1847,0.5613011908618204,0.5722133924989893,
36_1558,0.7281992887384454,0.5896573663518251,
36_2581,0.804580680779647,0.41533995369793497,
36_1962,0.7857771817562474,0.3329225419053033,
36_1445,0.8050905997857845,0.5821491089294458,
36_2444,0.7707472624097806,0.7051209762406476,
36_2867,0.7619166358728142,0.5550142904703049,
36_2760,0.5608271066006023,0.29913502422010463,
36_1525,0.6259010682291025,0.24980806097848002,
36_2704,0.7275808615880672,0.2836722960007294,
36_2492,0.3800754489616266,0.547674569767921,
36_1543,0.646537115891446,0.6096494778045263,
36_2304,0.6469615523427407,0.477253627171254,
36_2664,0.7602434401392733,0.2151675497420465,
36_2569,0.8290385354142199,0.2377148693576225,
36_2490,0.7923939617202398,0.42153001984728794,
162_1885,0.6423438661898606,0.37279018779333545,
162_1993,0.43914791781012785,0.49529034770686287,
162_2539,0.5498601313798196,0.5201126700699119,
162_1778,0.31170415817159114,0.6220646281296441,
162_1062,0.300315713459812,0.36158036693868206,
162_2707,0.24356844358935614,0.5203643411759431,
162_1207,0.17604176946881334,0.6181339473553382,
162_1230,0.244246014039043,0.4424914712665288,
162_2322,0.19434370227248754,0.6012279796468809,
162_2290,0.7678811250067483,0.3117852155507129,
162_1727,0.4187700881210723,0.4217546048997665,
162_1109,0.6206814314345533,0.47922871396500155,
162_2577,0.09576012120560973,0.21713166988023663,
162_2640,0.5276622132241986,0.4934965636263981,
162_1878,0.4042399619832917,0.9866042195599993,
162_2306,0.6041701522230846,0.47389845821641885,
162_1216,0.48076396301072044,0.5637277081991711,
162_2126,0.20877125378713102,0.6415840473668943,
162_2826,0.3077180375505516,0.7260686386845642,
162_1754,0.6989972865554939,0.3469027120766815,
162_1971,0.7873609553703824,0.3793831581966022,
162_1558,0.5656547799897729,0.6401846893005517,
162_2581,0.5947834722024583,0.5939201041731433,
162_1962,0.608401672181439,0.5553587280349152,
162_2760,0.2400573575360584,0.4289367624683956,
162_1543,0.4515628754395643,0.5048069167352903,
162_2664,0.44273257627074214,0.4841704957644345,
162_2569,0.49982132989997474,0.3598762076588831,
162_2490,0.8450673600571406,0.3236739843967725,
75_1885,0.5432229126001924,0.20262401921268275,
75_1993,0.25903592276389786,0.25013064684300046,
75_2539,0.5315951253645617,0.2740689787511257,
75_2139,0.2815537876556621,0.48458710556644863,
75_2631,0.49516824496815215,0.45717477243642574,
75_1248,0.6327409417825519,0.398020394350701,
75_1778,0.3986635424047513,0.21354505255752348,
75_1062,0.276316213179878,0.20793613736995253,
75_2707,0.39172866447695864,0.18924683668093417,
75_1207,0.457519254182002,0.4463197485045488,
75_1230,0.44027865193766313,0.3768332150497575,
75_2322,0.3679410442818989,0.39723093595091163,
75_2290,0.7970737920292386,0.14151971561789334,
75_1727,0.8572036802310494,0.20674416303207302,
75_1109,0.6101662585823322,0.18374579227465615,
75_1571,0.6539978559462338,0.41804677577808336,
75_2956,0.47401939986216834,0.504530766537291,
75_2104,0.7147573397372781,0.45269133477449275,
75_2640,0.6064436144269321,0.20802109560502924,
75_1878,0.5979044354579806,0.21988783043291404,
75_2306,0.5996681665146827,0.648393335499299,
75_1216,0.38109692861298405,0.5291906899037184,
75_2126,0.3284959875098875,0.5054546366893216,
75_2826,0.6773202306874901,0.194370109371095,
75_1754,0.7014265095309711,0.2896536090167536,
75_1971,0.7787780893894632,0.3611455483845817,
75_1902,0.24581625421453235,0.5241067739417701,
75_1770,0.13416698615332934,0.5830924804650961,
75_1558,0.7070526013624976,0.4051461079545669,
75_2581,0.7639863229294213,0.3091870747193486,
75_1962,0.7391571803225981,0.2609389532765894,
75_1445,0.7496114652988433,0.38527488723011,
75_2444,0.7445770918251049,0.6341798083222006,
75_2867,0.7413812007224165,0.6704210542505185,
75_2760,0.5102288346478697,0.29348610377304074,
75_1525,0.3874414354322624,0.5116616758791133,
75_2704,0.5833525425771262,0.3887205825450054,
75_2492,0.6761162100293654,0.38735217645888054,
75_1543,0.5832734427162849,0.49689225708123885,
75_2304,0.5529293563899246,0.4216638442187171,
75_2664,0.7823974153960119,0.16766026455664657,
75_2569,0.6886794587024307,0.2685475108404558,
75_2490,0.7205666244250656,0.3142113050254106,
177_1885,0.8281946536410414,0.2376989473923953,
177_1993,0.6511994120405653,0.25931255859811536,
177_2539,0.556969082404378,0.4174721806555362,
177_2139,0.16259656646884335,0.47689392576134226,
177_2631,0.5175314611996915,0.5212721252839405,
177_1248,0.5335417938492646,0.6721512661792299,
177_1778,0.3879563480062572,0.3921726578422582,
177_1062,0.37947533940661715,0.20946122749867055,
177_2707,0.5741920124475779,0.22873610576901263,
177_1207,0.5678937196606573,0.3797635850693993,
177_1230,0.5971816017701106,0.3604043579212412,
177_2322,0.6643428151286332,0.3621298854821898,
177_2290,0.8371494218578076,0.3130624886930145,
177_1727,0.771862039186008,0.3833974938059121,
177_1109,0.616579781017653,0.40001005056943,
177_1571,0.6761703682564901,0.6991566012163193,
177_2640,0.6421960367744636,0.3734483547928446,
177_1878,0.4481419354219598,0.37943374483901937,
177_2306,0.5400152087117518,0.5654422696818027,
177_1216,0.39165061083039954,0.5211243556519888,
177_2126,0.24256082233989784,0.6303346154414942,
177_2826,0.6512383337936398,0.36118340547619604,
177_1754,0.7565976679345918,0.5380040574553114,
177_1971,0.79834772935473,0.7014512069582207,
177_1902,0.25249124529361866,0.2677243145443314,
177_1247,0.5013592228853802,0.21664212133676883,
177_1770,0.3017047468439996,0.2852467741360692,
177_1558,0.6745510991269058,0.5329553142648754,
177_2581,0.6624312012427216,0.4587445076681192,
177_1962,0.6641098324153945,0.48876618384976817,
177_1445,0.6463634457242748,0.7666775133318973,
177_2444,0.6939122827781299,0.9619225633069066,
177_2760,0.375414478855156,0.6542056009799125,
177_1525,0.36174175457830493,0.5763907856497874,
177_2704,0.4972099536746788,0.5531521576049121,
177_1543,0.5733533855494009,0.4452540430350205,
177_2304,0.43309699202922447,0.48441501326772807,
177_2664,0.4563160957019077,0.3659348611621408,
177_2569,0.5018504209877038,0.2733493395379281,
177_2490,0.822878925362721,0.5253412528725606,
27_1885,0.44674608020180206,0.13091895072479992,
27_1993,0.5056208734314365,0.18505613956102387,
27_2539,0.34575867939257965,0.26413642732853815,
27_2139,0.18889519426008328,0.6508381913348806,
27_2631,0.6545368009604552,0.6409489592238994,
27_1248,0.6086358659170396,0.6410944360211019,
27_1778,0.2791941080699739,0.33036013946257203,
27_1062,0.47107681673066815,0.22189445492014326,
27_2707,0.5155517893376586,0.1986365827765965,
27_1207,0.6746493957313087,0.911367130095355,
27_1230,0.668400536655563,0.6523029708184069,
27_2322,0.6825563435202411,0.5854249799202387,
27_2290,0.7727190923947782,0.32874096198799774,
27_1727,0.8826378307053492,0.27824238427677955,
27_1109,0.8056094760992125,0.20165369755927154,
27_1571,0.4261285016526166,0.5719939414654515,
27_2577,0.46926046312309444,0.4883032604345823,
27_2640,0.7362679345895617,0.42861504778825593,
27_1878,0.6985211025525692,0.6131574076820109,
27_2306,0.5621674239330037,0.6838533933345864,
27_1216,0.26129235903488746,0.5322085022372469,
27_2126,0.2418804338341043,0.6393554948934986,
27_2826,0.7756566093483988,0.23202758596551926,
27_1754,0.7820904246479825,0.42025710760785456,
27_1971,0.8355369286151217,0.7736406462693972,
27_1902,0.24020662846363228,0.49826502299362946,
27_1247,0.28065854863454065,0.4500418215887968,
27_1770,0.28805417026442337,0.489647689177045,
27_1198,0.5010630734127466,0.6201139825775415,
27_1311,0.549105340123856,0.5742695157622475,
27_1803,0.4549177697235707,0.41334377554645346,
27_1438,0.6131105366603522,0.2841864761234144,
27_2494,0.4198660720798265,0.20241190966419356,
27_1847,0.603055052098288,0.46838928789875783,
27_1558,0.781297751589672,0.6905024394966015,
27_2581,0.7722073295769436,0.42506630103105947,
27_1962,0.7868999330719937,0.38431193280480147,
27_1445,0.7673942737964046,0.7407641730016632,
27_2760,0.5495009772834993,0.48455307872711345,
27_1525,0.48925974586075127,0.34267013547946723,
27_2704,0.46163886896100115,0.34017848604626705,
27_2492,0.378720979530087,0.6093659575742335,
27_1543,0.31570311540500917,0.5209412388485055,
27_2304,0.34313315913514575,0.5803292133357408,
27_2664,0.792708106165583,0.24036738121776546,
27_2569,0.7809361168505368,0.38867904931693537,
27_2490,0.8700129960797559,0.3877393621296613,
157_1885,0.7018546066419911,0.5492948876830339,
157_1993,0.6468730198042211,0.26931575745649383,
157_2539,0.6659017890840717,0.49542349409901565,
157_2139,0.25866628456147844,0.5561581780936143,
157_2631,0.590954294164111,0.6572455887192976,
157_1248,0.5924479790508808,0.6459415250105387,
157_1778,0.35687863905151407,0.41663924723042395,
157_1062,0.3213062413013642,0.2149691016713871,
157_2707,0.33167888175096427,0.250666938408772,
157_1207,0.5547057832934632,0.39124120349684194,
157_1230,0.5574465460780169,0.5143304864732172,
157_2322,0.464620819293006,0.4872927523256788,
157_2290,0.7552198550726639,0.32775881383323513,
157_1727,0.7366507517568242,0.37996355964324124,
157_1109,0.7093400820694207,0.31104383060256585,
157_1571,0.5490200584581109,0.5586521674907137,
157_2956,0.3198702533900646,0.6582901119385354,
157_2104,0.352041920658808,0.6491077992556312,
157_2640,0.4721936703425371,0.3159596496922547,
157_1878,0.5718579034281284,0.3215190889045648,
157_2306,0.541117679930984,0.6719098060573176,
157_1216,0.4295845116093967,0.5438220841775815,
157_2126,0.22520080753594252,0.522369564276811,
157_2826,0.6017986108085334,0.3573350002238822,
157_1754,0.6994236953130994,0.3649510705689465,
157_1971,0.7308990827035566,0.4618026210094155,
157_1902,0.3688711911725302,0.30856242439835163,
157_1770,0.16076170635624176,0.4671268203494514,
157_1558,0.6810174153611264,0.40752080400931184,
157_2581,0.695575955387479,0.3731348668850895,
157_1962,0.626385315501545,0.3727121151099685,
157_1445,0.7132350624015201,0.6952966692823115,
157_2444,0.730214435768992,0.6834623873185789,
157_2760,0.32319432194252196,0.5934466261626694,
157_1525,0.3956848929535812,0.5632178078993333,
157_2704,0.5058588260051595,0.5586030097442318,
157_2492,0.6417105290649161,0.5556161624815746,
157_1543,0.5768119523574449,0.4823440913815602,
157_2304,0.44614976155396213,0.4528526966040045,
157_2664,0.7267872586753619,0.3856433977056824,
157_2569,0.7517785312451117,0.3957860486065861,
157_2490,0.7257987339841351,0.4299748723658756,
106_1885,0.5813789422501445,0.18324063641506708,
106_1993,0.6383675357264182,0.22173380004036114,
106_2539,0.6032329150477629,0.2864601718274422,
106_2139,0.3228832291256337,0.5389568329352786,
106_2631,0.5768941653175135,0.643839795215968,
106_1248,0.535381174426935,0.6162539467834481,
106_1778,0.4496066772275794,0.3408948067049911,
106_1062,0.3470426493775226,0.21191055839307923,
106_2707,0.568482534838314,0.20783155938734557,
106_1207,0.6423802124441615,0.22801789130098274,
106_1230,0.6536240328867922,0.3071519258899429,
106_2322,0.6580834531210509,0.241385641027635,
106_2290,0.9080287543655925,0.21200558506863132,
106_1727,0.7826943399605988,0.36875765705210256,
106_1109,0.6837156401772897,0.27030975018312225,
106_1571,0.6253560277803757,0.5221284428256114,
106_2956,0.5055503236959072,0.5141470170917666,
106_2104,0.8781667836926755,0.38872280119289093,
106_2577,0.24150251231680886,0.5192060299736405,
106_2640,0.6155276532732574,0.3053155344569126,
106_1878,0.714852354262359,0.27607005208420543,
106_2306,0.546562375311552,0.5284464654525547,
106_1216,0.39345373539014183,0.49898285437176665,
106_2126,0.29505289463171536,0.562441772696428,
106_2826,0.5488844228474961,0.2535980053455047,
106_1754,0.7383847856412071,0.28923831624165613,
106_1971,0.7875854853739614,0.33904341321288284,
106_1770,0.3590322181910034,0.3673523790391585,
106_1558,0.6314421694668556,0.5193216754342117,
106_2581,0.7079531680830549,0.38877105576135473,
106_1962,0.740274292079601,0.35738256041778194,
106_1445,0.6468646703489702,0.6850449284172058,
106_2444,0.7074534855785674,0.7566603811680653,
106_2867,0.693761957636969,0.6400701130321658,
106_2760,0.3524753334393782,0.4913638071395659,
106_2704,0.6532311452474308,0.5482583273615731,
106_2492,0.5702960167970947,0.5454599258377574,
106_1543,0.4781221002827545,0.6354813997778956,
106_2304,0.45762012012102127,0.5069669808770453,
106_2664,0.6818245758397927,0.25948863588096055,
106_2569,0.7219966566469839,0.21560334434197354,
106_2490,0.7720822329634901,0.3319655617725272,
64_1885,0.5003881370289618,0.17710228200338468,
64_1993,0.6164059562459905,0.2079131089900586,
64_2539,0.5698932339888195,0.27480723917236116,
64_2139,0.28821714820326394,0.5349715788036873,
64_2631,0.5845452123197699,0.6705355663676615,
64_1778,0.391082623858944,0.2560472251931749,
64_1062,0.40757955602298757,0.17971145595502275,
64_2707,0.30414770622593656,0.24589590761857602,
64_1207,0.5560819115680471,0.3823714307423277,
64_1230,0.5426376354054108,0.5744339660512583,
64_2322,0.5325753522604442,0.48113798506758243,
64_2290,0.8412830060995518,0.21899259449631997,
64_1727,0.8966573491716111,0.2976828647418085,
64_1109,0.6250426494274859,0.30654406366641695,
64_2577,0.2795133510853881,0.6179414454478558,
64_2640,0.46414238058346446,0.3759923130043148,
64_1878,0.6148875471074093,0.3550024137480195,
64_2306,0.4582384512277994,0.5591948937781203,
64_1216,0.22514029429697635,0.5422085533689308,
64_2126,0.1693390855696757,0.6199589720949787,
64_2826,0.6650306480290896,0.2874320270601053,
64_1754,0.77249091269006,0.3751954050256475,
64_1971,0.7852823883860228,0.4634777726820523,
64_1902,0.19375293451242526,0.494509562507321,
64_1558,0.5463465043530931,0.5235294518091672,
64_2581,0.6836266073446049,0.5184059208260325,
64_1962,0.5263713840244484,0.6082131405747692,
64_1445,0.6971748087104455,0.8085289069437402,
64_2760,0.3964091811608038,0.4010787449905102,
64_1525,0.5100568657770099,0.545105651037023,
64_2704,0.459556766786658,0.30232453295054224,
64_2492,0.5205746611171229,0.5982791833087443,
64_1543,0.49147661673161924,0.5492634391411517,
64_2304,0.46694924476583455,0.5577387997696966,
64_2664,0.645436895665948,0.21351905481385652,
64_2569,0.7007714310627755,0.22055730595003203,
64_2490,0.7167205607370624,0.4417504066527134,
129_1885,0.6074806610270993,0.17891241441864122,
129_1993,0.66661073829185,0.1723040454235838,
129_2539,0.5730354506539375,0.27603979431718106,
129_2139,0.1591521139686718,0.5650767373602152,
129_2631,0.4879727469055838,0.5907213837996852,
129_1248,0.5538797402607605,0.6726803681753502,
129_1778,0.4002200207448907,0.3120961362239656,
129_1062,0.44697360197330216,0.22033775916857445,
129_2707,0.5448022646331723,0.22109030679312808,
129_1207,0.11527373294753895,0.5197559088981081,
129_1230,0.24635438414809507,0.651460674927862,
129_2322,0.25184361293119195,0.42686278256247534,
129_2290,0.7743804424358152,0.3736807658318035,
129_1727,0.8880002187763247,0.3283618266321156,
129_1109,0.6622717769720322,0.3106704605866405,
129_1571,0.41577674286263966,0.4930636215475434,
129_2956,0.25057742796334603,0.6845153510568232,
129_2104,0.3234437616794532,0.8065203905217458,
129_2577,0.2677278552408161,0.550927556335663,
129_2640,0.7034517193672892,0.25817800089088944,
129_1878,0.6469672539067377,0.3369027781425994,
129_1216,0.3580152995991601,0.54880092131423,
129_2126,0.2813368732056437,0.515604748709027,
129_2826,0.7450242181122287,0.35086884236037097,
129_1754,0.7652490075965576,0.41004694049838203,
129_1971,0.7858275086146087,0.61886356376472,
129_1247,0.281169664965346,0.49561118213996297,
129_1770,0.2627413829835763,0.47629547943659767,
129_1558,0.6436797802304526,0.6443605983425896,
129_2581,0.7444846674200778,0.4522854008270812,
129_1962,0.7514953577596517,0.3971316495234596,
129_1445,0.6544681190176538,0.88259359686074,
129_2444,0.6857151792663375,1.2365521093003795,
129_2760,0.6188095573172181,0.5124921547492802,
129_1525,0.5856447309069858,0.4780517847330118,
129_2704,0.5866957804820222,0.3077810492044487,
129_2492,0.7581881246566924,0.4163908262609436,
129_1543,0.5281562519873702,0.5770176737955105,
129_2304,0.6032517203832648,0.5768812005873661,
129_2664,0.6256830979592096,0.3434346576046869,
129_2569,0.6254542943050334,0.46874315291125057,
129_2490,0.7184027575670892,0.55042377605017,
14_1885,0.34700968142745536,0.1977998788815905,
14_1993,0.510942130140995,0.24039213201911871,
14_2539,0.12951005326525178,0.2886204628301672,
14_2139,0.2649662617071513,0.48078395472760715,
14_2631,0.6030074475790419,0.5702968293896638,
14_1248,0.48215066422077735,0.5766430166619875,
14_1778,0.32006030441590827,0.39733740740517537,
14_1062,0.28757659673342373,0.3441361127061264,
14_2707,0.27650833062393065,0.2964874528389256,
14_1207,0.6390041805188389,0.5136550614826145,
14_1230,0.6178497614503758,0.6057313851684971,
14_2322,0.6615849796369377,0.5193129925751562,
14_2290,0.7979518806388635,0.5106244882283244,
14_1727,0.8034060564675921,0.35493919091108067,
14_1109,0.7530729031866437,0.3445221095022118,
14_1571,0.1907768091505998,0.7105933306351582,
14_2577,0.3767698235491407,0.4905952642462222,
14_2640,0.727662562879859,0.46812824910174455,
14_1878,0.5690597096285496,0.4954704542037963,
14_2306,0.42757073574576676,0.6025467603251694,
14_1216,0.32462055173449966,0.43251322801740594,
14_2126,0.29830738455021144,0.559573425043781,
14_2826,0.7751694961194762,0.32520644760484346,
14_1754,0.8263609660412885,0.856133829970688,
14_1971,0.7946571613568738,1.758842323144278,
14_1247,0.2864326124011459,0.3284175925348278,
14_1770,0.35727281712950565,0.2742851031780077,
14_1311,0.411462369567527,0.33432167322649947,
14_1803,0.3190542793114095,0.28601006524757516,
14_1438,0.4187960490844359,0.5676033282654668,
14_2494,0.5376774680647276,0.3407482814832126,
14_1847,0.5202377268501415,0.5315064434180282,
14_1558,0.6961287485891933,0.6579817763319701,
14_2581,0.7330380971030024,0.5815535547533244,
14_1962,0.7590604250806803,0.5497507974154675,
14_2444,0.7525122454949305,1.164659554122092,
14_2867,0.5341729001492824,0.7945514211986712,
14_2760,0.5065260942422569,0.7416241432893932,
14_1525,0.5016560762908338,0.3857161290764686,
14_2492,0.2979171145796454,0.6187205397397714,
14_1543,0.3338321955282674,0.5836132563771325,
14_2304,0.41742673511443573,0.5958863602580969,
14_2664,0.6610047584001111,0.33814042188065396,
14_2569,0.7181245585775139,0.49441860953508987,
14_2490,0.8584902690634149,0.48999441793013315,
17_1885,0.45367420327535635,0.16130794254837494,
17_1993,0.7043280110507746,0.2043531425800968,
17_2539,0.5786233985808844,0.24486806758788326,
17_2139,0.18745707147141355,0.5250133506874239,
17_2631,0.5853189553486249,0.5150951897710079,
17_1248,0.5720852648638977,0.580550745329765,
17_1778,0.30838429082571006,0.3849831882658821,
17_1062,0.33438467436027064,0.2740114061018994,
17_2707,0.4067735942622941,0.24098517529348662,
17_1230,0.5717121034132415,0.7438604553252383,
17_2322,0.6260705389813317,0.5179501889982553,
17_2290,0.8272286111564647,0.33575656979507207,
17_1727,0.7909817492355575,0.3616741210294294,
17_1109,0.7714477472616768,0.26209671323748346,
17_1571,0.577957749114749,0.5324341649363554,
17_2577,0.4850034037984843,0.55614247259667,
17_1878,0.7676090683171176,0.5456377454860855,
17_2306,0.45797698395671693,0.5722362745017161,
17_1216,0.1922297421746355,0.5732249139635595,
17_2826,0.7316556497479312,0.3034380967925859,
17_1754,0.7723614905641649,0.6275460997491673,
17_1971,0.7689457287451134,0.8636362127423932,
17_1247,0.16597288331680282,0.42151178837649966,
17_1770,0.23415620712359997,0.3576275084959389,
17_1198,0.43801823142541574,0.4177356987986338,
17_1311,0.40153216689751137,0.3913459784949157,
17_1803,0.4807858879464202,0.308669659355203,
17_1438,0.5223390505693485,0.5064231221210683,
17_1847,0.3826373830661354,0.36163329329196686,
17_1558,0.6626773310520708,0.61239163889838,
17_2581,0.7352858386976723,0.42829552193927334,
17_1962,0.8070466976754268,0.41719224203391186,
17_1445,0.8034315852184496,0.7765073241835974,
17_2760,0.8050727410460377,0.38045442570549526,
17_1525,0.48629285595754423,0.3712658260317122,
17_2704,0.4974374686370624,0.3834895270504085,
17_2492,0.2181932145108939,0.5758556196812153,
17_1543,0.350635125248865,0.4963858646093958,
17_2304,0.42567446627554384,0.5811303652416998,
17_2664,0.7532828984098275,0.27725296289047774,
17_2569,0.6527628529566495,0.4811826712823917,
17_2490,0.8838100575829244,0.3916139441595573,
153_1885,0.5755671706201282,0.1917684636762242,
153_1993,0.5022374527965101,0.23379633091837912,
153_2539,0.7340671245301164,0.36311378296646013,
153_2139,0.20418501746008333,0.5502919587452346,
153_2631,0.564188982530317,0.4637303574514612,
153_1248,0.5498946892316812,0.593987185990755,
153_1778,0.23864318501604587,0.33065179487744734,
153_1062,0.20855021526682294,0.3027996614255834,
153_2707,0.3713716777684464,0.24848641445348832,
153_1207,0.6278713180021205,0.6943098643332781,
153_1230,0.6100016668905207,0.5519780951461946,
153_2322,0.6123299339345368,0.6767588179724104,
153_2290,0.8222377254392463,0.2969752502446217,
153_1727,0.8294155457101043,0.2594640388245472,
153_1109,0.7151945118270471,0.2539629300801272,
153_1571,0.42693705107756263,0.7869046432291931,
153_2956,0.5599480640634956,0.7220128062593044,
153_2577,0.599270193683199,0.4430766990346557,
153_2640,0.6876586181455432,0.405478447950586,
153_1878,0.7441464043682487,0.4468463458597418,
153_2306,0.533379722612132,0.6424159850653309,
153_1216,0.25507561461399275,0.5549610715366816,
153_2126,0.13079823995018935,0.5819298865989917,
153_2826,0.8197296699727635,0.2897392598494319,
153_1754,0.7470096409110225,0.48998824314703654,
153_1971,0.8757521180825851,0.6327789524524388,
153_1902,0.26004052495039964,0.4753815662352235,
153_1770,0.269935272697706,0.3967120722585248,
153_1198,0.22462135790309812,0.37432343767575255,
153_1311,0.2650851241986898,0.4175678671095774,
153_1803,0.46929917980353664,0.28054361510776876,
153_1438,0.24394857229260702,0.5641846851446005,
153_2494,0.2887309954984779,0.5494139546394787,
153_1847,0.4592802160732994,0.5715083364264258,
153_1558,0.6506720659140424,0.6523879214594717,
153_2581,0.6375774221048592,0.5635292136115064,
153_1962,0.6869321373285624,0.43418609250965245,
153_1445,0.6014333076352487,0.7382008306744549,
153_2867,0.6896821020201924,0.7260263418912521,
153_2760,0.5476664457801332,0.6761087200448768,
153_1525,0.36711716529016547,0.4000556321131418,
153_2704,0.5435811405187809,0.39228613424231723,
153_2492,0.552897475348555,0.6974156824000074,
153_1543,0.49872976626581333,0.4530291971187921,
153_2304,0.4231654565990113,0.6056841899188065,
153_2664,0.6649329354984359,0.23778229346398994,
153_2569,0.5430065905278716,0.2666431981028467,
153_2490,0.8605942117414966,0.42109783701370906,
139_1885,0.6655825700431481,0.30316093394062094,
139_1993,0.7742152135640248,0.5033933057317526,
139_2539,0.38961522821252004,0.5785791714061274,
139_2139,0.21426738577609794,0.3636988522878743,
139_2631,0.40518870954872566,0.6397398584099253,
139_1248,0.5250794309369256,0.4878739457843013,
139_1778,0.35871251916616786,0.4418116906658113,
139_1062,0.2606861847309341,0.2920099934028145,
139_2707,0.47354966803890064,0.4461151171389562,
139_1207,0.4811496830939308,0.45848944938299374,
139_1230,0.33754051026749454,0.4975629293964529,
139_2322,0.48625466023389186,0.6069716501638496,
139_2290,0.7206538208636141,0.436805254448007,
139_1727,0.5847260009927164,0.45733723021824074,
139_1109,0.5992458144979307,0.5646005649937726,
139_2640,0.8710757941417632,0.522239954008099,
139_1216,0.3591117993475901,0.4409724497025102,
139_2126,0.33602158238542135,0.5449854714121412,
139_2826,0.3727220618387145,0.4670995292074232,
139_1754,0.6804322295987452,0.4705623290678998,
139_1971,0.7040749201398255,0.6361404242205169,
139_1247,0.43010469100523163,0.1354231143323146,
139_1558,0.6088973182271946,0.5307952926776173,
139_2581,0.5571763325610586,0.5187926282450337,
139_1962,0.6141269080973665,0.534511444545796,
139_2492,0.4054524396482968,0.5288433904828089,
139_1543,0.4640809287205856,0.5282927534805995,
139_2304,0.394611536457255,0.5126692035280732,
139_2664,0.4838421034800676,0.4069243375279389,
139_2569,0.5159857931508725,0.401799893712931,
139_2490,0.8238015904899071,0.37458268029218167,
161_1885,0.524681375182334,0.21435837362087132,
161_1993,0.5519098723359207,0.20581236680362996,
161_2539,0.5364258836979707,0.4193251245701183,
161_2139,0.16645902294771597,0.3957256043921771,
161_2631,0.33573443424212135,0.6443610453254267,
161_1778,0.1792732326911085,0.5104762077823745,
161_1062,0.2605379534003701,0.31656413794865634,
161_2707,0.39628143274718197,0.335942718896079,
161_1230,0.28597325904598614,0.6503004824321654,
161_2322,0.26291586475533224,0.5130689211025689,
161_2290,0.8119245202246012,0.2870223454832982,
161_1727,0.850913343457887,0.39284803502136045,
161_1109,0.6816749424785622,0.27952290676242536,
161_1571,0.617124239013721,0.5820604774878552,
161_2104,0.5616640618224692,0.6070496119461395,
161_2577,0.2560592853915824,0.4545977370412241,
161_2640,0.5599109948215144,0.23949980554224531,
161_1878,0.5951333075300236,0.2650301508056964,
161_2306,0.4296217444711654,0.5701061071271774,
161_1216,0.2538713798089348,0.47500976296367914,
161_2826,0.5517086898181001,0.29414495861138706,
161_1754,0.7206105366184609,0.3176364635125533,
161_1971,0.7531042377807199,0.45896898649048373,
161_1902,0.20128776383048386,0.3545898060237954,
161_1247,0.21014072125461414,0.44142910758266696,
161_1558,0.4805557403672883,0.6907754870089473,
161_2581,0.5815477215819579,0.42118485325596117,
161_1962,0.5368178897608504,0.43476235800911445,
161_2760,0.5047520351318402,0.46325549249496434,
161_1525,0.5379696034231998,0.41876784964594405,
161_2704,0.6034706188960879,0.45934138227164245,
161_2492,0.4693587984253855,0.6554552536693193,
161_1543,0.57785122989199,0.6803868504272594,
161_2304,0.6069097553779628,0.6257147274299636,
161_2664,0.5933876276701865,0.30380330279985684,
161_2569,0.6384014237397209,0.3192866561856119,
161_2490,0.7360296321937372,0.4351018450387033,
81_1885,0.4280898669688641,0.2034798300830542,
81_1993,0.5581177798110766,0.19319885357011976,
81_2539,0.4845619026305137,0.42148422486040404,
81_2139,0.2714810449701335,0.5517200852485815,
81_2631,0.3423239123178783,0.41802615858520936,
81_1248,0.3559582395056259,0.5610466396687498,
81_1778,0.3964564185123738,0.3189699698716051,
81_1062,0.4013583695566505,0.26015207570720256,
81_2707,0.3662913598407159,0.24002610051165668,
81_1207,0.54038826265668,0.37811829240669487,
81_1230,0.5524873735698126,0.6052335790319641,
81_2322,0.4578214886382128,0.3945931019355105,
81_2290,0.8523595300803318,0.23424864271566137,
81_1727,0.862319721810955,0.31897097240304884,
81_1109,0.6799911701965116,0.2566648224584196,
81_1571,0.33277403401454775,0.6365880587528238,
81_2104,0.5520903633026434,0.5338474227114527,
81_2577,0.3232857915938492,0.5607802274777174,
81_2640,0.4400303137169219,0.3137999483119257,
81_1878,0.4393395957640215,0.43089598172287463,
81_2306,0.38759920403180326,0.7986378152680035,
81_1216,0.3137222822917689,0.5664232934004622,
81_2126,0.28929391735785637,0.5417518325891328,
81_2826,0.5863405695780757,0.3197594826945316,
81_1754,0.6625173888023406,0.2581175620563576,
81_1971,0.7558390167972022,0.36540601013863266,
81_1902,0.2134359055761187,0.4639576045468391,
81_1770,0.25451046825546875,0.44488386928136026,
81_1558,0.7253288796133375,0.4622837186009947,
81_2581,0.6597352624896087,0.368905360857116,
81_1962,0.7828336687596653,0.31541710411859275,
81_1445,0.6389492505976497,0.770134629574808,
81_2867,0.6543237538063484,0.7384483702634829,
81_2760,0.37500360388255227,0.6004100238492008,
81_1525,0.571395904704687,0.36481726869538433,
81_2704,0.5899292689718485,0.35766609639082725,
81_2492,0.43502011694665865,0.6218756346523368,
81_1543,0.4815077222804741,0.6870641029586141,
81_2304,0.4908308940076658,0.6466774674746875,
81_2664,0.5307393657235074,0.2994740071881464,
81_2569,0.6975589725686815,0.2260585737498524,
81_2490,0.8342245467419892,0.34690545967065467,
26_1885,0.7546451710839588,0.26109169152633116,
26_1993,0.714934695393319,0.23472393753665027,
26_2539,0.5528666969249671,0.6758832343260738,
26_2631,0.5715662525058829,0.5005954654389333,
26_1248,0.5797597519636688,0.46471037049029407,
26_1778,0.4198046117555605,0.4698844528595202,
26_1062,0.4981866600611278,0.22843852965678615,
26_2707,0.4231831994139842,0.34059688216209,
26_1207,0.5392708049051755,0.4059816115092615,
26_1230,0.5668447696286449,0.41497530835151214,
26_2322,0.5809423849871946,0.30670061528072373,
26_2290,0.7711085454035276,0.33184892718744496,
26_1727,0.8458083735759202,0.36393696961461547,
26_1109,0.6305632502449581,0.35768765941118713,
26_2640,0.5612046576727148,0.5151173239965989,
26_1878,0.34349240434967143,0.4955221143737816,
26_2306,0.4942414321204054,0.4882818823198753,
26_1216,0.5910875272433052,0.46533643325308005,
26_2826,0.5998340026034901,0.465124246690387,
26_1754,0.7679629514699334,0.5792485668476532,
26_1971,0.7678387525164208,0.8322436974153493,
26_1247,0.3190698007101229,0.30424728419067726,
26_1770,0.5278084300516126,0.18777861680164298,
26_1558,0.71502291384527,0.4497455336629591,
26_2581,0.7013118265739754,0.4816420426201184,
26_1962,0.6286775140139924,0.5637666846472782,
26_2867,0.5386913082173005,0.6992849697410305,
26_2760,0.2988402605168501,0.5651628009897413,
26_2704,0.44315900497018945,0.5594246187352884,
26_2492,0.6570011565976959,0.5489304045269048,
26_1543,0.5241881145859961,0.6545963976321759,
26_2304,0.6881070233168438,0.5370186291000353,
26_2664,0.5754172504328645,0.39803738690620794,
26_2569,0.7033718229920414,0.2310506846126622,
26_2490,0.7480296279608665,0.3743216021966335,
73_1885,0.6316990364081391,0.23766185824634778,
73_1993,0.7141377405689331,0.2445012394260377,
73_2539,0.49246261431219385,0.4424553798452654,
73_2139,0.18771216126668244,0.531417923756413,
73_2631,0.5493733018178464,0.5737748448367846,
73_1778,0.37960728491103923,0.4353097557404977,
73_1062,0.3787429202007322,0.2410648115450723,
73_2707,0.21767658710020432,0.35000655812418163,
73_1207,0.5253307486926851,0.3971504545736198,
73_1230,0.5022528839539682,0.5616573218075934,
73_2322,0.6110599486225886,0.4057024761191266,
73_2290,0.7340953088719804,0.34450604343326324,
73_1727,0.771257379272898,0.41402054046194064,
73_1109,0.6549514620295789,0.31718135272516557,
73_2640,0.6902301068917809,0.27624948973958124,
73_1878,0.6905170236746623,0.3863749760940204,
73_1216,0.4405911569707759,0.5735555851789753,
73_2126,0.2383916892682838,0.5539369017208731,
73_2826,0.47957448634243727,0.4132156783625595,
73_1754,0.6685674863809303,0.2943578412154787,
73_1971,0.7706019085885776,0.3222256452508263,
73_1247,0.22985201699711988,0.5331967594231725,
73_1558,0.7785056943503442,0.44967868670701777,
73_2581,0.71499784245759,0.3658890971848448,
73_1962,0.7375858068161167,0.39564237351132847,
73_1445,0.6723909184427492,0.8114571372904983,
73_2444,0.6906369514844599,0.8403399782461985,
73_2760,0.42128493316308835,0.555067502538506,
73_1525,0.6478352733246755,0.6169909086034405,
73_2704,0.555525959639912,0.5952353765277426,
73_2492,0.583650396804752,0.5679497451594053,
73_1543,0.5884346167841239,0.6360630844839164,
73_2304,0.6271801612549026,0.4795089902617569,
73_2664,0.7340705245412704,0.45314922444081757,
73_2569,0.7830310386974912,0.21523766426464291,
73_2490,0.8337776346789297,0.34517671008423884,
50_1885,0.63871317777133,0.20244644699181805,
50_1993,0.5502413544148098,0.27704859649529545,
50_2539,0.49020998959824147,0.28260610963484023,
50_2139,0.23177100517431104,0.534535467605167,
50_2631,0.6412391722461197,0.44816198622106224,
50_1248,0.588498172337466,0.6398031250728694,
50_1778,0.3770544192749632,0.3305014419486839,
50_1062,0.44339900462797044,0.20513553269399876,
50_2707,0.42875615961835845,0.21262352901944112,
50_1207,0.42828171173578256,0.4304173558396101,
50_1230,0.3914700836720224,0.4101924732705846,
50_2322,0.460321438960287,0.4039971547071557,
50_2290,0.8424550503329902,0.25568681605691235,
50_1727,0.8763418680365959,0.23767043676044095,
50_1109,0.6222942256278556,0.29340859330209096,
50_1571,0.6110197323018517,0.6307483925400403,
50_2104,0.6028058634755453,0.512155562093684,
50_2577,0.3766825785998379,0.28424833619894496,
50_2640,0.5802124363138828,0.2319392621446713,
50_1878,0.6868054823371423,0.20845889782266927,
50_2306,0.5997948547475958,0.5037002584901217,
50_1216,0.3071387365929056,0.5802620264026063,
50_2826,0.7087038105826932,0.24302438037543428,
50_1754,0.7443001660592604,0.34188039547206667,
50_1971,0.7829018235584293,0.33944411243979006,
50_1247,0.14284109610723839,0.5980563888231312,
50_1770,0.3693065663959261,0.4516189751097597,
50_1558,0.6676422859243218,0.5381064507133593,
50_2581,0.7116828357099956,0.4955498044588452,
50_1962,0.7829312021864491,0.3221479590570866,
50_1445,0.6942331872032137,0.7975736995342414,
50_2444,0.7504509003318165,0.7719418946486549,
50_2867,0.7314863908706648,0.6910944376910751,
50_2760,0.5587242663097848,0.36152067539296456,
50_1525,0.576927667307106,0.37008922001087036,
50_2704,0.6110993552844406,0.2253191663137962,
50_1543,0.43469716783202184,0.5341120837380963,
50_2664,0.6920501027320687,0.2163781581289119,
50_2569,0.7805011357913925,0.4538306356837503,
50_2490,0.7912089643409767,0.4210883846291364,
104_1885,0.6305116594288729,0.14462328089281512,
104_1993,0.4365789050572009,0.1951957524450873,
104_2539,0.6553643539367626,0.3559229045095477,
104_2139,0.1721753652636887,0.5299084982236246,
104_2631,0.694779858740062,0.4096574968870805,
104_1248,0.6679608276443834,0.6434811940890273,
104_1778,0.36444973590597374,0.2885926998313886,
104_1062,0.4302199985577523,0.22156979195543275,
104_2707,0.6407931412691101,0.2120412011611945,
104_1207,0.7134204544835272,0.787761731344376,
104_1230,0.7365488241087524,0.5102796524880749,
104_2322,0.7121646972591996,0.5564143176720812,
104_2290,0.754161110815153,0.48087818898045204,
104_1727,0.6227759682267554,0.4547633529861095,
104_1109,0.8160201994129181,0.24586338853813872,
104_1571,0.14619122803313078,0.636238801882053,
104_2577,0.3544467625274391,0.6337541212031265,
104_2640,0.7211583856069534,0.48786128817261054,
104_2306,0.6476346581203924,0.6887499367414843,
104_1216,0.3071581809182824,0.561366911659186,
104_2126,0.3117468175955759,0.6146860425838051,
104_2826,0.711701351616581,0.29418568548824475,
104_1754,0.7645404615998018,0.8356071788131367,
104_1971,0.7998576197725878,1.4377057963973705,
104_1902,0.2155132179679684,0.3986456826145587,
104_1247,0.3400075423453295,0.38233366355909815,
104_1770,0.3505402984691395,0.3763389191156029,
104_1198,0.6548244501998248,0.2260142605436818,
104_1311,0.36465758466988807,0.25918716220927807,
104_1803,0.5206303653296256,0.20306098648294696,
104_1438,0.4551536878221616,0.5352500541059287,
104_2494,0.27236776604593793,0.6064864483543834,
104_1847,0.3492392094621408,0.6162859853250643,
104_1558,0.7057643392389333,0.7845816966780301,
104_2581,0.7779981732672192,0.5712054328708354,
104_1962,0.804150773588931,0.39586562169727485,
104_1445,0.8206515661417393,0.894149623456548,
104_2867,0.7233925209211274,0.6853386559290909,
104_2760,0.5414313594709488,0.5977362261747273,
104_1525,0.586793638367014,0.36351020176327836,
104_2704,0.5232809765805506,0.505104089603221,
104_2492,0.4758941231522623,0.5917855508355008,
104_1543,0.3730551157384584,0.5459953149861294,
104_2304,0.31163902927156806,0.6283652105196778,
104_2664,0.5664193473836109,0.2810271145491587,
104_2569,0.685081619781555,0.5292294504302931,
104_2490,0.7959704538711572,0.541397376265023,
42_1885,0.5927714918618168,0.23189685714614208,
42_1993,0.6013839381201367,0.26423442436618977,
42_2539,0.5664970584132476,0.43333080850863315,
42_2139,0.24688594239978034,0.42520529921320344,
42_2631,0.382255657047905,0.723954552241921,
42_1248,0.5250256544930478,0.8322507836847532,
42_1778,0.17690622587296845,0.5703414882015903,
42_1062,0.2833313406111878,0.25525089123432276,
42_2707,0.4936263714742265,0.22939547842544047,
42_1207,0.5023822300678451,0.6615173557407802,
42_1230,0.5295833163667966,0.5716907514900615,
42_2322,0.5030141532765657,0.6842362198472404,
42_2290,0.7964510400150197,0.21687727494282927,
42_1727,0.7853232115695631,0.3220623831666879,
42_1109,0.5756250420692917,0.3024711481004017,
42_1571,0.4567163006522432,0.6453499361287581,
42_2956,0.3847174124911247,0.6448525121967504,
42_2104,0.32836094576795893,0.57436145119114,
42_2577,0.5185445510378042,0.2880220237033134,
42_2640,0.5176923270882505,0.24847560466330212,
42_1878,0.6037127072798841,0.19871846620891145,
42_1216,0.25938569404762424,0.568734892540157,
42_2126,0.18933981300467428,0.619831813057701,
42_2826,0.7345314456825071,0.2342822881934751,
42_1754,0.6594066566811021,0.3889344753341237,
42_1971,0.7334341043505662,0.44796357917150664,
42_1902,0.24735256499279035,0.4559671271568011,
42_1770,0.27562684635275525,0.4259594816314551,
42_1558,0.6469880418877871,0.6352648912484558,
42_2581,0.657450527005636,0.6116412003586256,
42_1962,0.6141514108396535,0.37989965636610235,
42_1445,0.6427086398418072,0.7765965422564897,
42_2444,0.6069631270388756,0.8567525098807117,
42_2760,0.5569524254889784,0.3255673151833874,
42_1525,0.4636619748572751,0.3818890427271634,
42_2704,0.4959413370489928,0.46855420072675663,
42_2492,0.523523995232275,0.5837849614408835,
42_1543,0.5969741497083987,0.6052741909498829,
42_2304,0.7619968497647256,0.6568990246113855,
42_2664,0.6522777329666957,0.2421893334281151,
42_2569,0.7082211769810904,0.2787733317623567,
42_2490,0.6652394607108392,0.4064427056407367,
113_1885,0.5995293174595072,0.32752969350339795,
113_1993,0.5609153910544855,0.3907866496974035,
113_2539,0.7140729530869163,0.5625828069228654,
113_2139,0.19631796959400594,0.5650513088077757,
113_2631,0.6444974063516755,0.511855444514799,
113_1248,0.8106748728317953,0.6096983138455164,
113_1778,0.6054242655602606,0.22886686054569447,
113_1062,0.5977653988487939,0.21386075554272893,
113_2707,0.29657439774591,0.2582420156964875,
113_1207,0.7324772384812863,0.403202883253698,
113_1230,0.5673422942979981,0.5436747806947237,
113_2322,0.5369911714075424,0.4363545872326754,
113_2290,0.670523638473879,0.5141602283546158,
113_1727,0.6975399624366739,0.41408160049370657,
113_1109,0.6746212033573159,0.29964862715135443,
113_1571,0.11856765201705166,0.27217783911866644,
113_2104,0.09183930465606072,0.4561191033801729,
113_2640,0.6686253659360709,0.5175890714773956,
113_2306,0.5274309056932803,0.5951593133341923,
113_1216,0.48262533734382196,0.5365322814463835,
113_2126,0.29461893425927577,0.6021634787777932,
113_2826,0.6782021209284221,0.4299753376145454,
113_1754,0.746071318489441,0.3758412186072255,
113_1971,0.8241270405273828,0.6424115971556749,
113_1770,0.33280381500017553,0.32524970718984314,
113_1558,0.7678624186732097,0.5309116366883493,
113_2581,0.8066684673764217,0.3938318109781364,
113_1962,0.7422025234980751,0.4705139158618927,
113_2760,0.18823034315627774,0.6398824813469105,
113_2704,0.451951065436313,0.5512912229802148,
113_1543,0.702666234815803,0.48016753233820264,
113_2304,0.5108067857718228,0.7019980026528391,
113_2664,0.5339118347827385,0.28458559887237866,
113_2569,0.5481117179172095,0.2565497369503205,
113_2490,0.8463213984938731,0.3742622414975663,
145_1885,0.7188785691882438,0.22512156097440852,
145_1993,0.4179641575399421,0.2951195844423167,
145_2539,0.6216409308864084,0.2753473821095973,
145_2139,0.3754832740907811,0.44211814555339884,
145_2631,0.5566681785781429,0.45187330198322856,
145_1248,0.5660698073639276,0.5312846164039126,
145_1778,0.40050395209785816,0.3018290201035948,
145_1062,0.33722180401623025,0.20433590170685245,
145_2707,0.6563519517032605,0.1801191615767515,
145_1207,0.601507716672748,0.27499646008340756,
145_1230,0.6264705703310258,0.2764086225235501,
145_2322,0.5947913506886064,0.26607235087184433,
145_2290,0.7904874433681186,0.3186754158804233,
145_1727,0.825058001070246,0.2680208658995851,
145_1109,0.6418059922246927,0.34653741958477674,
145_2577,0.33327864235737537,0.44723939015488673,
145_2640,0.664095266965705,0.2717900213717563,
145_1878,0.667037308731103,0.28247382100574064,
145_2306,0.5488658428308462,0.5261492787059368,
145_1216,0.43830117780165756,0.4690735600715719,
145_2126,0.3101251023241445,0.5871329093173651,
145_2826,0.7435239483389173,0.29677058895397745,
145_1754,0.812315081546116,0.5359900755484773,
145_1971,0.8192719969353772,0.6145172629521144,
145_1902,0.2894281311477047,0.4233070509050057,
145_1770,0.20007622262619496,0.4192653785005395,
145_1558,0.7540554726483926,0.4929996417437737,
145_2581,0.7194049608697546,0.3728185109564585,
145_1962,0.7107192954089762,0.4014913882848417,
145_1445,0.6880276954861397,0.957195451500253,
145_2444,0.6918723049485734,1.2799609012592192,
145_2867,0.7198532550466744,0.9369770767600986,
145_2760,0.5565689272154387,0.5308550758134385,
145_1525,0.6605650582032185,0.4402720070360866,
145_2704,0.6530280412521796,0.3974119252926278,
145_2492,0.6481154851360873,0.5933931302920162,
145_1543,0.5546507697958021,0.6272471426848338,
145_2304,0.5885557539524513,0.5848312446421519,
145_2664,0.72355311490648,0.3367569570510324,
145_2569,0.6902196808842596,0.3299638230549477,
145_2490,0.7786516372053678,0.640607161980745,
53_1885,0.5554284370919644,0.21183060716328114,
53_1993,0.516400792865698,0.21132513064493824,
53_2539,0.6199271310885177,0.569894261415726,
53_2139,0.1850266910030267,0.5859375917033363,
53_2631,0.354128067345876,0.6703228843617727,
53_1248,0.508215948562083,0.6571487889979585,
53_1778,0.3876150544666499,0.38617553411902716,
53_1062,0.33322814052353955,0.27012028643857405,
53_2707,0.41902725201966884,0.28621810061893943,
53_1207,0.6163730929279644,0.6907096452769956,
53_1230,0.5434776447296508,0.7904568598470899,
53_2322,0.6804303914984546,0.6255770046171346,
53_2290,0.8048967259490546,0.3624939182828042,
53_1727,0.8317956461883544,0.42462651108209004,
53_1109,0.7214019330057492,0.29441272408928426,
53_1571,0.301085281480603,0.655801912535759,
53_2956,0.06586806914225796,0.5115017930072512,
53_2104,0.5627099715878231,0.3258519000907116,
53_2577,0.5770723169664727,0.39091729681519966,
53_2640,0.6675760389248899,0.47564156220432596,
53_1878,0.507244866948021,0.5639398715911677,
53_2306,0.4795890696287295,0.5446630303250266,
53_1216,0.2850112488191249,0.536694980117038,
53_2126,0.2693260333213219,0.5049571775158909,
53_2826,0.6928003840622236,0.28771673485939003,
53_1754,0.7835791331402218,0.469869428020299,
53_1971,0.8481162122967265,0.7172946255285889,
53_1198,0.1984269121838539,0.4048703322030066,
53_1311,0.21609933213335986,0.47712243574192015,
53_1803,0.3262952165424782,0.25754726045288867,
53_1438,0.354603864430322,0.5598364292812242,
53_2494,0.37448245526847546,0.529328307903463,
53_1847,0.4397718994287738,0.48995276476111915,
53_1558,0.675964684753775,0.6960341728731513,
53_2581,0.6615801647588104,0.7624948158724911,
53_1962,0.7014041028407585,0.4875645190479842,
53_1445,0.7364053015842367,0.8336981245197473,
53_2444,0.7532834911026134,0.6914429034199735,
53_2867,0.6869806998505978,0.7393259302011093,
53_2760,0.3656906227158391,0.5815527543508977,
53_1525,0.5279113703486626,0.39300674477220987,
53_2704,0.4532278196483165,0.5052446987425324,
53_2492,0.4080265607864695,0.6445506057033146,
53_1543,0.32551443230265564,0.5027157734605366,
53_2304,0.37029574454126646,0.5497882705939671,
53_2664,0.6809307266788319,0.3053626754451797,
53_2569,0.7300936708217383,0.41957290964044386,
53_2490,0.7957270560711215,0.5491630581612014,
72_1885,0.5196473811380713,0.22808988689586598,
72_1993,0.5156717234211323,0.25540348805021496,
72_2539,0.6942060256583011,0.35467491591833766,
72_2139,0.21867053649851576,0.40385461446684784,
72_2631,0.4274280589372824,0.6457122974189984,
72_1248,0.4648056477371135,0.6143722958990632,
72_1778,0.41619714371280814,0.3576268472147488,
72_1062,0.31046610970912614,0.28740236707002276,
72_2707,0.45447897380374214,0.2935658618184365,
72_1207,0.6720183812370827,0.7084258623734927,
72_1230,0.5715650240666441,0.7982202563944609,
72_2322,0.733461546388012,0.5996976228022136,
72_2290,0.7318594379674132,0.45688885510249133,
72_1727,0.8346826922177524,0.32077508762511314,
72_1109,0.7839872589342618,0.2620667825250315,
72_1571,0.34139989323958575,0.6002992201122009,
72_2577,0.2948805641723712,0.5957232549177234,
72_2640,0.7253768956448006,0.6599993042060549,
72_1878,0.740966485677319,0.7763037379197992,
72_2306,0.5929431816642403,0.5291885923171692,
72_1216,0.3453449563322043,0.5581892291974226,
72_2126,0.2476068322067576,0.5466841427609911,
72_2826,0.6947238932322177,0.278612233330117,
72_1754,0.695519395035642,0.748689129070876,
72_1971,0.8701418287187128,0.8060335659643623,
72_1902,0.30106536370055925,0.3417187321758028,
72_1770,0.3965794672599463,0.31095221586042804,
72_1311,0.4623964557066881,0.6455329225883446,
72_1803,0.44164743558133934,0.3425192331550339,
72_1438,0.5554561442871924,0.5481284749798594,
72_1847,0.4799084180738312,0.4854578563514173,
72_1558,0.66921913733343,0.8754301431297986,
72_2581,0.6829187249495202,0.6081375649693745,
72_1962,0.6956549880178751,0.533149061981021,
72_1445,0.7431592655288106,1.1330820647144078,
72_2444,0.7434785942553652,1.2132815160111239,
72_2867,0.7330485730216318,0.9374143738454207,
72_2760,0.5339904599896668,1.1079145832877821,
72_1525,0.4506976659845784,0.5001084160357218,
72_2492,0.35676671665559656,0.5822463463438893,
72_1543,0.3676103086336704,0.5250965386203845,
72_2664,0.6033650261470429,0.3115338751457557,
72_2569,0.6616249282515148,0.42599237912569055,
72_2490,0.8188667317611797,0.5797407972744483,
67_1885,0.5494855912727719,0.10612151583960859,
67_1993,0.5789320797117814,0.14378915342947016,
67_2539,0.8018347155730319,0.22463010608349515,
67_2139,0.2107211565408902,0.4732659576188329,
67_2631,0.5008170632359258,0.5892255658756845,
67_1248,0.6486058448926255,0.68741002088502,
67_1778,0.3826934111897152,0.22597241062799925,
67_1062,0.3606787747876029,0.21180669901142013,
67_2707,0.3906236759123646,0.21609708472850017,
67_1207,0.7010232911699706,0.5289849445835354,
67_1230,0.7015877986742507,0.6796959399262532,
67_2322,0.7614879767310203,0.4067848064200659,
67_2290,0.8271172897460154,0.30260083312810354,
67_1727,0.8815278114520824,0.2939562434893809,
67_1109,0.7669295559640439,0.2581672811000397,
67_1571,0.696963831928133,0.4204634501880576,
67_2956,0.7187312109377688,0.3807518558731759,
67_2104,0.6679727712355867,0.6222767067047277,
67_2577,0.44226224507589473,0.2283725759545537,
67_2640,0.7320457833262254,0.21738845064706974,
67_1878,0.5814892602980322,0.3243125733203894,
67_2306,0.5680840888948115,0.7684867595538353,
67_1216,0.29623040890133456,0.5485073164030572,
67_2126,0.26375870625163367,0.560160066950719,
67_2826,0.7899079242272938,0.21849822600268562,
67_1754,0.8027444198775162,0.4730412998822187,
67_1971,0.7628693960802744,0.6739393355691987,
67_1902,0.23754038405598366,0.5810334945125337,
67_1247,0.23006040025036145,0.480810802435171,
67_1770,0.26979502423519697,0.45762595179199894,
67_1198,0.4123667542573527,0.4324034480950045,
67_1311,0.4909945079059477,0.22249976570922386,
67_1803,0.420555590125667,0.18337659697707792,
67_1438,0.5000732421464705,0.34435546094673786,
67_2494,0.42256215491288707,0.480198092619404,
67_1847,0.47765213223692604,0.5437762412448905,
67_1558,0.7097716592470611,0.6202081657461336,
67_2581,0.7069196844351049,0.4195843590161787,
67_1962,0.8123082948167886,0.27610698619699564,
67_1445,0.7746285621036375,0.6547247217205248,
67_2444,0.822423371013693,0.5506786459292873,
67_2867,0.8205017241537212,0.5996126789116627,
67_2760,0.5170882726744392,0.3052597699991736,
67_1525,0.597754742082104,0.19046335110008553,
67_2704,0.647310733045896,0.22022946557885478,
67_2492,0.5980792635239417,0.7150060782358576,
67_1543,0.5873360567369605,0.44171976436918003,
67_2304,0.3916644065262228,0.5959731935999161,
67_2664,0.7611972240648264,0.262621802236516,
67_2569,0.7975528297403366,0.2631959417357207,
67_2490,0.8773165289162775,0.321990892687943,
174_1885,0.3482548467722816,0.13544082692319867,
174_1993,0.7271721845304322,0.16183899821643505,
174_2539,0.4809103676570623,0.24693429822755314,
174_2139,0.30343420864526416,0.5708378155599882,
174_2631,0.556161870574658,0.4000991473042748,
174_1248,0.5679715072917442,0.5694358173907026,
174_1778,0.3822073320949496,0.2556566533712541,
174_1062,0.4823132612748896,0.19197945383979764,
174_2707,0.5192874152640784,0.21292355059500181,
174_1207,0.6469002906100004,0.6212839006617782,
174_1230,0.7209942703587856,0.6119736027329719,
174_2322,0.7447407185824819,0.3842732958151437,
174_2290,0.8317657808306268,0.29773942886934995,
174_1727,0.7629709333208468,0.41039676807128783,
174_1109,0.783753300614894,0.22097329760951093,
174_1571,0.4597000867456479,0.48281219051332147,
174_2956,0.6609785307572527,0.6039400983920279,
174_2104,0.5579269811302447,0.586132510694885,
174_2577,0.4412883692035512,0.3512898011619948,
174_2640,0.7447087986908966,0.27274609566528446,
174_1878,0.6503938838803829,0.3185673231268122,
174_2306,0.6661160966593747,0.6090868254367927,
174_1216,0.24378544485717313,0.7087120851302003,
174_2126,0.3263738706750692,0.6588521612125209,
174_2826,0.8070209267917696,0.22342781859286115,
174_1754,0.7861064509597389,0.42956020880477064,
174_1971,0.8449172121589703,0.6202034659138852,
174_1902,0.2371860179992894,0.5758556117429633,
174_1247,0.25812766126722675,0.6231187898257105,
174_1770,0.2104327794995643,0.5282469766410346,
174_1198,0.381869914014909,0.575791587399573,
174_1311,0.28073757239786334,0.37056327207258916,
174_1803,0.4021366484597455,0.4622346140371642,
174_1438,0.49924584558014085,0.3165677786757628,
174_2494,0.34206596780096055,0.3750956140993625,
174_1847,0.43940038280551874,0.5996795277635578,
174_1558,0.7604263396765107,0.5852253070622954,
174_2581,0.7769264882462509,0.3628198786748777,
174_1962,0.8232076669081638,0.2961116138968593,
174_1445,0.7787592053869459,0.7039281547952664,
174_2867,0.7188677552690912,0.8957003044712081,
174_2760,0.6220546222949864,0.44493373804784964,
174_1525,0.5396027210358701,0.3086390045668958,
174_2704,0.5894085511823735,0.3024942289462872,
174_2492,0.5556292445859081,0.6455089035241205,
174_1543,0.4615105265801013,0.48374470802114283,
174_2304,0.3649927928243527,0.5976285723961063,
174_2664,0.8128640044186685,0.22998987058533749,
174_2569,0.8612568226067473,0.28826777633441875,
174_2490,0.8752428496174918,0.300734097406274,
29_1885,0.6661551320658574,0.22724507848033995,
29_1993,0.5837880616715527,0.2545245323356517,
29_2539,0.5661018756563405,0.4792106476015056,
29_2139,0.26695720939260403,0.5487108077043845,
29_2631,0.5579587552001839,0.6429534420519553,
29_1248,0.6520357605815377,0.7583575457946714,
29_1778,0.36299803969933697,0.39926867577646785,
29_1062,0.5500120602097587,0.2528358437229257,
29_2707,0.1798381944826426,0.2448500899272863,
29_1207,0.6010666273418972,0.4300009347233947,
29_1230,0.4680402093781201,0.6054896145876068,
29_2322,0.5366170824539822,0.47464053508044857,
29_2290,0.8077023512065438,0.2688804207018984,
29_1727,0.7064345893479131,0.48021095443261114,
29_1109,0.6394481736877864,0.3486967362133348,
29_2956,0.24068242249175265,0.32039837429514667,
29_2104,0.4912205772046153,0.42466475598706066,
29_2640,0.5056783852699018,0.6179802606926158,
29_1216,0.6326280864474181,0.6882226703978601,
29_2126,0.38559494763227165,0.499750437130855,
29_2826,0.6238896817605495,0.4208544851092548,
29_1754,0.7678740982741792,0.31815206937459295,
29_1971,0.7897054187465705,0.48415278804824613,
29_1770,0.30285472976220906,0.2838631827452572,
29_1558,0.6930633596854732,0.509154988628969,
29_2581,0.7137655939980229,0.4038240320780993,
29_1962,0.7286328392242178,0.3201053838173783,
29_2760,0.4890483842809319,0.5761371326513828,
29_2704,0.5314640496639481,0.5638275420874818,
29_2492,0.6512911146079492,0.6816540779769963,
29_1543,0.5589564513083181,0.5570194524712453,
29_2304,0.6798330832775925,0.5806905034428829,
29_2664,0.643418040843563,0.27540644643464024,
29_2569,0.7676392735906512,0.293898298126617,
29_2490,0.7249604606576225,0.5165595708639282,
77_1885,0.5658890754819035,0.3234945388170206,
77_1993,0.3997015723644356,0.31995890003798827,
77_2539,0.3224560140881877,0.4630240320647608,
77_2631,0.5331181122717562,0.5019347626374734,
77_1248,0.4526629940057778,0.7368630426522866,
77_1778,0.4016307451876492,0.45007232912811707,
77_1062,0.36549753040391453,0.2622092304039639,
77_2707,0.4758078952465816,0.29354036852110565,
77_1207,0.4458294707586813,0.5135044647626197,
77_1230,0.3654854358953392,0.7039064389804756,
77_2322,0.2666836278024969,0.6723945244396184,
77_2290,0.7821158808648088,0.4128844357434354,
77_1727,0.6084564703190591,0.445917138064562,
77_1109,0.684221622762514,0.4218873407701713,
77_2640,0.7543051900481591,0.5173748860904217,
77_1878,0.7094818870609287,0.48189472550194073,
77_1216,0.41055329218849645,0.5626394506722859,
77_2126,0.27365115143634977,0.5033927131238991,
77_2826,0.46829943457034773,0.3722748139329327,
77_1754,0.6910867915702004,0.378690109837376,
77_1971,0.7739142868607377,0.4814866378966693,
77_1247,0.3391324537985453,0.3801094845632638,
77_1770,0.3668476818272748,0.26699295437221165,
77_1558,0.599217196630881,0.5663982979150365,
77_2581,0.6718928218294518,0.4912902573169282,
77_1962,0.6550272071279952,0.39085715946493865,
77_1445,0.6741553837382288,0.7142326551266925,
77_2444,0.5616923094264106,0.7571699699182368,
77_2867,0.6934795672231574,0.5414301053796102,
77_2760,0.32149075322371834,0.6393855036622753,
77_1525,0.3831361041417777,0.4601479113973946,
77_2704,0.38412811316991224,0.6267132548979926,
77_2492,0.6553644031736189,0.5376306668538691,
77_1543,0.47386622985937776,0.5633531312818415,
77_2304,0.5485630314770076,0.5673635874911239,
77_2664,0.5739646850360107,0.31427559883382283,
77_2569,0.5743488213262544,0.316200393360111,
77_2490,0.771069005589725,0.5698525280624103,
41_1885,0.25734687813316615,0.47301663563701934,
41_1993,0.298267127640496,0.4901172647714776,
41_2539,0.3118058707699487,0.6652610748123463,
41_1778,0.19257200563317967,0.5959189269026598,
41_1062,0.2530613334916705,0.510126049388534,
41_2707,0.24740450114495194,0.5458971469335335,
41_1230,0.339993149050431,0.8983766180339602,
41_2322,0.364109825593526,0.7209469699196759,
41_2290,0.6430025876153025,0.6304326476242339,
41_1727,0.5308168542417273,0.45575573552948817,
41_1109,0.5121691776299646,0.3944124786683706,
41_2577,0.4985594098583682,0.3746666033141054,
41_2640,0.3237589179599559,0.4757496215519926,
41_1878,0.8615010198905765,0.18747946800815884,
41_2306,0.26857735607990607,0.5096660176476687,
41_1216,0.5653144929939289,0.4853167522382713,
41_2126,0.3246382978971144,0.3026067868388251,
41_2826,0.17317153091297488,0.5337705187859717,
41_1754,0.7287627643722656,0.8205569208248116,
41_1971,0.8134539476054601,1.2358138727022072,
41_1558,0.4032766964215728,0.9460436749902924,
41_2581,0.40892352051352276,0.6818776079912906,
41_1962,0.4369099385704951,0.7563333162530651,
41_2760,0.33279478679466457,0.5373132156521137,
41_1525,0.012323307736813893,0.5257116785817272,
41_2704,0.04944631589339765,0.5472303848470237,
41_1543,0.3442780777880532,0.5827304602743775,
41_2304,0.10593554698864172,0.5498416400623946,
41_2664,0.27491351466374536,0.44518710855202764,
41_2569,0.20253836746031817,0.6684940686010119,
41_2490,0.78477975559343,0.6391998513521814,
30_1885,0.672534130393833,0.14291368000478258,
30_1993,0.780942647038279,0.17317246397957164,
30_2539,0.47069481602222407,0.2289012719457186,
30_2139,0.3084811044795648,0.48552935903057,
30_2631,0.45111679728047605,0.5727250970637872,
30_1778,0.3659956770641083,0.3324666868770251,
30_1062,0.36582609614880435,0.24546413652027996,
30_2707,0.4215225944926747,0.27159732198784214,
30_1207,0.7393337461662876,0.57773954121908,
30_1230,0.7692093020156693,0.6891151502400116,
30_2322,0.6970985812729822,0.44834731968017205,
30_2290,0.7587906112865093,0.37759247249901917,
30_1727,0.9122289218120457,0.2128466663302075,
30_1109,0.767934182368735,0.2646939584877759,
30_2956,0.17421277814212766,0.644598893102095,
30_2577,0.27125493580587723,0.41141160201561683,
30_2640,0.6558003371314873,0.2847344901879976,
30_1878,0.5362491767870303,0.43979059967652645,
30_2306,0.5351726776374384,0.8418886028866924,
30_1216,0.21175451883551877,0.6221318666442087,
30_2126,0.27683730758831415,0.6461448927694291,
30_2826,0.8204525915078764,0.26608015509973854,
30_1754,0.7717037156857185,0.5189682004908877,
30_1971,0.8227177826963804,0.6867053426036152,
30_1902,0.2800646563993133,0.42914768849926427,
30_1247,0.24695955885888254,0.4497835030926966,
30_1770,0.31597948925325703,0.42754920244415595,
30_1198,0.2875548264048612,0.4635117062507099,
30_1311,0.39850364104669056,0.43390510772491653,
30_1803,0.4325052063425414,0.4226293447018572,
30_1438,0.5311943668174326,0.40941969930377536,
30_2494,0.31181065676318054,0.46241659231886634,
30_1847,0.33447288935923314,0.5441054594888455,
30_1558,0.7628112018766107,0.6070392192364416,
30_2581,0.7518105053062649,0.47219229833894555,
30_1962,0.808895183411267,0.32926690453470975,
30_1445,0.8207916335657898,0.7941746594467602,
30_2444,0.8092154740967309,0.6866244177687514,
30_2867,0.7547150619600679,0.593915096963223,
30_2760,0.48290841309864485,0.6232635941566897,
30_1525,0.5899624801027048,0.34698898946811396,
30_2704,0.5611059002010682,0.628651608541385,
30_2492,0.5437666293977608,0.6255059712503125,
30_1543,0.520201505325327,0.5082316680708898,
30_2304,0.46338602777898286,0.6389123569687982,
30_2664,0.7269002270697102,0.39690645023519466,
30_2569,0.8299377748016754,0.3140529329016702,
30_2490,0.8498005820188932,0.3926773281812873,
76_1885,0.48789817516577116,0.17282397625436918,
76_1993,0.7408692609841837,0.41888050867886234,
76_2539,0.5113088235031857,0.5167314481264237,
76_2631,0.4518923346298649,0.6057907688722384,
76_1248,0.458530446101446,0.5089698185307364,
76_1778,0.43297783283594016,0.28236956661811174,
76_1062,0.5439334764066353,0.23440483968143,
76_2707,0.2515915918699996,0.20952915065240432,
76_1207,0.5603278024751508,0.9802311873206297,
76_1230,0.6732096676212898,0.6720643433925313,
76_2322,0.5848885688835466,0.6744601123125292,
76_2290,0.7317080059157679,0.3204810021149823,
76_1727,0.8257885841346373,0.34570287872023764,
76_1109,0.6382631012405089,0.265116903810057,
76_2577,0.4399754380862607,0.5928588498224889,
76_2640,0.6331490628158025,0.5739583943906656,
76_1878,0.5702926251711136,0.5886356746603592,
76_2306,0.2945753148343516,0.7246687818789038,
76_2126,0.21257402808982906,0.6460530723971799,
76_2826,0.6017863612333403,0.3269086654343757,
76_1754,0.7384177453603509,0.5725679522917579,
76_1971,0.8409161830556038,0.7797381456843981,
76_1247,0.32199260420446907,0.2650744972832403,
76_1770,0.20999751927814947,0.47277499010079316,
76_1198,0.4616321929495505,0.5839902135348243,
76_1311,0.5121087957395682,0.505690567244295,
76_1803,0.6584847458751244,0.37968919978776017,
76_1438,0.34669836870731496,0.5462970060718675,
76_2494,0.4036968297100515,0.31667984112069425,
76_1847,0.3502068401296995,0.5592896512399058,
76_1558,0.7122322803053092,0.5426611335729337,
76_2581,0.7556095729552131,0.39657619736235905,
76_1962,0.7020702138806321,0.427006718044772,
76_1445,0.641217890242707,1.0811404488084706,
76_2444,0.6914603814249409,1.4094380241644797,
76_2867,0.6116680852517082,0.7968534897535977,
76_2760,0.5071586469709526,0.7870153039494202,
76_1525,0.5997733892852521,0.2799255507026506,
76_2704,0.4878967949177061,0.42360062367106177,
76_1543,0.3122293200701106,0.5782363480028788,
76_2304,0.4787654804420013,0.4926901809130757,
76_2664,0.5196967467482078,0.5221155942360084,
76_2569,0.530452853850093,0.40240003561578386,
76_2490,0.7595223070637985,0.4345156211323362,
59_1885,0.5593847735780858,0.11750604924650553,
59_1993,0.6820045354345099,0.17833339329103104,
59_2539,0.7161302011166099,0.3270768087054887,
59_2139,0.2487291573071272,0.4930470508738757,
59_2631,0.5418802282494746,0.7970543075271332,
59_1248,0.5054322319200071,0.5799462572742061,
59_1778,0.33353101370133365,0.35017036508912586,
59_1062,0.4211403884109707,0.23279628166545543,
59_2707,0.4675252586687132,0.2499001197538273,
59_1207,0.5896787507768326,0.6963140620995788,
59_1230,0.644697250129838,0.7390387294747807,
59_2322,0.6344947437807096,0.5684100043863943,
59_2290,0.7758890227855706,0.2970579458936306,
59_1727,0.782590294871808,0.28193439428208433,
59_1109,0.757248699075512,0.2398040436870745,
59_1571,0.39247536484686407,0.5221982735845293,
59_2956,0.2889354791275328,0.6537887414628873,
59_2577,0.3984170122498284,0.3912789124411434,
59_2640,0.50289307055177,0.2896535043218743,
59_1878,0.5726515280811824,0.5108798947926617,
59_2306,0.7323413345236103,0.5287800335011666,
59_1216,0.22347317506816067,0.5600284397798454,
59_2126,0.245519668681364,0.5968049681843204,
59_2826,0.786808941050487,0.34647832053156596,
59_1754,0.8049705416704618,0.4407406574884363,
59_1971,0.8353109480723503,0.5173913864341401,
59_1902,0.2259249311243242,0.5341586993929628,
59_1247,0.28123724258737015,0.5217028266002277,
59_1198,0.3788194340682587,0.35167032575701773,
59_1311,0.4482733857503738,0.24171002294408186,
59_1803,0.31489419391419005,0.24363139090034633,
59_1438,0.44892929320146646,0.6010138769216089,
59_2494,0.3905859563697919,0.5432409225717694,
59_1847,0.45647797597060835,0.5630256118223903,
59_1558,0.7038092680666702,0.7831217531385347,
59_2581,0.7260802240547146,0.48720026708134173,
59_1962,0.7450564261374388,0.35019645670787286,
59_1445,0.8045285886610084,0.48935032371113707,
59_2867,0.7825329402329654,0.6314526748696008,
59_2760,0.5525120868235606,0.28436835221874135,
59_1525,0.6038668050114324,0.21074991200447127,
59_2704,0.5456068777666451,0.26146990118290825,
59_2492,0.44295001083368957,0.6819132945314844,
59_1543,0.3866203222457547,0.5964137521996893,
59_2304,0.4592771068183005,0.6038310407555074,
59_2664,0.7710538881035992,0.30055614733668334,
59_2569,0.7979241472324866,0.3644395931810184,
59_2490,0.819633558153063,0.5084516602698015,
88_1885,0.6341931237902065,0.27786640287676256,
88_1993,0.605174647312088,0.3600410893426349,
88_2539,0.9186740392326584,0.5342999314708299,
88_2139,0.38526325455760146,0.5991891991658751,
88_2631,0.6639174720071856,0.5669251996900402,
88_1248,0.6445141084710138,0.9078264332653105,
88_1778,0.3294157364676007,0.4959079194342775,
88_1062,0.34617145868359134,0.2445735537646729,
88_2707,0.3190297259819267,0.3612733678589564,
88_1207,0.4635653831313836,0.41896310230431705,
88_1230,0.48811319971675304,0.3616255770080384,
88_2322,0.4625202057620207,0.4553674413387417,
88_2290,0.7762413359816044,0.3973842396103566,
88_1727,0.8241320823782808,0.5937173479460551,
88_1109,0.7007990896164479,0.3363975612578021,
88_1571,0.2048619291217737,0.570122072947229,
88_2956,0.0605354516256994,0.42570295499211225,
88_2104,0.07354375212259445,0.5025165241516075,
88_2640,0.4882644845119368,0.5363375165070424,
88_1878,0.5653275051904119,0.4739170383184061,
88_2306,0.4571260928496642,0.6798181635069507,
88_1216,0.43867240913120575,0.6870333763854324,
88_2126,0.2757316371841201,0.6738124440597651,
88_2826,0.5633893693510461,0.48409000791143186,
88_1754,0.7501380275578066,0.8885558607577139,
88_1971,0.7229249012544645,0.5319626038070294,
88_1770,0.2853591995395105,0.31402658066587963,
88_1558,0.699528290924605,0.6139718304522217,
88_2581,0.6853280097194329,0.3818888115825233,
88_1962,0.72301247953514,0.4077997616385854,
88_1445,0.6537985994562172,0.7099389945285217,
88_2867,0.6471747023455188,0.6077488670921182,
88_2760,0.3167629642746379,0.7042853764753503,
88_1525,0.32697911230594834,0.524093987837612,
88_2704,0.6240390416776327,0.49472164616694814,
88_2492,0.6524681467534561,0.6415526644082353,
88_1543,0.5306799120430319,0.6391272384934902,
88_2304,0.6410321080727789,0.634304225686973,
88_2664,0.6352892698827899,0.30173048016316567,
88_2569,0.7784669844152976,0.22811996983601962,
88_2490,0.800729231174191,0.5406020342519736,
143_1885,0.6660066504012283,0.22513855505231592,
143_1993,0.6660284852427475,0.2776788023262878,
143_2539,0.40163584679127673,0.4795828451175187,
143_2139,0.3017445756644196,0.5009176162313393,
143_2631,0.4185799158825355,0.7198082677574874,
143_1248,0.382212131652201,0.5335354270784654,
143_1778,0.39345616845148945,0.3527150718251455,
143_1062,0.2491458574405574,0.4475947505625858,
143_2707,0.3016755411398768,0.2795481465849872,
143_1207,0.3338227771314146,0.544423815955323,
143_1230,0.4085257558925087,0.6161865597066833,
143_2322,0.46779377269886,0.6235666769318841,
143_2290,0.8217016355295736,0.21579949519533959,
143_1727,0.876935355768854,0.23934056345472057,
143_1109,0.5904922801081418,0.269450955626507,
143_1571,0.5998309264536581,0.5637061174389336,
143_2956,0.6668060799882647,0.7085066574952492,
143_2104,0.4903755525773721,0.5881186725100163,
143_2577,0.2609674920926872,0.3273145824445615,
143_2640,0.7146040808160823,0.2530386777182934,
143_1878,0.6055756763270315,0.21100104283392057,
143_2306,0.6010793213134312,0.5777874600212701,
143_1216,0.18566352684981435,0.5629611160229266,
143_2826,0.6906334835627435,0.241717736373376,
143_1754,0.6087924443065762,0.4165820874769844,
143_1971,0.5684737142423947,0.49681536860319664,
143_1902,0.24381682515167125,0.47487704790996743,
143_1247,0.2972764152167724,0.5538278264296086,
143_1770,0.21289812047897805,0.36729637838043694,
143_1558,0.6278084817252003,0.514723388203831,
143_2581,0.584170745483974,0.6158133760302374,
143_1962,0.6022277793083595,0.44481514086960616,
143_1445,0.7360075091215351,0.6900444633146134,
143_2867,0.6936844422210839,0.6121451948875223,
143_2760,0.5467789239781295,0.36103421441319966,
143_1525,0.4250608368388771,0.322184653363393,
143_2704,0.5240837954312414,0.3155030349704222,
143_2492,0.44048199210511607,0.6758695318822234,
143_1543,0.39842147241046977,0.6195609959719252,
143_2664,0.6346026799278509,0.2160187731633519,
143_2569,0.49366974790811735,0.2641680649682057,
143_2490,0.8262233575652377,0.3239404295600244,
58_1885,0.5192676972689317,0.2822138392955771,
58_1993,0.49471912136972784,0.39897405027151883,
58_2539,0.5375679551402919,0.6116188550261972,
58_2139,0.15730721074699872,0.5850974057188503,
58_2631,0.5887501347327393,0.44074209693896954,
58_1248,0.5809086344715466,0.5662670395934518,
58_1778,0.46061441247017765,0.3493243470372594,
58_1062,0.4221595729006984,0.1940040938227159,
58_2707,0.3689498773301033,0.23609600103141118,
58_1207,0.5404465455154702,0.36659336838123513,
58_1230,0.5626003746382691,0.47465464439347327,
58_2322,0.5505140549285158,0.4420388425238843,
58_2290,0.8289322763735982,0.3181382116251823,
58_1727,0.8763294691343122,0.3204506532309733,
58_1109,0.6711440360341623,0.36974594274381106,
58_1571,0.33875742839809453,0.4131804444175553,
58_2104,0.23856786557696397,0.5808722467686012,
58_2640,0.5968248075246536,0.48942754991887727,
58_1878,0.43729672635244843,0.4497695988748132,
58_2306,0.5230213746438508,0.5643008211415427,
58_1216,0.43396543248268515,0.5295780990837136,
58_2826,0.6884877737452741,0.43558977970485785,
58_1754,0.7070349510784777,0.6273387734018864,
58_1971,0.7828692963964367,0.9241284976444286,
58_1902,0.70231750026437,0.11348319373369631,
58_1558,0.7392686077255205,0.6423050185897878,
58_2581,0.6073832896156253,0.7529038497308256,
58_1962,0.7414075538635161,0.5128310128052018,
58_1445,0.7507269667964289,1.062461101348447,
58_2867,0.6933430728334526,0.7209642741623676,
58_2760,0.2514780843852339,0.6112502257453992,
58_2492,0.6198827318988855,0.5203232095656507,
58_1543,0.6442166318419653,0.5906466336137567,
58_2304,0.6374342911223219,0.42345482536740037,
58_2664,0.6691579334605631,0.29940054346581524,
58_2569,0.7480631917761769,0.25773074622022996,
58_2490,0.7575113805463949,0.6709145686516773,
10_1885,0.40811309435916043,0.1330250240935014,
10_1993,0.7154306569556941,0.18876608193377922,
10_2539,0.621907924101607,0.21178137247774162,
10_2139,0.3426812371249667,0.5115403698291282,
10_2631,0.6872594617711933,0.3017057602500843,
10_1248,0.6631816551954433,0.5359563850873665,
10_1778,0.4698966551240108,0.24828384455614216,
10_1062,0.4552263026283633,0.19271777209710783,
10_2707,0.6218499545152244,0.19655348975597783,
10_1207,0.6479047477059072,0.5827724328594582,
10_1230,0.6359743717512845,0.8760666648833574,
10_2322,0.678365565784893,0.5768693310955765,
10_2290,0.7420725865484019,0.2604625478302147,
10_1727,0.8770029118943592,0.18915174810722268,
10_1109,0.8199985711883558,0.173012822419757,
10_1571,0.3990546599718403,0.3818844841563802,
10_2956,0.43895461762718035,0.36397834370372223,
10_2104,0.8264951148080925,0.2562653229165668,
10_2577,0.4876231899387744,0.2351766676152553,
10_2640,0.5441397370880738,0.25253680108440213,
10_1878,0.7526384388616735,0.3169473446284665,
10_2306,0.649819561697877,0.7729662791828502,
10_1216,0.3086390641642591,0.43810082555245394,
10_2126,0.4591292810218396,0.6256852306526232,
10_2826,0.7230687323066431,0.21412687134650213,
10_1754,0.7757321624024496,0.34683134418336614,
10_1971,0.8535987008535175,0.4851754570861416,
10_1902,0.2243496910151187,0.5206076078341249,
10_1770,0.34951628236949817,0.6597092241612076,
10_1198,0.42954012825092325,0.3036833675907546,
10_1311,0.5786114275697221,0.220730324717264,
10_1803,0.6008474229562235,0.2446825207865745,
10_1438,0.29154405056550137,0.4741538217884517,
10_2494,0.23458317566542797,0.39848275179399656,
10_1847,0.38629555174243513,0.5398304539833524,
10_1558,0.744833023023478,0.39710436137346405,
10_2581,0.8285689662845239,0.22714740084942717,
10_1962,0.8144776024675692,0.26511889007975203,
10_1445,0.7889293738015167,0.6105340551299375,
10_2444,0.8268556483959075,0.7196612281349464,
10_2867,0.7645954164357245,0.6079109372218611,
10_2760,0.7428709596597776,0.25246772113190075,
10_1525,0.5934847343088709,0.20549372135526628,
10_2704,0.6728093015646167,0.21430406380787956,
10_2492,0.5311197666237266,0.3871870352921997,
10_1543,0.5455569894033634,0.44611586525144925,
10_2304,0.46919751479059635,0.4216413883477037,
10_2664,0.6566883604427056,0.19442726134882338,
10_2569,0.7239405652043278,0.2859068111467055,
10_2490,0.812804546130816,0.3755607669966718,
101_1885,0.47375366775981764,0.1834093183389363,
101_1993,0.6077317457016224,0.23627622016105196,
101_2539,0.5207939096186349,0.3936165495292787,
101_2139,0.2187314953014171,0.4699040895960507,
101_2631,0.466433495678127,0.5082902055224926,
101_1248,0.5174001261656336,0.5338249548509618,
101_1778,0.3884288844611621,0.3081559925559621,
101_1062,0.5581965803902501,0.25518789092584454,
101_2707,0.3057258511724814,0.33168887736123176,
101_1207,0.7342748878924568,0.49534814069615396,
101_1230,0.7152477027385034,0.5747829595927371,
101_2322,0.719827364841774,0.5778944306646658,
101_2290,0.7332045735516641,0.5105791799560753,
101_1727,0.7835153586176284,0.2804398356625326,
101_1109,0.6925071230533015,0.24395831542362062,
101_2577,0.8677299902104689,0.63621592541554,
101_2640,0.7985622785722659,0.6302488540290292,
101_1878,0.5278035626739253,0.6100311670677874,
101_2306,0.47348344698643474,0.5063844930803052,
101_1216,0.2204516919032684,0.5071997760362373,
101_2126,0.15337856264656746,0.5856676217188505,
101_2826,0.4417619575331526,0.3098927980732929,
101_1754,0.7598418810395183,0.5892610606669023,
101_1971,0.8269557513340664,0.6134343304524956,
101_1247,0.3335827100785216,0.35211467665608615,
101_1770,0.30427257639719796,0.402415593827222,
101_1198,0.2739031031786784,0.5866811881606985,
101_1803,0.4688643972589366,0.4624308035808619,
101_1438,0.41084740551725174,0.4361864883130694,
101_2494,0.46798774924390574,0.515820940715093,
101_1847,0.5187284582604513,0.5230694729862319,
101_1558,0.692091990765511,0.6235525762526977,
101_2581,0.6988465705956217,0.5268703706453811,
101_1962,0.727880435032398,0.5780554163501549,
101_2444,0.6874560384637276,1.809647081307033,
101_2867,0.6135912396017227,0.8738400618909496,
101_1525,0.3409138294765556,0.686179144588217,
101_2704,0.3665857387652318,0.5829178144707803,
101_2492,0.4323644271218582,0.4849965251565308,
101_1543,0.4179878498086007,0.5094923360420662,
101_2304,0.361167165665531,0.5863197261616301,
101_2664,0.30744681642550575,0.2911528730012898,
101_2569,0.38532923792798746,0.5252119173933771,
101_2490,0.8297253345906737,0.517020899739459,
80_1885,0.5355916050318498,0.19201201742376017,
80_1993,0.43894632852409,0.21796965155927042,
80_2539,0.6922655484985039,0.32410591334911387,
80_2139,0.29991625172824266,0.49934105055868216,
80_2631,0.6338838597974239,0.9647374860589859,
80_1248,0.6352462057761488,0.9138994560601009,
80_1778,0.3027553259706791,0.41726108699083014,
80_1062,0.36915423623012744,0.2689002091736529,
80_2707,0.5615855039059547,0.28204915371022915,
80_1207,0.7109657923991001,0.7272923473787629,
80_1230,0.6908529776228158,0.746168670291206,
80_2322,0.7139181147079146,0.637758850001811,
80_2290,0.745290091031379,0.6489376401509428,
80_1727,0.8408062822215449,0.38568531513683557,
80_1109,0.75070729838258,0.24124314822112947,
80_2640,0.7320527356872291,0.663840706168837,
80_2306,0.5223571033349044,0.5671745398467166,
80_1216,0.31714075441612877,0.547394077318552,
80_2826,0.6814562137737387,0.239061868995757,
80_1754,0.7609304067867212,0.675726645679931,
80_1971,0.8130387512975841,1.0245961921466589,
80_1770,0.48727207903574843,0.3294731962060423,
80_1198,0.15249838567827467,0.687395590183873,
80_1311,0.3352729911641763,0.4665489423109705,
80_1803,0.2003546669748273,0.4832745679626422,
80_1438,0.5150875702848776,0.6048923945328881,
80_2494,0.4234500785920311,0.5809012638997031,
80_1847,0.7032179918005734,0.5655461438947947,
80_1558,0.7005401027635656,0.8312372513502443,
80_2581,0.7127729808861417,0.6425606843091458,
80_1962,0.705273286442914,0.6978242853910686,
80_1445,0.6385832286782707,1.1474568951478383,
80_2760,0.42147022408282786,1.087215426369908,
80_1525,0.40940040598125627,0.6389606413104958,
80_2704,0.40593933232086943,0.6843471453149498,
80_2492,0.359992246648958,0.5029276877906785,
80_1543,0.2952153231461654,0.560423714454715,
80_2304,0.36137668824509817,0.5332234729416618,
80_2664,0.47728246779325423,0.40018198341128586,
80_2569,0.5793510665205857,0.3656712032362116,
80_2490,0.7845996020473267,0.6589736806451219,
43_1885,0.46670401125932903,0.11439965698398424,
43_1993,0.7597820137723095,0.16703242477070962,
43_2539,0.6634222493231043,0.19684671630035613,
43_2139,0.41661263143348126,0.49953933889824365,
43_2631,0.6708280637381974,0.6500331031151759,
43_1248,0.7693017224169202,0.37454395083727854,
43_1778,0.3419216287979673,0.2716321505890875,
43_1062,0.49019329711053217,0.22159318209851037,
43_2707,0.4833520911530568,0.22629713503486515,
43_1207,0.7497971519642992,0.6105791781774051,
43_1230,0.689839003488632,0.6389648682493889,
43_2322,0.7405396986489174,0.5483990256324487,
43_2290,0.7676680050917439,0.49629234595718713,
43_1727,0.8591402000781556,0.3375232886037945,
43_1109,0.781893466457104,0.25252958231423367,
43_1571,0.6350831363166287,0.5940781281915976,
43_2104,0.4478356494083573,0.598540014278012,
43_2577,0.461940005200585,0.47721996169969666,
43_2640,0.8115619748173553,0.26056037436379187,
43_1878,0.7969150100676159,0.41691284963046843,
43_2306,0.5854338742272615,0.7623307269353412,
43_1216,0.3721839387006278,0.42065920826090347,
43_2126,0.32902012881913867,0.6254723171161676,
43_2826,0.7738941793164801,0.2554272513482511,
43_1754,0.7920628114997547,0.6452417107939946,
43_1971,0.7854941887102806,1.092399272344135,
43_1902,0.20714612954906286,0.5127099678072163,
43_1247,0.26578682847754764,0.55822604100684,
43_1770,0.4449774899691643,0.46662497725543023,
43_1198,0.38104362591322716,0.23308662765652094,
43_1311,0.2911159183132077,0.15701515092940987,
43_1803,0.45731041210863455,0.16565511634167726,
43_1438,0.7382704678477068,0.4140035168262748,
43_2494,0.4350283179796537,0.3352549151438161,
43_1847,0.6543572895902754,0.4946001958499641,
43_1558,0.7439914789886094,0.49424726721220746,
43_2581,0.7622459251665373,0.391016440175362,
43_1962,0.7761162054771921,0.3571829451518003,
43_2444,0.7581988192747103,1.0688411163361606,
43_2867,0.8129307644714716,0.7122240283481329,
43_2760,0.7115266748168239,0.32581641164184133,
43_1525,0.7036790407268494,0.16570085036125654,
43_2704,0.7149229554015928,0.24874816233616973,
43_2492,0.603839105627429,0.6592666531535125,
43_1543,0.6968496317794421,0.3808671752586649,
43_2304,0.6738455587126235,0.46593347583221933,
43_2664,0.8405589667629567,0.24431466785675457,
43_2569,0.8436587867565792,0.2689314822358239,
43_2490,0.8412839345797574,0.5353777289950693,
65_1885,0.5159443892151323,0.15290788523868618,
65_1993,0.5190954811833242,0.17011140711793823,
65_2539,0.7152708696845874,0.3509180252841854,
65_2139,0.3674862954037159,0.5058469727618737,
65_2631,0.5652728470293726,0.4172084986210102,
65_1248,0.5201051385900266,0.6896221756231614,
65_1778,0.40306387877989913,0.34110660686485633,
65_1062,0.2441488334941232,0.23334229558994754,
65_2707,0.5782818194814598,0.2078731045592505,
65_1207,0.521482918046478,0.4463035302815846,
65_1230,0.5048072964200818,0.45220881205140917,
65_2322,0.6675204134468244,0.3565471173179181,
65_2290,0.8183024612625374,0.22253942248838285,
65_1727,0.8525097500000989,0.23290708879976327,
65_1109,0.6587357063358885,0.2589783982217815,
65_1571,0.4693241313565597,0.4574236916947639,
65_2956,0.3488898929715384,0.5966636025462656,
65_2104,0.5424087995516231,0.5353128973409628,
65_2577,0.24700970330542693,0.36616505767939356,
65_2640,0.7035885876691418,0.15345956160710159,
65_1878,0.7009376331654299,0.18641318990237193,
65_2306,0.5933345617142135,0.5921295656456338,
65_1216,0.37004284499381146,0.6133898616977839,
65_2126,0.2403655079959115,0.6695239885998266,
65_2826,0.6899763327273083,0.20901987124569205,
65_1754,0.7367347651511078,0.23889346611131132,
65_1971,0.7899235156711606,0.30459761690007214,
65_1902,0.16912440543767093,0.5168648450895604,
65_1247,0.1801137558857312,0.5982808932688899,
65_1770,0.16945726788841597,0.44367528842887693,
65_1558,0.6496175922028375,0.47599433416175985,
65_2581,0.6680255298629387,0.41020741622374396,
65_1962,0.6956021378004662,0.2385431123375377,
65_1445,0.7466535031729982,0.5694067040285686,
65_2444,0.6833842712426509,0.906771353058276,
65_2867,0.7482730711403685,0.5456094776643462,
65_2760,0.6458972899017812,0.3201673213617426,
65_1525,0.5433252762301974,0.47378864393803405,
65_2704,0.704928844200409,0.4571609015118888,
65_2492,0.5550986861016087,0.6237178971745903,
65_1543,0.57541893922492,0.5462414777008314,
65_2304,0.5388910529826232,0.4973135120789581,
65_2664,0.741056464776179,0.21536558288480592,
65_2569,0.6806127584691077,0.22641936599668408,
65_2490,0.8061199309809932,0.3665907863543329,
39_1885,0.6737978117203038,0.37843223958952227,
39_1993,0.5982103652350488,0.2789464492698284,
39_2539,0.6554723901887753,0.4642567114031752,
39_2139,0.19002738415533582,0.6390618639128988,
39_2631,0.5635471865110556,0.7756237260864192,
39_1248,0.407817802567109,1.9615582743412157,
39_1778,0.373705009938078,0.4324897059168441,
39_1062,0.3380581272632045,0.2414472833924929,
39_2707,0.34370736059093643,0.2786557173969037,
39_1207,0.6117555634445475,0.4809851352955024,
39_1230,0.5317367053122573,0.4957532116345123,
39_2290,0.8183309428488665,0.2995247954959847,
39_1727,0.5772110671224109,0.46713231550048834,
39_1109,0.6297240008095053,0.341896044202044,
39_1571,0.013988849566587969,0.5115119180183626,
39_2640,0.5915824672747505,0.45960616685368455,
39_1878,0.3942675029661311,0.650295552525612,
39_2306,0.42865284397978354,0.7454138801865723,
39_1216,0.5328801669364458,0.5495052235926916,
39_2126,0.3533937765316687,0.4685184977906767,
39_2826,0.42605512299707304,0.45190437203266953,
39_1754,0.6378534481376749,0.3766329183585566,
39_1971,0.7672338602280443,0.5339396095715434,
39_1902,0.4429981841617435,0.25996174405784883,
39_1247,0.2691990742432203,0.3952553978592732,
39_1558,0.755991792935008,0.4811630840171222,
39_2581,0.7474493601634731,0.4825649347797955,
39_1962,0.7861866386015841,0.4032040293192374,
39_2760,0.44826647988315804,0.5254427239594123,
39_2704,0.6010210640491012,0.5398847401314968,
39_2492,0.6511440541184261,0.5487285031534017,
39_1543,0.5745535917215836,0.4179819342515409,
39_2304,0.6050581972944116,0.6049613052775532,
39_2664,0.542988769886285,0.3181749391048918,
39_2569,0.5652803283963688,0.30058606298343116,
39_2490,0.8270140811425793,0.416288157270469,
102_1885,0.7641266609211247,0.3676882448048734,
102_1993,0.7163958263215171,0.26431736259309047,
102_2539,0.5061989787995527,0.6822202953985897,
102_2139,0.24855480538674823,0.37942011019547556,
102_2631,0.6878428373664589,0.45994270047430597,
102_1778,0.42635893010735426,0.3057053373495652,
102_1062,0.3501960677988827,0.2590662470087221,
102_2707,0.41835582827353124,0.30173634950035844,
102_1207,0.4184100448478594,0.38767741195985145,
102_1230,0.5160709277695941,0.3820546905797337,
102_2322,0.4218831616340867,0.3253528154072801,
102_2290,0.7591352633229582,0.459456963235851,
102_1727,0.8493068427512127,0.26504278715051904,
102_1109,0.6360479968978019,0.509729470295547,
102_2640,0.4911004846015138,0.5171674593779014,
102_1878,0.6055439994822028,0.5387836369531386,
102_2126,0.4106166799662567,0.4750631227127929,
102_2826,0.7129477596675708,0.48776939796119867,
102_1754,0.6701720025178041,0.835762115579687,
102_1971,0.7116698593882538,1.2890260872080266,
102_1558,0.714499374226989,0.5291105452787692,
102_2581,0.7415973564048706,0.46670744180220936,
102_1962,0.6800005094766401,0.5211149590106128,
102_1445,0.7319312920799367,1.2935577145852764,
102_2867,0.8995052378538053,0.41736641446809636,
102_2760,0.4414251749146596,0.6291945583943475,
102_2704,0.4920616887481287,0.5734868759237395,
102_1543,0.6221910261415521,0.48106682500580883,
102_2304,0.6212136675697257,0.4819520002878896,
102_2664,0.6176194554895977,0.3612390473290427,
102_2569,0.6943594256215808,0.32156098337761146,
102_2490,0.7886873676129138,0.5493790675735765,
110_1885,0.7061183047108561,0.186261668856123,
110_1993,0.6912890054725453,0.17395178640550282,
110_2539,0.7558980612170885,0.3740769944476526,
110_2139,0.1924095797124432,0.5487209482866602,
110_2631,0.48402052001377005,0.603705188269457,
110_1248,0.48972635714040236,0.6603692312752133,
110_1778,0.2743763812081539,0.27811452472719767,
110_1062,0.4853124445289426,0.1914584207625966,
110_2707,0.4826325640184581,0.22019452994560768,
110_1207,0.6784068275099853,0.3071618276702411,
110_1230,0.5483861029808692,0.25894104904924903,
110_2322,0.548620284413138,0.28440118192029273,
110_2290,0.8256374503536438,0.2836273306697189,
110_1727,0.8578064704979554,0.3120504428555372,
110_1109,0.6180657431293433,0.40451427075046814,
110_1571,0.38495796035467655,0.732459976687426,
110_2956,0.38979101108752723,0.5534328718325947,
110_2104,0.4225759050634228,0.7078609817322941,
110_2577,0.2865165893746593,0.6156142755529822,
110_2640,0.6856925039308469,0.28855227704374575,
110_1878,0.6893416673015753,0.30225850308390995,
110_2306,0.43185318512604487,0.6591078548709065,
110_1216,0.38843699625318073,0.5559941908071966,
110_2126,0.2912767648293606,0.49253176841048335,
110_2826,0.6866642454673193,0.2945576336407032,
110_1754,0.6833808078504799,0.7004119521605621,
110_1971,0.6691623649291571,0.730686141193747,
110_1902,0.2186617597760716,0.4227025016013172,
110_1247,0.29207802164421837,0.5153634167258095,
110_1770,0.33484229529889953,0.3942008507670697,
110_1558,0.77611227329892,0.5073348071969489,
110_2581,0.69126436649194,0.48603921029816527,
110_1962,0.7822721339529196,0.4334430511152702,
110_1445,0.6634071932756477,1.1130618067599132,
110_2444,0.5081409995133278,0.796481325519551,
110_2867,0.5327321683188792,0.9176390028558843,
110_2760,0.5904685893556092,0.5161743570400298,
110_1525,0.5136544505782381,0.6657182886904454,
110_2704,0.5036013255803524,0.4729454872846258,
110_1543,0.5414167502568518,0.5238964145125149,
110_2304,0.587550527282342,0.6376504068876018,
110_2664,0.769893068423966,0.23545197805533466,
110_2569,0.7404848591028435,0.2735429698601444,
110_2490,0.7282675904299627,0.3276182656033508,
132_1885,0.477716460627584,0.1391651741634463,
132_1993,0.6264448969244418,0.19288794430852896,
132_2539,0.661874340841367,0.31350840257473805,
132_2139,0.24237104014122945,0.5308418689597739,
132_2631,0.5184986389808524,0.5916710208579798,
132_1248,0.5372919337157871,0.5916850380403614,
132_1778,0.27838661180703095,0.35137193495081814,
132_1062,0.2721263301745479,0.22990117576668168,
132_2707,0.46642567422579073,0.22724521908972412,
132_1207,0.7027293704201862,0.543725640444539,
132_1230,0.6392718686590069,0.7327378963673782,
132_2322,0.6403659487383424,0.5788755599216684,
132_2290,0.7280278889175407,0.4671819008413138,
132_1727,0.906858592726783,0.3867938868302382,
132_1109,0.7865368689930792,0.23516786581288654,
132_1571,0.6886105002597196,0.5655012277383537,
132_2956,0.6004299142578364,0.5069874350810638,
132_2577,0.3086781902742304,0.3021937227836875,
132_2640,0.8015067781748371,0.32798650677441665,
132_1878,0.7506305510667379,0.39414792002467786,
132_2306,0.6438649209331989,0.5768812944942336,
132_1216,0.3014345748694828,0.5195310337190375,
132_2126,0.31447473989483343,0.6141935609885667,
132_2826,0.7855109744104294,0.2648648427108715,
132_1754,0.667118026156198,0.6021922239001246,
132_1971,0.7647972496431856,0.753668404108799,
132_1902,0.2793337738562851,0.4659321440493073,
132_1247,0.21172236188603843,0.5662890676009849,
132_1770,0.24379443496738495,0.5081599467429307,
132_1198,0.3308983946986507,0.5569273731486132,
132_1311,0.23139377101691128,0.5094496647589596,
132_1803,0.24719447239524495,0.4107695318439644,
132_1438,0.3008197548207865,0.7203879162954465,
132_2494,0.4084764272966004,0.6220692923034564,
132_1847,0.43427247195332386,0.5774991894946216,
132_1558,0.7195077965957783,0.7832486844371396,
132_2581,0.737816705664503,0.5664413374141153,
132_1962,0.7424376227637315,0.36702884691663173,
132_1445,0.7875597815144127,0.4626248306704829,
132_2760,0.6208278077631504,0.44228831189331985,
132_1525,0.45293998817853676,0.5847845568979774,
132_2704,0.5847623842647891,0.2792637273764265,
132_2492,0.4373487649270823,0.5619307905140691,
132_1543,0.30163323184001756,0.593975830367709,
132_2304,0.4011653844127039,0.594778763204769,
132_2664,0.666572819053699,0.36615764734847867,
132_2569,0.8230840785245551,0.511963516064286,
132_2490,0.865465551669807,0.3865449413840573,
23_1885,0.6354537847029307,0.1914513372345033,
23_1993,0.6822556729306528,0.24858485696239516,
23_2539,0.5355684185485511,0.29303615409919825,
23_2139,0.12781973726228424,0.5879186924347863,
23_2631,0.5052726394889739,1.4877575978877349,
23_1778,0.3444528898716175,0.3137974431449353,
23_1062,0.449889660443869,0.37700416943355,
23_2707,0.37059755442345144,0.24959172159055287,
23_1207,0.7238793229320213,0.6919056876704027,
23_1230,0.703700740164656,0.5870025313856271,
23_2322,0.6920390475639456,0.6569394356289625,
23_2290,0.828815357026973,0.36253723399553767,
23_1727,0.8386800046942303,0.29027414208309077,
23_1109,0.8075758746823539,0.21222754261417887,
23_1571,0.5518594299098255,0.42497079196370663,
23_2956,0.29319070074077136,0.5911681321206006,
23_2577,0.6596484919582482,0.6483825187023364,
23_1878,0.751149595017811,0.6654993932092748,
23_2306,0.4469787617602169,0.5662271390991802,
23_1216,0.4524814734519196,0.5325255622710239,
23_2126,0.22024244545798777,0.49267482440089855,
23_2826,0.6748116847388046,0.2725033409070471,
23_1754,0.790634669889083,0.5804429049737898,
23_1971,0.8582233727651157,0.9269354808584711,
23_1902,0.19767435561981883,0.3303254331827941,
23_1770,0.3443835797895335,0.2679913765646792,
23_1198,0.3608063876638018,0.5449860741913495,
23_1311,0.2917047378217573,0.40592790188983074,
23_1803,0.11744004572311217,0.5176103557246406,
23_1438,0.7999084756208737,0.5961119523924934,
23_2494,0.7131642608320911,0.722444618932709,
23_1847,0.7254938168205329,0.7199728791469889,
23_1558,0.7965963571296857,0.7207854545834419,
23_2581,0.6819735435168286,0.5726694128699954,
23_1962,0.7760107555960973,0.5266025057716893,
23_2444,0.7081216189956228,1.3532414380983218,
23_2760,0.5634089084270357,1.058875834923259,
23_1525,0.40472881275013606,0.38776556971538284,
23_2704,0.5625057310530364,0.5577214819898925,
23_2492,0.3676636126084082,0.5896070710591703,
23_1543,0.32981852910448517,0.5139002893458935,
23_2304,0.3939998306716376,0.5141139966425609,
23_2664,0.6945260348881674,0.3556170653998863,
23_2569,0.7436368731429503,0.41115094123274404,
23_2490,0.8731559655172795,0.4528538780430708,
86_1885,0.7008026041158435,0.24516713742534751,
86_1993,0.8641284174029036,0.24289046910972664,
86_2539,0.4578889599537158,0.36464584606432193,
86_2139,0.18428104287930414,0.5939100544634281,
86_2631,0.6175831374281722,0.7026852527284955,
86_1248,0.5876443763925121,0.5920051591513956,
86_1778,0.40521115800434815,0.5036198443562906,
86_1062,0.3600791889905901,0.26901549548334536,
86_2707,0.43997950635382144,0.3165859011878274,
86_1207,0.6199938314396014,0.7153812106450864,
86_1230,0.6037529490652376,0.8685090029031294,
86_2322,0.6348186635661824,0.7833246135616749,
86_2290,0.6315531941831187,0.37859156127394156,
86_1727,0.7926755700385635,0.26513275136191944,
86_1109,0.4617850769515479,0.31511508487281376,
86_2577,0.43162795348992655,0.6388749430705019,
86_2640,0.4863592898125423,0.5575667954337625,
86_1878,0.5680550562824631,0.6531452807348305,
86_2306,0.5317782069592203,0.45030739906414924,
86_1216,0.19729082959806366,0.6001561758051993,
86_2126,0.3398885781608262,0.5136931234201663,
86_2826,0.5179362719108325,0.3077685060012593,
86_1754,0.7051729147349242,0.4559731413498613,
86_1971,0.7705893536570255,0.5119862955192308,
86_1247,0.7718388290170966,0.12225260032502891,
86_1311,0.3954933109807429,0.36656285951669393,
86_1803,0.32987219719104155,0.38907248561456836,
86_1438,0.21198333849069717,0.5934430603025629,
86_2494,0.26291998491511137,0.3941516344906293,
86_1847,0.20933965434658508,0.683142686506379,
86_1558,0.5618438003360211,0.7318542793308399,
86_2581,0.5443132647992512,0.6143579810367596,
86_1962,0.480250762583294,0.5335953011179062,
86_1445,0.572901140816432,1.1072355811642587,
86_2867,0.6766666077475487,0.6638025407628986,
86_2760,0.39492857631199896,0.6199750372433038,
86_1525,0.6198410024812975,0.6045581200811359,
86_2704,0.4006230446126511,0.5688114952803522,
86_2492,0.46346280381522886,0.5033978562298382,
86_1543,0.311144949756487,0.6208857973245211,
86_2304,0.33703934755780296,0.6343773063270247,
86_2664,0.39724156936772126,0.3399191703810362,
86_2569,0.44079599348233156,0.44997971143505383,
86_2490,0.6453867714370831,0.5145434173950301,
68_1885,0.6833919650091365,0.2553885877027834,
68_1993,0.5565619620565018,0.2094946343958637,
68_2539,0.5464380926056891,0.2858257332697113,
68_2139,0.3672849711884094,0.47665829100536394,
68_2631,0.48351124627388264,0.6260217732357274,
68_1778,0.4347166478477189,0.32988309873534516,
68_1062,0.2392349094668378,0.20439447917358186,
68_2707,0.2616347781689303,0.2741045838298684,
68_1207,0.37462115823668374,0.5599393678342123,
68_2322,0.364464014046434,0.5732996976237096,
68_2290,0.8361395030107884,0.24805719739183343,
68_1727,0.8404953173955014,0.3072500098206194,
68_1109,0.5899147090286136,0.2938339368813413,
68_1571,0.8266027270815696,0.48959179411943754,
68_2956,0.29024005070301706,0.5634583703979631,
68_2104,0.26240357979136475,0.7723254221443725,
68_2577,0.2871422347724626,0.38667015070919214,
68_2640,0.6185280923480756,0.1998254898419778,
68_1878,0.618859225016545,0.2217065600216921,
68_2306,0.49906199055051925,0.6647631163417609,
68_1216,0.4182508181502578,0.44589684860973006,
68_2126,0.38392247665603374,0.4064607817546057,
68_2826,0.6649180083512746,0.22378395307415114,
68_1754,0.6643978041872578,0.28690130544415887,
68_1971,0.7164781344659314,0.3656804083479503,
68_1770,0.2935978732187229,0.34649572900555087,
68_1558,0.6318124228203543,0.542432685804888,
68_2581,0.6516189683876609,0.34606519217163595,
68_1962,0.6679143590367764,0.31766071694263437,
68_1445,0.6837424764751825,0.6573422388536505,
68_2867,0.6073869790937821,0.5574739491628679,
68_2760,0.4574750092561922,0.36402014087708034,
68_1525,0.6394969301407891,0.38612583536644174,
68_2704,0.5755428215444227,0.5442244359427402,
68_2492,0.6199589087502722,0.6750466530798845,
68_1543,0.7116289799823303,0.4854276156408258,
68_2304,0.5897682986251449,0.5780644629917888,
68_2664,0.7023034010837816,0.22500878665779855,
68_2569,0.6223823725962565,0.24749561476559828,
68_2490,0.7100161481171707,0.4364404305270356,
51_1885,0.5083972856525907,0.1442458701960583,
51_1993,0.43778909289124857,0.2208931324206766,
51_2539,0.5746684038172027,0.2582762085449018,
51_2139,0.2864472404142071,0.5692595026557667,
51_2631,0.6045766099549139,0.47461095669608244,
51_1248,0.6487090425393198,0.471833895670006,
51_1778,0.36473332372667366,0.34760396791430714,
51_1062,0.2869401388853424,0.24991142561731347,
51_2707,0.5000628829123501,0.22716403048085587,
51_1207,0.7385119338032033,0.7068259281407033,
51_1230,0.6028110148045209,0.8120255827236846,
51_2322,0.7767372283056854,0.4825158479276942,
51_2290,0.8210611840252848,0.38982018932726686,
51_1727,0.8429170466392197,0.35785232280505097,
51_1109,0.7703212377757561,0.20594591881110838,
51_1571,0.642176793570109,0.6351416399836592,
51_2956,0.5999727188489964,0.5130950839610047,
51_2104,0.8000923259443982,0.5442680022982281,
51_2577,0.32706821375770334,0.317925437734037,
51_2640,0.7620406825930973,0.3042218164695465,
51_1878,0.7532805524849424,0.45768949755774313,
51_2306,0.5627264314577438,0.7616580764983677,
51_1216,0.4108492089307402,0.4385620657025126,
51_2126,0.1839237783372184,0.5327122031446179,
51_2826,0.7553043159353483,0.2688674321025566,
51_1754,0.8160473167659156,0.5341313835042454,
51_1971,0.8729739227230146,0.7161486578989836,
51_1902,0.2757386437513183,0.506768904286871,
51_1247,0.29127323073514366,0.5004239185835859,
51_1770,0.29641546263402174,0.5952274608046202,
51_1198,0.31097934781259984,0.5400338409050465,
51_1311,0.26257192025995535,0.35592306503502946,
51_1803,0.17104666127997603,0.3656381190247163,
51_1438,0.5375829615318728,0.4108221156036015,
51_2494,0.37286277273515844,0.3263341388967737,
51_1847,0.41208913804876957,0.5685032718972234,
51_1558,0.7137659069999793,0.8004987282561373,
51_2581,0.7910652123992067,0.5547632407175184,
51_1962,0.7546894759536189,0.40641183021408595,
51_1445,0.7962281399494826,0.7758305287536152,
51_2444,0.8007920458993654,1.0510822323863032,
51_2760,0.5467361347079002,0.43170547231416273,
51_1525,0.7302133248474112,0.18792644300788564,
51_2704,0.781622146713438,0.3530202459054763,
51_2492,0.5876851846579358,0.7020346211592481,
51_1543,0.5487478879853089,0.5122538448376572,
51_2304,0.6112365427224538,0.5898691555164524,
51_2664,0.728212261392234,0.2993481251398195,
51_2569,0.7895691870868182,0.2993902848201913,
51_2490,0.8259130219544528,0.9451985356098247,
61_1885,0.6538486935332894,0.601086657884567,
61_1993,0.6636980518236991,0.1673863007479842,
61_2539,0.7323724280612298,0.24555100203461888,
61_2139,0.2568586109074702,0.5700896055075648,
61_2631,0.46293174314581287,0.516548711442924,
61_1248,0.5425561608709765,0.7256355543395605,
61_1778,0.3034463507030454,0.34947568263598777,
61_1062,0.49589945584135176,0.2379785180617001,
61_2707,0.3891707348594019,0.23267715410048395,
61_1207,0.5370667195304949,0.6698874759705727,
61_1230,0.3794005268779871,0.5053466700867154,
61_2322,0.46162023032886634,0.5002135963638346,
61_2290,0.8744010205362547,0.24921562947497158,
61_1727,0.74442167576028,0.3350393068579471,
61_1109,0.6818579777193194,0.2694333453801753,
61_1571,0.6700514992181781,0.6796120318941918,
61_2104,0.6462935931658402,0.8161753993648388,
61_2577,0.17374467699489027,0.4955059309174227,
61_2640,0.6402412314615318,0.2185877128461712,
61_1878,0.5604213458805514,0.28498851138331793,
61_2306,0.5113436790796024,0.5755530677583222,
61_1216,0.2206336677072842,0.6551044638766941,
61_2126,0.2809474953639667,0.5975149166673229,
61_2826,0.7182691958668576,0.3275825560684566,
61_1754,0.7270683618698748,0.42442883554482086,
61_1971,0.7243050698052977,0.5600043815879548,
61_1902,0.26112611385268425,0.4820510507794438,
61_1247,0.1674103957983768,0.4987665519890854,
61_1770,0.18566362809441372,0.5539140182925371,
61_1558,0.758556260081162,0.37179449240834095,
61_2581,0.6735148776786544,0.44386401543354664,
61_1962,0.611163046220794,0.40131308490218254,
61_1445,0.7258828707478437,0.7972037209869207,
61_2760,0.2903958083641288,0.4680512951263583,
61_1525,0.5473519686395361,0.4505478487395974,
61_2704,0.6405567312257912,0.334622864771323,
61_2492,0.5972211946712741,0.5625014007737617,
61_1543,0.535702599645938,0.47604677101138415,
61_2304,0.5600964922079141,0.46926800323351064,
61_2664,0.6522115795638583,0.27713097283289795,
61_2569,0.665211372052307,0.26006130920048914,
61_2490,0.6428066748562412,0.5202763047682077,
55_1878,0.7235249420283523,0.41429915924485056,
55_2306,0.3758417823848581,0.34287029859399176,
55_2126,0.3043025650078026,0.26651941084036956,
55_1445,0.6710697748286327,0.7369573974774462,
24_2444,0.7495312958157514,0.9061294272536445,
32_1248,0.500162481695857,1.1785878263431238,
32_2306,0.5305409134503355,0.521578652395046,
109_2139,0.2648189825588749,0.601381051609756,
109_1247,0.22719626132355164,0.4656938004916134,
52_2956,0.6471791048112574,0.38371152767541455,
93_2577,0.28792319035778957,0.44230233139438346,
93_1247,0.28741090274267,0.35399574453779714,
93_1770,0.23325168110879846,0.3431269943414444,
186_2126,0.14135510164581078,0.5533094703210616,
186_1525,0.3719022994559038,0.5440310041091928,
186_2492,0.5865847912831385,0.5647091884688038,
146_2126,0.41136698799304805,0.5238868907662361,
146_2867,0.6604009497244379,0.7786295412541997,
57_2139,0.3323621012934804,0.3528399461007921,
57_2631,0.31276552439529137,0.6448138648315301,
57_1445,0.6340700215245685,0.6376342016538133,
149_2139,0.2766631149762805,0.4548440870826268,
149_2490,0.7510282720062279,0.5574844393507512,
89_1770,0.3417501211821963,0.43811037080298965,
89_2304,0.45117621391162543,0.6611903444403099,
124_2577,0.550789508441398,0.48583610441925923,
124_1198,0.2539403983643178,0.5291971991292217,
124_1847,0.4124810556554066,0.4060592789180102,
124_2867,0.6483612538423311,0.8334464246203179,
124_2704,0.48498670000935196,0.44681328434636625,
124_2304,0.4240005181297962,0.40975693636644617,
74_1445,0.5583415006915992,0.8421406075148373,
74_2444,0.6390560332873927,0.8509359969629555,
74_1525,0.16710423062886814,0.5488615916773412,
74_2492,0.423562466678183,0.4979564018233252,
108_2444,0.7906403741347914,0.7411751551740817,
99_1847,0.34186144342659763,0.5834265818360442,
99_2444,0.7708905672971837,1.3807384026067475,
94_2306,0.4192200117542304,0.5954534678369665,
94_1770,0.24422978826416986,0.26219028367610775,
94_2867,0.684330267918867,0.4782603678041028,
94_2304,0.45852173904752347,0.5720447512107778,
91_2631,0.285169471194162,0.5657514464975338,
91_1248,0.19686221683759042,0.5371049861309356,
91_2640,0.5115512446519926,0.28542411521738686,
91_1216,0.8487110096607788,0.17627071898759838,
91_2760,0.5873435966659691,0.36359452990196034,
91_1525,0.04679898087071499,0.26182081056390333,
20_1902,0.32454319807614296,0.4961634572778781,
20_2444,0.7845942047201439,0.7171766670600973,
137_1247,0.15760454329307283,0.5596992220829013,
92_1878,0.7429076891025392,0.5249772078714204,
92_2306,0.598217253174148,0.5073059977944634,
92_1770,0.4806411156341558,0.27604549010073604,
126_1247,0.24964144075670924,0.4222198789319083,
126_1770,0.2831243417710364,0.3628630155391012,
36_1902,0.322737290387461,0.41469077097384066,
162_2139,0.0063163505657125585,0.715833033698909,
162_1902,0.8579313294725347,0.05509502475434672,
162_1770,0.6083971088238984,0.24584829934893496,
162_2444,0.5812255655542835,0.5982869294392391,
162_2304,0.3243917618863468,0.6864903026648405,
75_1247,0.14701017392750748,0.6431563072974026,
177_2492,0.7580127691103912,0.409500678051447,
27_2956,0.4395513110481404,0.6195869454936694,
27_2444,0.7211021707156213,0.9037176714678979,
27_2867,0.7454780129613183,0.7448404170734575,
157_1247,0.3547620287985437,0.4085615966086089,
157_2867,0.6975537467408199,0.6681260829226393,
106_1525,0.6065836157025961,0.5527552299022194,
64_1248,0.5647620223536765,0.6018614669275835,
64_1247,0.23200943157279308,0.4131750567716125,
64_2444,0.6201003594178607,1.0245644316677798,
129_2306,0.4461208061422135,0.8069741713324259,
129_1902,0.3094437802918725,0.46384853194728026,
14_1902,0.53786624032089,0.30443229994243864,
14_2704,0.4639456018824817,0.6037111746723917,
17_1207,0.6059369337947248,0.6563476724211893,
17_2640,0.8196986435464111,0.37400623386063486,
17_2126,0.30081443818978737,0.5381157988993459,
17_1902,0.3575991833123012,0.3380391983136562,
17_2444,0.7889334020138086,0.7934881439904595,
153_1247,0.36888805620743204,0.35066197108621955,
139_1878,0.6606275327840581,0.43421390756325695,
139_2306,0.5417720926228987,0.3512353470399982,
161_1207,0.2675656159394726,0.657558426060406,
161_2126,0.25181409909156016,0.6174235309577653,
161_1445,0.5969886838043137,0.7462352288318957,
161_2444,0.6717424833169796,0.8910896136765036,
161_2867,0.6738845802933435,0.5608365882858797,
26_1902,0.3106822255429683,0.2105263856116122,
26_1445,0.6031322225850186,1.0292996237578622,
26_1525,0.2521199462646009,0.5704297780358971,
73_2577,0.2792468720066914,0.6697409044282928,
73_1902,0.25973429224472555,0.39051792363026727,
73_1770,0.2930883209180396,0.3754869253287626,
73_2867,0.755519689895833,0.5174908090582757,
50_2126,0.20426152704832434,0.6725518386185635,
50_1902,0.12536287580715277,0.49752794884705126,
50_2492,0.6014399632839641,0.5506209546305105,
50_2304,0.3608467035959585,0.6374983995907669,
104_2956,0.21591124212599777,0.7202719185380412,
104_2444,0.7956905299506111,0.8809762471567728,
42_2306,0.5883311532108197,0.6626531328670519,
42_1247,0.27654886249961075,0.531161905610346,
113_1878,0.6215285767736825,0.4803461096716022,
113_1902,0.3614125666922009,0.31816636578093865,
113_1445,0.5047751719920169,0.8510340323774948,
113_2492,0.7769231692498704,0.49028775995101237,
53_1902,0.3524622792398291,0.3418650733643697,
53_1247,0.1853824548150752,0.43519276940969726,
53_1770,0.43934416098038553,0.2567177903002652,
72_2494,0.3489606544329513,0.49282836137370784,
72_2704,0.5052910076059561,0.49020151993367034,
72_2304,0.44824147494203026,0.3646045390470126,
174_2444,0.775380350628854,1.1359650635858667,
29_1571,0.028232530709144554,0.5609290663907047,
29_1878,0.5732250000590782,0.4951337100584223,
29_2306,0.5312597070432794,0.6838349795896498,
29_1445,0.6844848520952642,0.6045194670341982,
77_2139,0.2195240757011957,0.5307828786616774,
77_1571,0.022207621490075824,0.6790398078198371,
77_2306,0.35672726209740435,0.599666362903885,
77_1902,0.36984953614438076,0.3335482945861288,
41_2139,0.04988827477396074,0.5865036575513267,
41_1207,0.43517746625740805,0.8162619213763809,
41_1247,0.9999999999998905,9.087245335153682e-08,
41_1770,0.5609419114822963,0.029504830700920137,
30_1248,0.7244021886552241,0.5286816663430671,
30_1571,0.6477685392414837,0.5298449368369609,
76_2139,0.3895081944023351,0.41568248550766873,
76_1216,0.9999999999999687,1.817484361157436e-07,
59_2444,0.7969124867098933,0.7731645871645226,
88_2577,0.3396078091910042,0.5179033894241655,
88_1902,0.35086134357516474,0.22881131156546908,
88_1247,0.4772109782881613,0.3479733819004797,
88_2444,0.6206084181333691,1.0260264748403587,
143_2126,0.22993294402766018,0.5048615234928319,
143_2444,0.6610854371520957,0.9221078381200408,
143_2304,0.5323230160247352,0.510645535509887,
58_2126,0.33951523094138547,0.6106836053843748,
58_1247,0.6540256472449935,0.21458888188153458,
58_1770,0.35916306770482387,0.30197450668178083,
58_1525,0.5078257245184896,0.4793787200352685,
58_2704,0.49496162999711,0.6183738211121762,
10_1247,0.2807788854403809,0.5097960194473811,
101_1311,0.40136875380162984,0.5063397440870756,
101_1445,0.7125608605265685,1.5934359229852568,
80_2577,0.5624238248452595,0.6801725108314131,
80_1878,0.7291455485722519,0.6620887533679527,
80_1247,0.20135760113550494,0.3718074415822897,
80_2444,0.7417427118397746,1.2390068610570832,
43_2956,0.5161933794968685,0.6324943570940471,
39_2444,0.6706137725842994,0.7299036846012619,
102_1248,0.6192563109718632,0.636728459671924,
102_2306,0.30131619602255777,0.6767908573221546,
102_1216,0.4931497450921345,0.411160863067953,
102_1902,0.528840652161576,0.17551233369820263,
102_1247,0.14872595334536154,0.3493782537370652,
102_1525,0.5319896785290692,0.5906317398242058,
102_2492,0.6339275814237428,0.46717958309543517,
110_2492,0.7170503311156502,0.5599252225097988,
132_2444,0.7327058869235905,0.880802947360096,
132_2867,0.749610152092421,0.8326520041981105,
23_1248,0.5451467959320266,0.6783430211180802,
23_2640,0.7542427446541619,0.5490931952820127,
23_1445,0.8031291491967072,0.8780524506120645,
23_2867,0.659820180973278,0.8981671622019733,
86_1571,0.10255178058996539,0.43783884324699046,
86_2956,0.12014750915192784,0.30115296391674445,
86_1902,0.6035191336563912,0.21828962547875655,
86_1770,0.15913813884712336,0.3607221159543097,
86_1198,0.2409346558048614,0.4491771507382761,
86_2444,0.6450425939125768,1.0406592457252795,
68_1248,0.504378212532788,0.7551195821132266,
68_1230,0.505528070868239,0.5290956958572294,
68_1902,0.18034264469841554,0.39208612001993265,
68_1247,0.25592367904516267,0.5126212834523851,
55_2956,0.4761303051750272,0.49521617148162106,
55_1770,0.9999999999992888,1.4268715290940237e-07,
55_2760,0.41811424661298247,0.5737698400993541,
83_2444,0.7003191695873927,0.7393763336548514,
109_2444,0.7073803811960946,1.0429807261878214,
186_2306,0.3658775825955649,0.5690533328094104,
57_2707,0.37539365932275537,0.31213964416931717,
57_2126,0.33474381492763383,0.39584094267221404,
57_1247,0.7055411628624298,0.1255184562274244,
57_2867,0.3844442418404208,0.6277524449494313,
57_2304,0.4137834913558296,0.4813807622083326,
149_1445,0.6960968510805567,0.7165602799700208,
149_2867,0.5842346842510293,0.5706524634189951,
124_1770,0.3710683845220516,0.316917873920774,
124_1445,0.6317125404175026,0.9161143360923268,
124_2444,0.6436816831337218,1.1246498751057314,
74_1902,0.3746529945930037,0.3089535701827341,
74_2867,0.6636603854765424,0.5231969099034551,
99_2867,0.7365776365518104,1.028366120641574,
94_1445,0.6140297498963181,1.146117972238646,
94_2444,0.6277210974346751,0.9324358296005637,
91_2126,0.648244218083639,0.1479698327178635,
91_1803,0.6365409386265237,0.3081783223506381,
91_1445,0.5959791028210242,0.7989079014461906,
91_2444,0.371944144191393,0.5400769096373503,
91_1543,0.5059334437967038,0.24030576136799656,
91_2304,0.5255287247016107,0.11871449895253255,
137_2444,0.7695377153955749,0.9078642344240702,
92_1247,0.4504058995913065,0.13368158885139175,
92_1445,0.5905268229563669,0.6400464794341839,
92_2444,0.6734950341041996,0.5269356274385102,
126_1902,0.36656285202535477,0.29802810442096134,
162_1445,0.5955414586480857,0.6753517518145539,
162_2867,0.2018603754056868,0.5580072042020632,
162_2704,0.2909217917614595,0.4767064171446365,
177_2867,0.5034195729606392,0.5341253371007672,
106_1902,0.42230029572137706,0.2672610419039628,
106_1247,0.2836189114091672,0.4816944459347469,
64_1770,0.33987800106987787,0.2952331557094365,
129_2867,0.6246167195393251,1.0367706896550635,
14_1445,0.7094316738080785,1.0755005237749335,
17_2867,0.6135600069169427,0.7315142267523561,
153_2444,0.693820696573734,0.8019418639671818,
139_1770,0.999999999999827,9.92267357994281e-08,
139_2444,0.5341663051625982,0.6759911592647442,
139_2867,0.261109866885715,0.3418664921178639,
81_1247,0.15321884313273282,0.45720393483561905,
81_2444,0.6546620791536224,0.9660240214467537,
26_2126,0.25316341439724965,0.4683241713976737,
26_2444,0.5937557733841832,0.7049316129879453,
73_1248,0.4597747900394772,0.7156790742571463,
73_2306,0.5647550629703446,0.5096457870547438,
104_1878,0.7382795082387953,0.5791498989698407,
113_2444,0.6398852515805591,1.0189078455773484,
113_2867,0.5583129968900328,0.7020915605039388,
145_1247,0.23352924063818292,0.42435358982257915,
72_1247,0.3639928120238245,0.27966362875685347,
29_2444,0.5425631455707507,0.9043313810386914,
29_2867,0.7032599431422508,0.39872609221563926,
29_1525,0.5040066049556098,0.4847191145157817,
41_1902,0.7192480714316811,0.15757892800791226,
41_1847,0.13602435368692534,0.266300851609682,
76_1902,0.19752953099206005,0.43124325568953736,
76_2492,0.8304162173413241,0.23072012057960184,
59_1770,0.1286088211392562,0.5563117765821819,
58_2444,0.7648966990644441,1.00305820844055,
101_2760,0.4917379565012209,1.1540181536761278,
80_1571,0.048813745798614194,0.5248311970401868,
80_2956,0.4410645253572262,0.4023408864667048,
80_2104,0.3600073795248617,0.5671604878987522,
80_2126,0.3064495470279206,0.5354892622340643,
80_2867,0.71778877244182,0.7769113373750474,
43_1445,0.7575265467446348,0.890017736896885,
39_2104,0.039820576816803954,0.4185839646639625,
39_1445,0.6274676343678756,0.7978117161240306,
102_2577,0.6135640643389916,0.1350777414052892,
102_2444,0.7454885037783789,0.7630464664030511,
23_1247,0.4331863012873459,0.29717624805650616,
68_2444,0.6528948077247241,0.701436741192235,
51_2867,0.7511406642774368,0.870639139439156,
61_2444,0.6934214779109076,0.7172867367969002,
61_2867,0.5845476168701196,0.6295731092638881,
55_2139,0.19740445004872653,0.37445569038648646,
55_1571,0.12150488527593484,0.37272183810485626,
55_1216,0.16109760741523138,0.3791830033865726,
57_1770,0.8512552124861054,0.014936482433952505,
149_1207,0.3599538636137869,0.49593021629213696,
149_1525,0.3218358520647926,0.5991752649927721,
124_1247,0.40758562458563885,0.2228281166649662,
74_1770,0.39862389444397217,0.3928467793062078,
66_1902,0.19143353505834337,0.44817423319491223,
92_2104,,,"Found array with 0 sample(s) (shape=(0, 4)) while a minimum of 1 is required by StandardScaler."
92_2577,0.9999999999999906,3.17427446162359e-09,
161_1248,0.37911222521951804,0.5849066524087841,
26_2139,0.17841757853019335,0.45163557097163276,
73_1571,,,"Found array with 0 sample(s) (shape=(0, 4)) while a minimum of 1 is required by StandardScaler."
73_2956,,,"Found array with 0 sample(s) (shape=(0, 4)) while a minimum of 1 is required by StandardScaler."
42_2867,0.6385340303116428,0.6797967711689276,
113_1525,0.29672083320568765,0.3738042456586739,
72_2956,0.2670365114761273,0.38106259682673826,
29_1902,0.3666460484991324,0.2883851334098093,
29_1247,0.4293212213368647,0.285830654784256,
41_1438,0.27599950324043776,0.42687844550517823,
58_2577,0.822201820937131,0.2801664921382634,
101_1902,0.24736013368393406,0.3413470174841355,
80_1902,0.20056299289008273,0.28776895038670236,
39_2577,0.3379766027216018,0.43580455290440245,
39_1770,0.36484714069773194,0.32251642641230305,
39_2867,0.5777335980529281,0.42528188263761474,
39_1525,0.42939698212278943,0.42400030874641786,
55_1247,0.9999999999998469,1.332015096748868e-07,
92_2867,0.7910725990881817,0.22309886497190598,
139_2760,0.35486281010707865,0.4158892122590664,
139_1525,0.9999999999996085,2.3725782930145157e-07,
139_2704,0.03663053554349227,0.572693955653626,
77_2577,0.38232184532005686,0.35208712797726766,
186_1902,0.3399990234436583,0.3000337628822467,
57_2306,0.5209194337419321,0.5299183341449929,
92_1525,0.48566996977512067,0.30084413028641815,
162_1525,0.5635645811559902,0.25993335023061503,
177_2577,0.5070369768480543,0.3287355409792438,
161_1770,0.2891428660358768,0.3157266705210113,
113_1247,0.37342279520385513,0.26921160379820597,
149_1902,0.2849718266205772,0.23937476508003686,
92_1230,0.3324148335809419,0.4728106133327718,
162_1247,0.5222584331617635,0.16775117880119986,
102_1770,0.4673864397597537,0.18169704935655168,
55_1902,0.8201344868473459,0.08590499157234661,
74_1247,0.8202758098834041,0.10906530577751444,
139_2577,0.9999999999999956,4.635406500427084e-09,
